text,Rating,Nama RS,text_processed,label,indobert_pred,indobert_score,mismatch
"Alhamdulillah pelayanan di rsdk bagus, perawatnya kalo ganti sift langsung ngenalin sama perawat yang mau ngesift murah senyum ramah walau sedang sibuk2nya. Terimakasih",5,RSU Dadi Keluarga Purwokerto,alhamdulillah layan di rsdk bagus awat kalo ganti sift langsung ngenalin sama awat yang mau ngesift murah senyum ramah walau sedang sibuk2nya terima kasih,Positif,Positif,0.9948,False
"Responsif, efisien👌💯",5,RSU Dadi Keluarga Purwokerto,responsif efisien,Positif,Positif,0.9909,False
"Rumah sakit yang administrasinya ribet luar biasa, dua kali ke RS mau rujuk ke poli gigi zonk. Sekeluarga besar bakal saya black list ini RS",1,RSU Dadi Keluarga Purwokerto,rumah sakit yang administrasi rumit luar biasa dua kali ke rumah sakit mau rujuk ke poliklinik gigi zonk keluarga besar bakal saya black list ini rumah sakit,Negatif,Negatif,0.9932,False
Pengalaman saya melahirkan di RS dadi keluarga dari perawatan IGD sampai ke ruang persalinan sangat bagus hingga perawatan Dede bayi hingga ortu bayi semuanya memuaskan trimakasi RS Dadi keluarga telah marawat saya dan anak saya selama persalinan hingga pulang merawat dengan baik saya ucapkan Terimakasih,5,RSU Dadi Keluarga Purwokerto,alam saya lahir di rumah sakit dadi keluarga dari awat instalasi gawat darurat sampai ke ruang salin sangat bagus hingga awat dede bayi hingga orang tua bayi semua muas trimakasi rumah sakit dadi keluarga telah marawat saya dan anak saya lama salin hingga pulang rawat dengan baik saya ucap terima kasih,Positif,Positif,0.9135,False
"Baik,rumah sakit sangat bagus",5,RSU Dadi Keluarga Purwokerto,baikrumah sakit sangat bagus,Positif,Positif,0.9939,False
"RS nya bagus, mantap",5,RSU Dadi Keluarga Purwokerto,rumah sakit nya bagus sangat baik,Positif,Positif,0.9973,False
Fasilitas terbaik,5,RSU Dadi Keluarga Purwokerto,fasilitas baik,Positif,Positif,0.996,False
"kerennn sii ini rumah sakit dengan pelayanan besttt, mantapplah pokoknya!!!",5,RSU Dadi Keluarga Purwokerto,bagus sii ini rumah sakit dengan layan bagus mantapplah pokok,Positif,Positif,0.9974,False
Pelayanan ramah 👍,5,RSU Dadi Keluarga Purwokerto,layan ramah,Positif,Positif,0.9915,False
Rumah sakit ok,5,RSU Dadi Keluarga Purwokerto,rumah sakit baik,Positif,Positif,0.8564,False
Rumah sakit nya bagus,5,RSU Dadi Keluarga Purwokerto,rumah sakit nya bagus,Positif,Positif,0.9967,False
"rumah sakit nya bagus, dan pelayanan nya sangat ramah",5,RSU Dadi Keluarga Purwokerto,rumah sakit nya bagus dan layan nya sangat ramah,Positif,Positif,0.9975,False
"Pelayanan sangat memuaskan ,bidan nya ramah dan sabar semua,,terimakasih dokter dan para bidan yang sudah membantu merawat anak saya 🤗🤗",5,RSU Dadi Keluarga Purwokerto,layan sangat muas bidan nya ramah dan sabar semuaterimakasih dokter dan para bidan yang sudah bantu rawat anak saya,Positif,Positif,0.9775,False
"Rumah sakit nya komplit lengkap, pelayanannya bagus, service Exelent",5,RSU Dadi Keluarga Purwokerto,rumah sakit nya komplit lengkap layan bagus service exelent,Positif,Positif,0.9969,False
"Pernah dirawat diruang mawar sangat nyaman dan bersih, perawatnya juga ramah sekali🤗☺️",5,RSU Siaga Medika Banyumas,pernah rawat ruang mawar sangat nyaman dan bersih awat juga ramah sekali,Positif,Positif,0.9504,False
Pelayanannya Sangat Ramah dan Istimewa,5,RSU Siaga Medika Banyumas,layan sangat ramah dan istimewa,Positif,Positif,0.9975,False
Alhamdulillah semuanya bagus sangat memuaskan,5,RSU Siaga Medika Banyumas,alhamdulillah semua bagus sangat muas,Positif,Positif,0.9953,False
Pelayanan sangat bagus dan ramah tempat bersih mawar 09 josjis,5,RSU Siaga Medika Banyumas,layan sangat bagus dan ramah tempat bersih mawar 09 josjis,Positif,Positif,0.9964,False
"Terimakasih RSU siaga medika banyumas atas pelayanan nya yg sangat baik, dokter dan perawat yg baik saya dirawat di ruang mawar, ruangnya bersih dan nyamannya 🥰",5,RSU Siaga Medika Banyumas,terima kasih rumah sakit umum siaga medika banyumas atas layan nya yang sangat baik dokter dan awat yang baik saya rawat di ruang mawar ruang bersih dan nyaman,Positif,Positif,0.9906,False
"Alhamdulilah saya lahiran di RS Siaga Medika Bayumas, saya mengucapkan terimakasih atas pelayanan yang diberikan tempatnya bersih dapet ruangan Mawar,perawat dan dokternya ramah saat menjelaskan juga detail👍👍",5,RSU Siaga Medika Banyumas,alhamdulilah saya lahir di rumah sakit siaga medika bayumas saya ucap terima kasih atas layan yang beri tempat bersih dapat ruang mawarperawat dan dokter ramah saat jelas juga detail,Positif,Positif,0.9571,False
Pelayan baik Ruangan nyaman Perawat dan dokter ramah Fasilitasnya bagus,5,RSU Siaga Medika Banyumas,layan baik ruang nyaman awat dan dokter ramah fasilitas bagus,Positif,Positif,0.9966,False
"Dirawat di ruang mawar no 04, pelayanan nya sangat baik, antara dokter perawat staf lain juga sangat perhatian, dari terbiyah dan pelayanan juga memberikan motivasi untuk anak saya agar bisa lebih baik",5,RSU Siaga Medika Banyumas,rawat di ruang mawar no 04 layan nya sangat baik antara dokter awat staf lain juga sangat perhati dari terbiyah dan layan juga beri motivasi untuk anak saya agar bisa lebih baik,Positif,Positif,0.9936,False
Semuanya bagus ..terimaksih atas pelayananya,5,RSU Siaga Medika Banyumas,semua bagus terimaksih atas pelayananya,Positif,Positif,0.9932,False
"Kecewa sekali, tadi pagi Rabu, 26 Agustus 2026 anak saya masuk IGD karena panas dan muntah-muntah sejak hari Selasa 25 Agustus 2026. Padahal kondisi badannya juga lemas, memang sengaja saya bawa ke Siaga Medika Banyumas karena rekomendasi dari teman yang katanya pelayanannya bagus. Tapi ternyata tidak, anak saya diberi 3 suntikan salah satunya paracetamol trs yg 2.suntikan yang lain tidak tahu apa isinya. Dicek darah dan setelah hasilnya keluar disuruh pulang. Sampai rumah panasnya tidak kunjung turun, diberi obat yang dibawakan dari IGD SM Banyumas malah muntah2. Saya pasien BPJS, merasa kalau cuma dicari uangnya saja. Padahal kita berobat itu kan agar ada penanganan dan anak juga kondisinya kunjung membaik, bukan malah ditolak ean disuruh rawat jalan. Saya kira RS yang syar'i tapi menurut saya malah dzolim. Saya diberikan surat rawat jalan dan kalau sakitnya tidak kunjung sembuh malah disuruh ke Puskesmas. Benar-benar pelayanannya kurang sekali, saya kecewa sekali",1,RSU Siaga Medika Banyumas,kecewa sekali tadi pagi rabu 26 agustus 2026 anak saya masuk instalasi gawat darurat karena panas dan muntahmuntah sejak hari selasa 25 agustus 2026 padahal kondisi badan juga lemas memang sengaja saya bawa ke siaga medika banyumas karena rekomendasi dari teman yang kata layan bagus tapi nyata tidak anak saya beri 3 sunti salah satu paracetamol trs yang 2suntikan yang lain tidak tahu apa isi periksa darah dan telah hasil keluar suruh pulang sampai rumah panas tidak kunjung turun beri obat yang bawa dari instalasi gawat darurat sama banyumas malah muntah2 saya pasien bpjs sehat rasa kalau hanya cari uang saja padahal kita obat itu kan agar ada tangan dan anak juga kondisi kunjung baik bukan malah tolak ean suruh rawat jalan saya kira rumah sakit yang syar tapi turut saya malah dzolim saya beri surat rawat jalan dan kalau sakit tidak kunjung sembuh malah suruh ke puskesmas benarbenar layan kurang sekali saya kecewa sekali,Negatif,Negatif,0.9935,False
"Saya rawat inap di ruangan mawar c15 Pelayanannya ramah, baik serta ruangan yang nyaman Semoga lebih baik lagi untuk kedepannya",5,RSU Siaga Medika Banyumas,saya rawat inap di ruang mawar c15 layan ramah baik serta ruang yang nyaman moga lebih baik lagi untuk depan,Positif,Positif,0.9515,False
"Jazakumullah Khoiron tim IGD dan tim mawar, tim gizi serta seluruh jajaran RSU Siaga Medika Banyumas yang always gercep memberikan pelayanan terbaik nya..RS yang selalu memfasilitasi sholat berjamaah untuk keluarga pasien dan karyawannya.Semoga RSU Siaga Medika Banyumas semakin maju,amanah.Jazakallah Khoiron 🙏 dr.M.Zuhdan Fanani Sp.PD atas ijin Allah lewat terapi beliau saya dimudahkan kembali sehat..",5,RSU Siaga Medika Banyumas,jazakumullah khoiron tim instalasi gawat darurat dan tim mawar tim gizi serta seluruh jajar rumah sakit umum siaga medika banyumas yang always gercep beri layan baik nyars yang selalu fasilitas sholat jamaah untuk keluarga pasien dan karyawannyasemoga rumah sakit umum siaga medika banyumas makin majuamanahjazakallah khoiron drmzuhdan fanani sppd atas ijin allah lewat terapi beliau saya mudah kembali sehat,Positif,Positif,0.9183,False
sangat membantu dan informatif adminnya,5,RSU Siaga Medika Banyumas,sangat bantu dan informatif adminnya,Positif,Positif,0.9913,False
Diruangan anggrek ruangan bagus perawat baik dan ramah,5,RSU Siaga Medika Banyumas,ruang anggrek ruang bagus awat baik dan ramah,Positif,Positif,0.9893,False
pelayanan sangat ramahh aman nyaman,5,RSU Siaga Medika Banyumas,layan sangat ramahh aman nyaman,Positif,Positif,0.9964,False
Rumah sakit dengan layanan sangat baik,5,RSU Siaga Medika Banyumas,rumah sakit dengan layan sangat baik,Positif,Positif,0.9951,False
"Sangat Puas dengan pelayanannya, di rawat di ruang mawar",5,RSU Siaga Medika Banyumas,sangat puas dengan layan di rawat di ruang mawar,Positif,Positif,0.996,False
"Di rawat di ruang tulip ,perawatnya Ramah ,sopan dan tanggap. Pelayanan cepat dan profesional .",5,RSU Siaga Medika Banyumas,di rawat di ruang tulip awat ramah sopan dan tanggap layan cepat dan profesional,Positif,Positif,0.9911,False
"diruangan anggrek siaga medika pelayanan sangat bagus, ramah dan membantu",5,RSU Siaga Medika Banyumas,ruang anggrek siaga medika layan sangat bagus ramah dan bantu,Positif,Positif,0.9933,False
"Pelayanan oke, kebetulan rawat inap di R Mawar perawatnya ramah2",5,RSU Siaga Medika Banyumas,layan baik betul rawat inap di r mawar awat sangat ramah,Positif,Positif,0.994,False
"Pelayanannya sangat baik dan perawatannya juga sangat baik serta perawatnya ramah""",5,RSU Siaga Medika Banyumas,layan sangat baik dan awat juga sangat baik serta awat ramah,Positif,Positif,0.996,False
Ruang melati,5,RSU Siaga Medika Banyumas,ruang melati,Positif,Netral,0.8004,True
pelayanan baik,5,RSU Siaga Medika Banyumas,layan baik,Positif,Positif,0.9952,False
Pengalaman saya menunggu orangtua di RS siaga medika ruang anggrek perawat sangat sigap dan cekatan ramah dokter juga ramah,5,RSU Siaga Medika Banyumas,alam saya tunggu orangtua di rumah sakit siaga medika ruang anggrek awat sangat sigap dan cekat ramah dokter juga ramah,Positif,Positif,0.9923,False
"Pelayanan prima dan ramah, Ruangan Bersih dan rapi, Masjid mudah dijangkau, peralatan lengkap dan modern.",5,RSU Siaga Medika Banyumas,layan prima dan ramah ruang bersih dan rapi masjid mudah jangkau alat lengkap dan modern,Positif,Positif,0.996,False
Alhmdulillah pelayanan sangat bagus.,5,RSU Siaga Medika Banyumas,alhmdulillah layan sangat bagus,Positif,Positif,0.996,False
Dirawat diruang anggrek perawat cekatan ramah ruangan bagus,5,RSU Siaga Medika Banyumas,rawat ruang anggrek awat cekat ramah ruang bagus,Positif,Positif,0.9892,False
"Pengalaman ranap, pelayanan ramah, bagus, kamar nyaman , bersih, rapih, terimakasih ruang Mawar 🙏😊",5,RSU Siaga Medika Banyumas,alam rawat inap layan ramah bagus kamar nyaman bersih rapi terima kasih ruang mawar,Positif,Positif,0.9839,False
"Pelayanan ramah, fast respon, tempat nyaman dan bersih 👍👍👍",5,RSU Siaga Medika Banyumas,layan ramah fast respon tempat nyaman dan bersih,Positif,Positif,0.9805,False
Terimakasih banyak pelayanannya RS Siaga Medika Banyumas. named nakesnya gercep sopan dan informatif. ruangannya juga bersih dan nyaman sukses dan maju terus RS siaga medika untuk pelayanan terbaiknya,5,RSU Siaga Medika Banyumas,terima kasih banyak layan rumah sakit siaga medika banyumas named nakesnya gercep sopan dan informatif ruang juga bersih dan nyaman sukses dan maju terus rumah sakit siaga medika untuk layan baik,Positif,Positif,0.9952,False
Tindakan cepat pelayanannya ramah bisa diajak bercanda sesama orang ngapak,5,RSU Siaga Medika Banyumas,tindak cepat layan ramah bisa ajak canda sama orang ngapak,Positif,Positif,0.9953,False
"Pelayanan ramah, dokter spesialis cukup lengkap. Cepat, profesional, terjangkau. Walaupun istri ada trauma melahirkan op pertama kali di sini, tapi itu hanya karena oknum2 tertentu saja. Saya juga pernah op di sini, Alhamdulillah. Sangat memuaskan. Seterusnya RSU Siaga Medika semakin jaya. Melayani dan menjaga visi dan misi dengan segenap hati. Jazaakumullohu khoiron",5,RSU Siaga Medika Banyumas,layan ramah dokter spesialis cukup lengkap cepat profesional jangkau walaupun istri ada trauma lahir op pertama kali di sini tapi itu hanya karena oknum2 tentu saja saya juga pernah op di sini alhamdulillah sangat muas terus rumah sakit umum siaga medika makin jaya layan dan jaga visi dan misi dengan segenap hati jazaakumullohu khoiron,Positif,Positif,0.9792,False
Tidak profesional. Dokter pulang sebelum waktunya,1,RSU Ananda Purwokerto,tidak profesional dokter pulang belum waktu,Negatif,Negatif,0.9979,False
"dr rehab medik skrg kok jelek banget sih, gk enak di ajak sharing disksusi gk bs menyelesaikan masalah gk memberikan solusi, sok tau. Ini dokter baru jm terbang dh sejauh apa si kyk gk pengalaman apa gmn nanganin pasien, jauh banget sama dr Elien Wihestin, namanya terapi itu gk ada yg namanya berhenti ada kemajuan nggk nya ttep jalan sambil dipantau pasiennya. Kalo nggk mampu gk osahlah nanganin pasien, gelar dokter mu bukan karena ilmu tp karena duit. RS Ananda semakin terburuk rekrut dokter macem gitu, next pindah rs",1,RSU Ananda Purwokerto,dari rehab medik sekarang kok buruk sekali lah gk enak di ajak sharing disksusi gk bs selesai masalah gk beri solusi sok tau ini dokter baru jm terbang dh jauh apa si seperti gk alam apa gmn nanganin pasien jauh sekali sama dari elien wihestin nama terapi itu gk ada yang nama henti ada maju nggk nya ttep jalan sambil pantau pasien kalo nggk mampu gk osahlah nanganin pasien gelar dokter mu bukan karena ilmu tetapi karena duit rumah sakit ananda makin buruk rekrut dokter macem gitu next pindah rumah sakit,Negatif,Negatif,0.989,False
pelayanan yang sangat luar biasa... perawatnya ramah2.. terimakasih juga buat dokter tht nyaaa,5,RSU Ananda Purwokerto,layan yang sangat luar biasa awat sangat ramah terima kasih juga untuk dokter tht nya,Positif,Positif,0.9967,False
pelayanan ramah bersih dan nyaman🥰,5,RSU Ananda Purwokerto,layan ramah bersih dan nyaman,Positif,Positif,0.9781,False
"Tempatnya bersih,petugas ramah2,terus ditingkatkan.selalu menjadi pilihan warga Banyumas untuk berobat",5,RSU Ananda Purwokerto,tempat bersihpetugas ramah2terus ditingkatkanselalu jadi pilih warga banyumas untuk obat,Positif,Positif,0.9962,False
pelayanan sangat ramah 🥰😍terbaik,5,RSU Ananda Purwokerto,layan sangat ramah baik,Positif,Positif,0.9919,False
"semangat trus buat Dokter"",perawat,bidan,dan smua karyawan RSU Ananda ❤️‍🔥",5,RSU Ananda Purwokerto,semangat trus untuk dokterperawatbidandan smua karyawan rumah sakit umum ananda,Positif,Positif,0.8211,False
🫰 teruslah berproses menjadi RS yg terbaik di Purwokerto,5,RSU Ananda Purwokerto,terus proses jadi rumah sakit yang baik di purwokerto,Positif,Positif,0.5443,False
Lokasi bersih.. pelayanan ramah,5,RSU Ananda Purwokerto,lokasi bersih layan ramah,Positif,Positif,0.9962,False
"Saya dan keluarga sudah mempercayakan pelayanan di Rumah Sakit Ananda sejak tahun 2017. Istri saya bahkan telah menjalani operasi sesar (SC) di rumah sakit ini sebanyak dua kali, yaitu pada tahun 2017 dan 2024. Selama ini kami memiliki kesan yang baik terhadap pelayanan yang diberikan, sehingga selalu memilih Rumah Sakit Ananda untuk kebutuhan kesehatan keluarga. Namun, pada kunjungan tanggal **6 Agustus 2026 sekitar pukul 17.30 WIB**, dipoli anak kami mengalami pengalaman yang kurang menyenangkan di nurse station. Petugas yang saat itu bertugas, yang saya kenali dari ciri memakai behel, melayani dengan sikap yang menurut kami kurang ramah. Saat kami bertanya, respons yang diberikan terkesan jutek, kurang komunikatif, dan kurang menunjukkan empati, sehingga membuat kami merasa tidak nyaman. Kami memahami bahwa tenaga kesehatan memiliki beban kerja yang tinggi. Namun, keramahan, kesopanan, dan komunikasi yang baik merupakan bagian penting dari pelayanan kesehatan. Sebagai keluarga yang telah mempercayakan pelayanan Rumah Sakit Ananda selama bertahun-tahun, kami berharap masukan ini dapat menjadi bahan evaluasi agar pelayanan di nurse station semakin profesional, ramah, dan mengutamakan kenyamanan pasien serta keluarganya. Masukan ini kami sampaikan dengan niat baik karena kami berharap kualitas pelayanan Rumah Sakit Ananda dapat terus dipertahankan dan ditingkatkan.",1,RSU Ananda Purwokerto,saya dan keluarga sudah percaya layan di rumah sakit ananda sejak tahun 2017 istri saya bahkan telah jalan operasi sesar sc di rumah sakit ini banyak dua kali yaitu pada tahun 2017 dan 2024 lama ini kami milik kesan yang baik hadap layan yang beri sehingga selalu pilih rumah sakit ananda untuk butuh sehat keluarga namun pada kunjung tanggal 6 agustus 2026 sekitar pukul 1730 wib pol anak kami alami alam yang kurang senang di nurse station tugas yang saat itu tugas yang saya kenal dari ciri pakai behel layan dengan sikap yang turut kami kurang ramah saat kami tanya respons yang beri kes jutek kurang komunikatif dan kurang tunjuk empati sehingga buat kami rasa tidak nyaman kami paham bahwa tenaga sehat milik beban kerja yang tinggi namun ramah sopan dan komunikasi yang baik rupa bagi penting dari layan sehat bagai keluarga yang telah percaya layan rumah sakit ananda lama bertahuntahun kami harap masuk ini dapat jadi bahan evaluasi agar layan di nurse station makin profesional ramah dan utama nyaman pasien serta keluarga masuk ini kami sampai dengan niat baik karena kami harap kualitas layan rumah sakit ananda dapat terus tahan dan tingkat,Negatif,Negatif,0.8123,False
"dokter nya baikk baik sekali perawat juga ramah dan sangat gercep, namun bagian farmasi dan administrasi bisa ditingkatkan kembali kualitas pelayanannya. kerenn RS Ananda sukses selalu👍🏻❤️",5,RSU Ananda Purwokerto,dokter nya baik baik sekali awat juga ramah dan sangat gercep namun bagi farmasi dan administrasi bisa tingkat kembali kualitas layan kerenn rumah sakit ananda sukses selalu,Positif,Positif,0.9932,False
RS dengan dokter yang ramahh dan penjelasan baik😍,5,RSU Ananda Purwokerto,rumah sakit dengan dokter yang ramahh dan jelas baik,Positif,Positif,0.6706,False
rs terbaikkk😍,5,RSU Ananda Purwokerto,rumah sakit baik,Positif,Positif,0.4928,False
"trmkasih krywan rs Ananda ramah ramah bgt, trutama dr sp kulit dr ermadi satryo, terharu bgt selama 5thn acne fighter/pejuang jerawat dinyatakan sembuh walaupun harus bolak balik majenang purwokerto selama 3bulan,dan q merasa menang melawan jerawat 5thn itu, terimakasih",5,RSU Ananda Purwokerto,trmkasih krywan rumah sakit ananda ramah ramah banget trutama dari sp kulit dari ermadi satryo haru banget lama 5thn acne fighterpejuang jerawat nyata sembuh walaupun harus bolak balik majenang purwokerto lama 3bulandan q rasa menang lawan jerawat 5thn itu terima kasih,Positif,Positif,0.9916,False
"pelayanan sangat baik, dokter ramah pokoknya memuaskan bintang 5☑️",5,RSU Ananda Purwokerto,layan sangat baik dokter ramah pokok muas bintang 5,Positif,Positif,0.9933,False
"Pernah memeriksakan anak ke Ananda pelayanan, ramah, penanganan cepat, dan kunjungan ke Pasien rawat inap juga baik",5,RSU Ananda Purwokerto,pernah periksa anak ke ananda layan ramah tangan cepat dan kunjung ke pasien rawat inap juga baik,Positif,Positif,0.9777,False
"pelayanannya cepat, perawat dan dokternya juga ramah, untuk ruangan dikelas berapapun juga sama bersih dan nyaman👍👍",5,RSU Ananda Purwokerto,layan cepat awat dan dokter juga ramah untuk ruang kelas berapa juga sama bersih dan nyaman,Positif,Positif,0.9892,False
Pelayanan di farmasi jelek lama sekali Nunggu berjamjam buat salep aja lama,1,RSU Ananda Purwokerto,layan di farmasi buruk lama sekali tunggu berjamjam untuk salep saja lama,Negatif,Negatif,0.9982,False
Saat akan bayar pasien umum lama poll. Padahal g ada pasien lain. Alasannya nunggu acc dr farmasi. Pdhl loh umum bayar sendiri aja lama poll. G pakai asuransi g harus nunggu konfirm dr asuransi. Payah bgt 👎👎,1,RSU Ananda Purwokerto,saat akan bayar pasien umum lama poll padahal g ada pasien lain alas tunggu acc dari farmasi pdhl lho umum bayar sendiri saja lama poll g pakai asuransi g harus tunggu konfirm dari asuransi payah banget,Negatif,Negatif,0.9929,False
"Pelayanan prima dengan keramahan tim medis yang sangat mengesankan. Tidak membedakan pasien BPJS maupun nonBPJS, semua dilayani dengan sangat baik. Penjelasan dokter, perawat, serta ahli gizi juga sangat mengedukasi kami. Matur nuwun dan sukses selalu untuk RS Ananda Purwokerto.",5,RSU Ananda Purwokerto,layan prima dengan ramah tim medis yang sangat kesan tidak beda pasien bpjs sehat maupun nonbpjs semua layan dengan sangat baik jelas dokter awat serta ahli gizi juga sangat edukasi kami matur nuwun dan sukses selalu untuk rumah sakit ananda purwokerto,Positif,Positif,0.9966,False
Pelayanannya ramah,5,RSU Ananda Purwokerto,layan ramah,Positif,Positif,0.9968,False
Pelayanan sangat ramah dan cepat. Terimakasih Rs ananda sukses slalu dan bermanfaat untuk banyak orang,5,RSU Ananda Purwokerto,layan sangat ramah dan cepat terima kasih rumah sakit ananda sukses slalu dan manfaat untuk banyak orang,Positif,Positif,0.9931,False
Pelayanannya bagus ramah,5,RSU Ananda Purwokerto,layan bagus ramah,Positif,Positif,0.9972,False
Bagus... Joosss..,5,RSU Ananda Purwokerto,bagus joos,Positif,Positif,0.9935,False
Pegawai rs ananda ramah ramah seklai full senyum pokoknya,5,RSU Ananda Purwokerto,pegawai rumah sakit ananda ramah ramah seklai full senyum pokok,Positif,Positif,0.9944,False
"Rumah sakit yang sebetulnya cukup nyaman dan strategis karena di pusat kota. Aksesnya mudah dan tidak terlalu luas, sehingga untuk yang baru pertama datang dalam kondisi sakit juga tidak terlalu lelah atau jauh ke ruang perawatan. Bangunannya sudah banyak berbenah, sehingga lebih nyaman. Untuk pendaftaran, baiknya mengecek dahulu jadwal dokternya via online kemudian bisa melakukan pendaftaran disitu. Untuk pasien Bpjs, bisa via jkn mobile. Saran saya, kalau sudah daftar online tetap hadir untuk daftar ulang 1 jam sebelum estimasi di layani ya, jangan datang terlalu mepet karena nomer antriannya juga bisa di lewati beberapa nomer. Saya menggunakan asuransi umum, di arahkan dan diantar ke ruang tunggu khusus. Di jelaskan nanti ada jalur antrian khusus, dari kasir maupun farmasi nanti akan mengantar, pasien hanya cukup duduk dan menunggu saja di ruangan tersebut. Sampai di ruangan, ada jalur khusus pengecekan tensi/bb/tb dari perawat juga. Ruangannya masih tergolong sederhana, tapi okelah ada peningkatan dari segi pelayanan. Meskipun ada fasilitas minum dan sofa yang nyaman, sayangnya banyak sampah di meja yang menumpuk, sepertinya beberapa pasien meninggalkannya di meja. Tempat sampah juga sudah penuh dan hanya satu. Beberapa perawat dan petugas mondar mandir melayani tapi belum terlihat aware di bersihkan. Namun, setelah selesai pemeriksaan, ternyata alur yang di sampaikan petugas di awal belum bisa saya rasakan. Tetap di arahkan ke kasir sendiri, kemudian menunggu di ruang tunggu biasa, setelah itu ke farmasi dan kembali menunggu di panggil seperti pelayanan yang sebelumnya. Tapi saya cukup maklum, mungkin masih tahap penyesuaian. Saya berharap kedepan kordinasi dan sosialisasi antar bagian dalam pelayanan bisa terus di perbaiki, agar kebijakan baru bisa berjalan optimal",5,RSU Ananda Purwokerto,rumah sakit yang betul cukup nyaman dan strategis karena di pusat kota akses mudah dan tidak terlalu luas sehingga untuk yang baru pertama datang dalam kondisi sakit juga tidak terlalu lelah atau jauh ke ruang awat bangun sudah banyak benah sehingga lebih nyaman untuk daftar baik ecek dahulu jadwal dokter via online kemudian bisa laku daftar situ untuk pasien bpjs sehat bisa via jkn mobile saran saya kalau sudah daftar online tetap hadir untuk daftar ulang 1 jam belum estimasi di layan ya jangan datang terlalu mepet karena nomer antri juga bisa di lewat beberapa nomer saya guna asuransi umum di arah dan antar ke ruang tunggu khusus di jelas nanti ada jalur antri khusus dari kasir maupun farmasi nanti akan antar pasien hanya cukup duduk dan tunggu saja di ruang sebut sampai di ruang ada jalur khusus kece tensibbtb dari awat juga ruang masih golong sederhana tapi oke ada tingkat dari segi layan meski ada fasilitas minum dan sofa yang nyaman sayang banyak sampah di meja yang tumpuk seperti beberapa pasien tinggal di meja tempat sampah juga sudah penuh dan hanya satu beberapa awat dan tugas mondar mandir layan tapi belum lihat aware di sih namun telah selesai periksa nyata alur yang di sampai tugas di awal belum bisa saya rasa tetap di arah ke kasir sendiri kemudian tunggu di ruang tunggu biasa telah itu ke farmasi dan kembali tunggu di panggil seperti layan yang belum tapi saya cukup maklum mungkin masih tahap sesuai saya harap depan kordinasi dan sosialisasi antar bagi dalam layan bisa terus di baik agar bijak baru bisa jalan optimal,Positif,Positif,0.5428,False
Antrian poli anaknya gk jelas. Fungsinya antri online kan biar cepet. Ini malah yg dateng duluan yg di panggil. Si gimana. 😅 udah banyak yg ngasih ulasan. Tp gk diperbaiki,1,RSU Ananda Purwokerto,antri poliklinik anak gk jelas fungsi antre online kan biar cepet ini malah yang dateng duluan yang di panggil si gimana sudah banyak yang beri ulas tetapi gk baik,Negatif,Negatif,0.917,False
"Saya suka berobat di RS Ananda karena jarak yang dekat dari rumah,,sehingga ketika butuh urgensi bisa mudah dan cepat dijangkau",5,RSU Ananda Purwokerto,saya suka obat di rumah sakit ananda karena jarak yang dekat dari rumahsehingga ketika butuh urgensi bisa mudah dan cepat jangkau,Positif,Positif,0.9962,False
"pelayanannya sangat bagus. Dari frontliner, pegawai, sampai dokternya baik dan ramah semua. Pelayanan obat juga dijelaskan dengan baik",5,RSU Ananda Purwokerto,layan sangat bagus dari frontliner pegawai sampai dokter baik dan ramah semua layan obat juga jelas dengan baik,Positif,Positif,0.9973,False
Pelayanan sangat memuaskan. Suster & dokternya sopan. Disambut dengan senyuman.,5,RSU Ananda Purwokerto,layan sangat muas suster dokter sopan sambut dengan senyum,Positif,Positif,0.9961,False
Pelayanan Farmasi Buruk .. Parah bgt,1,RSU Ananda Purwokerto,layan farmasi buruk parah banget,Negatif,Negatif,0.9982,False
"ayah saya terkena penyakit aslam dan serangan jantung mendadak pada saat jam 2 dini hari di igd sini, waktu datang memang langsung di tangani serta di kasih obat 7 macam, waktu itu ibu saya langsung memberi obat tersebut kpd ayah saya dan ibu saya memohon-mohon kepada perawat untuk meminta segelas air karna memang situasinya sudah sangat gawat darurat, anehnya perawat dan dokternya tidak memberikan air sepeserpun. Akhirnya saya dan kakak saya langsung bergegas lari ke apotek 24 jam terdekat untuk membeli minum, tetapi naas karena perjalanan menuju apotek membutuhkan waktu dan ayah saya sudah dalam keadaan sangat gawat darurat ayah saya tidak bisa tertolong.",1,RSU Ananda Purwokerto,ayah saya kena sakit aslam dan serang jantung dadak pada saat jam 2 dini hari di instalasi gawat darurat sini waktu datang memang langsung di tangan serta di beri obat 7 macam waktu itu ibu saya langsung beri obat sebut kpd ayah saya dan ibu saya memohonmohon kepada awat untuk minta gelas air karena memang situasi sudah sangat gawat darurat aneh awat dan dokter tidak beri air peser akhir saya dan kakak saya langsung gegas lari ke apotek 24 jam dekat untuk beli minum tetapi naas karena jalan tuju apotek butuh waktu dan ayah saya sudah dalam ada sangat gawat darurat ayah saya tidak bisa tolong,Negatif,Negatif,0.9492,False
Plisss nunggu obatnya lama bangettt sampe 2 jam 😭,1,RSU Ananda Purwokerto,plis tunggu obat lama sekali sampai 2 jam,Negatif,Negatif,0.988,False
"Perawatan gigi disini sm drg. Artha sangat memuaskan, harga terjangkau dan hasilnya bagus.. dokternya ramah dan telaten sekali.. perawat jg ramah..",5,RSU Ananda Purwokerto,awat gigi sini sama drg artha sangat muas harga jangkau dan hasil bagus dokter ramah dan telaten sekali awat juga ramah,Positif,Positif,0.9974,False
"pelayanan di RSU Ananda Purwokerto sangat memuaskan, semua tenaga medis dan juga staff yang bekerja di RSU Ananda sangat cekatan, kompeten, dan juga ramah membuat saya dan keluarga sebagai pengunjung dapat merasa nyaman dan puas karena kami mendapatkan pelayanan dengan sepenuh hati",5,RSU Ananda Purwokerto,layan di rumah sakit umum ananda purwokerto sangat muas semua tenaga medis dan juga staff yang kerja di rumah sakit umum ananda sangat cekat kompeten dan juga ramah buat saya dan keluarga bagai unjung dapat rasa nyaman dan puas karena kami dapat layan dengan sepenuh hati,Positif,Positif,0.9955,False
"Dalam bbrp minggu ini beberapa kali ke RS Ananda & ibuku jg sempat dirawat disana. Masya Allah bagus bgt pelayanannya, 2 jempol deh... Mulai dr dokter spesialis, dokter IGD, perawat smp petugas2nya semua ramah, senyum & membantu sekali. Benar2 terkesan deh sm RS Ananda meskipun pasien BPJS sekalipun... Terus maju, sukses & semakin besar kedepannya 🙏🙏",5,RSU Ananda Purwokerto,dalam beberapa minggu ini beberapa kali ke rumah sakit ananda ibu juga sempat rawat sana masya allah bagus banget layan 2 jempol lah mulai dari dokter spesialis dokter instalasi gawat darurat awat smp petugas2nya semua ramah senyum bantu sekali benar2 kes lah sama rumah sakit ananda meski pasien bpjs sehat sekalipun terus maju sukses makin besar depan,Positif,Positif,0.9926,False
pelayanan di rsu ananda sangat baik dan tenaga kesehatannya ramah ramah,5,RSU Ananda Purwokerto,layan di rumah sakit umum ananda sangat baik dan tenaga sehat ramah ramah,Positif,Positif,0.9953,False
"Pelayanan RSU Ananda ini sangat memuaskan. Dokter, perawat, dan petugas administrasi semuanya ramah, sigap, dan profesional. Fasilitas bersih dengan mengutamakan kenyamanan pasien.",5,RSU Ananda Purwokerto,layan rumah sakit umum ananda ini sangat muas dokter awat dan tugas administrasi semua ramah sigap dan profesional fasilitas bersih dengan utama nyaman pasien,Positif,Positif,0.9968,False
"Pelayanan baik, ramah, rumah sakit bersih dan nyaman",5,RSU Ananda Purwokerto,layan baik ramah rumah sakit bersih dan nyaman,Positif,Positif,0.996,False
Management keperawatan sangat baik,5,RSU Ananda Purwokerto,management awat sangat baik,Positif,Positif,0.9932,False
Sangat mengesankan pelayanan dari rsu ananda perawat nya baik baik,5,RSU Ananda Purwokerto,sangat kesan layan dari rumah sakit umum ananda awat nya baik baik,Positif,Positif,0.9911,False
"pelayanan nya lengkap, dan sudah memiliki fasilitas yang baik, tenaga kesehatan ramah dan baik",5,RSU Ananda Purwokerto,layan nya lengkap dan sudah milik fasilitas yang baik tenaga sehat ramah dan baik,Positif,Positif,0.9962,False
RSU Ananda lingkungan bersih nyaman dan luas,5,RSU Ananda Purwokerto,rumah sakit umum ananda lingkung bersih nyaman dan luas,Positif,Positif,0.9927,False
"Rumah sakit ananda menyediakan pelayanan yang bagus, petugas nya ramah, pelayanan nya cepat",5,RSU Ananda Purwokerto,rumah sakit ananda sedia layan yang bagus tugas nya ramah layan nya cepat,Positif,Positif,0.9966,False
"RS bersih, dokter, perawat dan staffnya informatif, cuma sayang ruang perawatan kls 3 panas banget, ACnya ga dingin dan angin aja kaya sayang aja gt buang2 listrik tapi tidak ada fungsinya sedangkan kamar kondisinya rapat ga ada lubang udara/perputaran udara, masa lebih adem di karidornya, tolong diperhatikan yaa utk perawatan AC biarpun utk kamar kls 3 jg kasihan kan pasienya panas dan gerah",4,RSU Ananda Purwokerto,rumah sakit bersih dokter awat dan staffnya informatif hanya sayang ruang awat kls 3 panas sekali acnya tidak dingin dan angin saja kaya sayang saja gt buang2 listrik tapi tidak ada fungsi sedang kamar kondisi rapat tidak ada lubang udaraperputaran udara masa lebih adem di karidornya tolong perhati yaa untuk awat ac biarpun untuk kamar kls 3 juga kasihan kan pasienya panas dan gerah,Positif,Negatif,0.6837,True
"Terimakasih banyak untuk dr. Ermadi Satriyo masyaallah treatment jerawat dibantu beliau alhamdulillah sekarang jerawat saya sudah sangat sangat jauh membaik, dan dinyatakan sembuh. Pelayanan yang diberikan sangat baik, beliau juga sangat informatif. Biaya terjangkau dan penangannya efisien. Sekali lagi terimakasih banyak dokter🙏",5,RSU Ananda Purwokerto,terima kasih banyak untuk dari ermadi satriyo masya allah treatment jerawat bantu beliau alhamdulillah sekarang jerawat saya sudah sangat sangat jauh baik dan nyata sembuh layan yang beri sangat baik beliau juga sangat informatif biaya jangkau dan nang efisien sekali lagi terima kasih banyak dokter,Positif,Positif,0.9841,False
"kronologi nya bulan april 2026, tepatnya saya ke rs ananda jam 12 malam membawa anak bayi 13 bulan kondisi muntah dari pagi ngga masuk asupan apapun baik susu maupun makanan, dan diare dari setengah 12 malam dan badan kondisi sumeng atau ngga begitu panas, bisa2nya dokter jaga igd nya nyuruh pulang dengn alasan tanda vital masih baik!! begitu pulang dari rs ananda, anak saya masih muntah dan diare kaya gitu kok masih dibilang tanda vital masih baik.. baik darimananya ya! dah kapok saya ke rs ananda! ngga akan ke rs ananda lagi!!",1,RSU Ananda Purwokerto,kronologi nya bulan april 2026 tepat saya ke rumah sakit ananda jam 12 malam bawa anak bayi 13 bulan kondisi muntah dari pagi tidak masuk asupan apa baik susu maupun makan dan diare dari tengah 12 malam dan badan kondisi sumeng atau tidak begitu panas bisa2nya dokter jaga instalasi gawat darurat nya nyuruh pulang dengn alas tanda vital masih baik begitu pulang dari rumah sakit ananda anak saya masih muntah dan diare kaya gitu kok masih bilang tanda vital masih baik baik darimananya ya sudah kapok saya ke rumah sakit ananda tidak akan ke rumah sakit ananda lagi,Negatif,Negatif,0.9865,False
"Saya melahirkan anak pertama di bunda Arif th 2025, tetapi pengalaman yang saya dapatkan bikin saya sakit hati dan trauma, mengapa demikian karena bidan yang menangani saya etikanya kurang baik, bidannya ngga sabaran saat saya kontraksi padahal udh pembukaan 4 dikira masih pembukaan 1 diremehkan juga saya pas lagi nahan sakit kontraksi katanya baru pembukaan 1 tp lebay eh ternyata pas dicek udh pembukaan 4 hmhm. Saya hanya mengeluhkan etika bidannya untuk pelayanan lainnya bagus, tolong diupgrade kualitas etika bidannya saat menangani pasien yang sedang Manahan sakit kontraksi",2,RSIA Bunda Arif,saya lahir anak pertama di bunda arif th 2025 tetapi alam yang saya dapat bikin saya sakit hati dan trauma mengapa demikian karena bidan yang tangan saya etika kurang baik bidan tidak sabar saat saya kontraksi padahal udh buka 4 kira masih buka 1 remeh juga saya saat lagi nahan sakit kontraksi kata baru buka 1 tetapi lebay eh nyata saat periksa udh buka 4 hmhm saya hanya keluh etika bidan untuk layan lain bagus tolong diupgrade kualitas etika bidan saat tangan pasien yang sedang manah sakit kontraksi,Negatif,Negatif,0.9686,False
"Rumah sakitnya tidak terlalu besar😁, lumayan jauh parkirannya terpisahkan jalan raya dengan rumah sakit ini🤔 dan tampaknya emang benar-benar tidak terlalu ramai kah?",4,RSIA Bunda Arif,rumah sakit tidak terlalu besar lumayan jauh parkir pisah jalan raya dengan rumah sakit ini dan tampak memang benarbenar tidak terlalu ramai kah,Positif,Positif,0.5222,False
"Pelayanannya dari dokter sampai perawatnya super ramah,.Sabar ,mau membantu dengan sepenuh hati walaupun saya pengguna BPJS kelas 3.,kamar AC dingin kamar mandi bersih",5,RSIA Bunda Arif,layan dari dokter sampai awat super ramahsabar mau bantu dengan sepenuh hati walaupun saya guna bpjs sehat kelas 3kamar ac dingin kamar mandi bersih,Positif,Positif,0.997,False
Alhamdulilah 3 anak saya lahiran di RSIA Bunda Arif Terimakasih,5,RSIA Bunda Arif,alhamdulilah 3 anak saya lahir di rsia bunda arif terima kasih,Positif,Netral,0.5891,True
"RSIA Bunda Arif memberikan pelayanan kesehatan yang baik, profesional, dan berorientasi pada keselamatan serta kenyamanan pasien.",5,RSIA Bunda Arif,rsia bunda arif beri layan sehat yang baik profesional dan orientasi pada selamat serta nyaman pasien,Positif,Positif,0.9007,False
"Pelayanannya sangat bagus, ramah",5,RSIA Bunda Arif,layan sangat bagus ramah,Positif,Positif,0.9972,False
Ganti perban habis Caesar malah dipencet. Yaa keluar lagi darahnya ini lahhh.. Alasan mbok ada nanahnya sungguh tidak dapat diterima. IGD parah prosedurnyaa..,1,RSIA Bunda Arif,ganti perban habis caesar malah pencet yaa keluar lagi darah ini lah alas mbok ada nanah sungguh tidak dapat terima instalasi gawat darurat parah prosedurnyaa,Negatif,Negatif,0.9977,False
"Hari minggu,19 juli 2026 jam 12.00-13.00 saya ke igd bunda arif .. posisi anakku sudah seharian muntah dan diare puluhan kali..dan hari itupun sudah lemas dan demam .. sesampainya di igd Dokter jaga sedang tidur siang,sehingga kita menunggu lama tu dokter.. setelah mriksa katanya kondisi anak masih aman,tidak dehidrasi.pdhal anakku sudah ga mau makan dan minum karna udah takut muntah lgi. Aku minta cek darah ,tapi jawaban dokternya nanti anak trauma . Pokoknya pelayanan igd kali ini bener2 kurang memuaskan",2,RSIA Bunda Arif,hari minggu19 juli 2026 jam 12001300 saya ke instalasi gawat darurat bunda arif posisi anak sudah hari muntah dan diare puluh kalidan hari itu sudah lemas dan demam sampa di instalasi gawat darurat dokter jaga sedang tidur siangsehingga kita tunggu lama itu dokter telah mriksa kata kondisi anak masih amantidak dehidrasipdhal anak sudah tidak mau makan dan minum karena sudah takut muntah lgi saya minta cek darah tapi jawab dokter nanti anak trauma pokok layan instalasi gawat darurat kali ini sungguh benar kurang muas,Negatif,Negatif,0.9921,False
"Pelayanan sangat memuaskan, pendaftaran bisa lewat wa jadi sangat memudahkan pasien.. tempat nyaman. Dokter juga lengkap, terima kasih yaa",5,RSIA Bunda Arif,layan sangat muas daftar bisa lewat wa jadi sangat mudah pasien tempat nyaman dokter juga lengkap terima beri yaa,Positif,Positif,0.9955,False
"Pelayanannya memuaskan, dokternya lengkap.. terima kasih banyakk",5,RSIA Bunda Arif,layan muas dokter lengkap terima beri banyakk,Positif,Positif,0.9935,False
"Pelayanan ramah, cepat dan memuaskan",5,RSIA Bunda Arif,layan ramah cepat dan muas,Positif,Positif,0.9953,False
"Konsultasi anak puas sekali, dokternya informatif untuk vaksin harga masih affordable, saya pindahan dari rs lain di bunda arif saya baru merasa puas👍🏻",5,RSIA Bunda Arif,konsultasi anak puas sekali dokter informatif untuk vaksin harga masih affordable saya pindah dari rumah sakit lain di bunda arif saya baru rasa puas,Positif,Positif,0.9421,False
"Cari vaksin untuk anak kesana kemari susah responnya lama,karena saya memastikan dahulu sebelum datang kerumah sakitnya untuk kesediannya, cuman di bunda arif tanya admin langsung di respon cepat, harga vaksin juga masih sangat affordable price. Pertahankan bunda arif untuk pelayanan nya yang fast dan clear",5,RSIA Bunda Arif,cari vaksin untuk anak kesana kemari susah responnya lamakarena saya pasti dahulu belum datang rumah sakit untuk dian hanya di bunda arif tanya admin langsung di respon cepat harga vaksin juga masih sangat affordable price tahan bunda arif untuk layan nya yang fast dan clear,Positif,Positif,0.8883,False
"pelayanan baik, perawat dan domter ramah, fasilitas baik🫶",5,RSIA Bunda Arif,layan baik awat dan domter ramah fasilitas baik,Positif,Positif,0.8924,False
"Saya pindahan dari luar kota, rencana mau vaksin influenza, sudah menghubungi beberapa rumah sakit, tapi slow response bangett, jadi saya putuskan search RS di Purwokerto yang khususkan untuk ibu dan anak dan pertama yang saya coba hubungi yaitu RS Bunda arif, saya langsung chating dengan CS yang ternyata terhubung dengan bagian pendaftaran sekaligus, saya tanyakan merk kesediaan vaksin balas nya super cepat, dan sangat bantu karena anak saya butuh vaksin cepat, langsung di arahkan dengan jadwal dokter dan ga ribet meski masih manual by WA tapi bagus dan bisa fast respon, jadwal pagi, dokter nya pun datang tepat sesuai jadwal, jadi super puas sekali, akhirnya anak saya bisa vaksin setelah kondisi dari luar kota, dan ga perlu worry lagi karena setelah vaksin di kasihkan lembar vaksin sekaligus di jadwalkan vaksin selanjutnya, harga vaksin juga masih wort it, sepadan juga dengan pelayanan yang super excellent service, setelah berbagi cerita dengan teman saya mereka bilang RS bunda arif memang RSIA yang pantas di Nilai A dan kebetulan juga teman saya juga pernah program hamil disana dan alhamdulillahberhasils sampai bisa melahirkan di RS bunda arif juga. Pertahankan selalu yaakarena kita selalu butuh pelayanan bagus seperti ini🙏",5,RSIA Bunda Arif,saya pindah dari luar kota rencana mau vaksin influenza sudah hubung beberapa rumah sakit tapi slow response bangett jadi saya putus search rumah sakit di purwokerto yang khusus untuk ibu dan anak dan pertama yang saya coba hubung yaitu rumah sakit bunda arif saya langsung chating dengan cs yang nyata hubung dengan bagi daftar sekaligus saya tanya merk sedia vaksin balas nya super cepat dan sangat bantu karena anak saya butuh vaksin cepat langsung di arah dengan jadwal dokter dan tidak rumit meski masih manual by wa tapi bagus dan bisa fast respon jadwal pagi dokter nya pun datang tepat sesuai jadwal jadi super puas sekali akhir anak saya bisa vaksin telah kondisi dari luar kota dan tidak perlu worry lagi karena telah vaksin di kasih lembar vaksin sekaligus di jadwal vaksin lanjut harga vaksin juga masih wort it padan juga dengan layan yang super excellent service telah bagi cerita dengan teman saya mereka bilang rumah sakit bunda arif memang rsia yang pantas di nilai a dan betul juga teman saya juga pernah program hamil sana dan alhamdulillahberhasils sampai bisa lahir di rumah sakit bunda arif juga tahan selalu yaakarena kita selalu butuh layan bagus seperti ini,Positif,Positif,0.9911,False
Kurang nyaman dokter telat nunggu lama,1,RSIA Bunda Arif,kurang nyaman dokter telat tunggu lama,Negatif,Negatif,0.9981,False
"tempatnya bersih, nyaman, petugasnya ramah-ramah dari pendaftaran, perawat, dan dokternya",5,RSIA Bunda Arif,tempat bersih nyaman tugas ramahramah dari daftar awat dan dokter,Positif,Positif,0.9974,False
Bisa2nya ada orang di kamar mandi lampu dimatikan pas ditanya malah tanya balik gimana bukanya minta maaf difikir saya ngga tau saya tau ☺️ dan profesional ya kak lagi kerja jangan pada cekikikan jadi kaya sekolah bukan rumah sakit,1,RSIA Bunda Arif,bisa2nya ada orang di kamar mandi lampu mati saat tanya malah tanya balik gimana buka minta maaf difikir saya tidak tau saya tau dan profesional ya kak lagi kerja jangan pada cekikik jadi kaya sekolah bukan rumah sakit,Negatif,Negatif,0.8059,False
"Tempatnya bersih dan nyaman, suasananya juga enak. Pelayanannya bagus, staffnya ramah-ramah dan responsif. Overall puas banget dengan pelayanan di sini 👍🏻",5,RSIA Bunda Arif,tempat bersih dan nyaman suasana juga enak layan bagus staffnya ramahramah dan responsif overall puas sekali dengan layan di sini,Positif,Positif,0.9977,False
"pelayanan yang sangat ramah dan terpercaya, sukses selalu bunda arif",5,RSIA Bunda Arif,layan yang sangat ramah dan percaya sukses selalu bunda arif,Positif,Positif,0.9933,False
pelayananya ramah sekali semu nakes nya juga baik baik,5,RSIA Bunda Arif,pelayananya ramah sekali semu nakes nya juga baik baik,Positif,Positif,0.9966,False
"rumah sakit ibu dan anak yang sangat nyaman, bersih, dan memprioritaskan kepuasan pasien. Alur administrasinya rapi, dokternya ramah, dan suasananya sangat kondusif. Pilihan utama untuk pelayanan kesehatan ibu dan anak di wilayah Banyumas/Purwokerto. Pertahankan terus performa terbaiknya!",5,RSIA Bunda Arif,rumah sakit ibu dan anak yang sangat nyaman bersih dan prioritas puas pasien alur administrasi rapi dokter ramah dan suasana sangat kondusif pilih utama untuk layan sehat ibu dan anak di wilayah banyumaspurwokerto tahan terus performa baik,Positif,Positif,0.9972,False
"Rs ter jelek se purwokerto yang dokter nyatelat g menghargai waktu pasien nya, yang staf2 nya pada gaje dlm penyampaian informasi bad attitude juga sopan santun nya kurang bgt pokoknya mah cukup sekali aja disini g rekomend",1,RSIA Bunda Arif,rumah sakit ter buruk se purwokerto yang dokter nyatelat g harga waktu pasien nya yang staf2 nya pada gaje dalam sampai informasi bad attitude juga sopan santun nya kurang banget pokok mah  tekan  cukup sekali saja sini g rekomend,Negatif,Negatif,0.9959,False
"Ini gimana ya maksudnya, ranap udah 6bulan lebih dan kmrn di tgl 18 saya balik lg untuk periksain anak yg sama, baru ada tagihan blm bayar materai, kenapa kemarin waktu pendaftaran ranap ngga ditagih sekalian, malu²in atas nama anak yg ditagih, tolong diperbaiki lg jgn sampai terjadi begini lg, bukannya saya ngga mau bayar materi sebesar 10ribu itu, tp ini kelalaian dr petugas, di tegur seolah olah saya yg tidak mau bayar. Ini RSIA bagus ya, tp kalo ada petugas yg begini kan jd kurang. Pdhl dr anak pertama saya udah cocok bgt sama RSIA ini, anak ranap udah 3x pelayanan jg baik semua, perawat, bidan, dokter, sampai di farmasi semua ramah. Tp krna ini saya kecewa,",1,RSIA Bunda Arif,ini gimana ya maksud rawat inap sudah 6bulan lebih dan kmrn di tgl 18 saya balik lagi untuk periksain anak yang sama baru ada tagih belum bayar materai kenapa kemarin waktu daftar rawat inap tidak tagih sekali malu in atas nama anak yang tagih tolong baik lagi jangan sampai jadi begini lagi bukan saya tidak mau bayar materi besar 10ribu itu tetapi ini lalai dari tugas di tegur olah olah saya yang tidak mau bayar ini rsia bagus ya tetapi kalo ada tugas yang begini kan jadi kurang pdhl dari anak pertama saya sudah cocok banget sama rsia ini anak rawat inap sudah 3x layan juga baik semua awat bidan dokter sampai di farmasi semua ramah tetapi krna ini saya kecewa,Negatif,Negatif,0.9872,False
Terimakasih RSIA Bunda Arif atas pelayanannya .. keren ..,5,RSIA Bunda Arif,terima kasih rsia bunda arif atas layan bagus,Positif,Positif,0.9962,False
pekerjanya ramah-ramah 👍🏻,5,RSIA Bunda Arif,kerja ramahramah,Positif,Positif,0.9822,False
2024 lahiran di RSIA Bunda Arif sangat nyaman. Pelayanan perawatan top. Semua pegawai ramah dan cepat tanggap.,5,RSIA Bunda Arif,2024 lahir di rsia bunda arif sangat nyaman layan awat sangat baik semua pegawai ramah dan cepat tanggap,Positif,Positif,0.9965,False
"Bener2 gak ekspek sama pelayanan disana , dari mulai security , admin2 nya , terutama bidan2 nya yg superrr duperrr baikkk 🫶🏻",5,RSIA Bunda Arif,sungguh benar tidak ekspek sama layan sana dari mulai security admin2 nya utama bidan2 nya yang super duper baik,Positif,Positif,0.7135,False
Masya'allah Terimakasih RS bunda arief Udh membantu istri saya lahiran,5,RSIA Bunda Arif,masya allah terima kasih rumah sakit bunda arief udh bantu istri saya lahir,Positif,Positif,0.9201,False
Memuaskann,5,RSIA Bunda Arif,memuaskann,Positif,Positif,0.9903,False
pelayananya ramah dan cepat,5,RSIA Bunda Arif,pelayananya ramah dan cepat,Positif,Positif,0.9961,False
Nyaman,5,RSUD Prof. Dr. Margono Soekarjo,nyaman,Positif,Positif,0.9972,False
"Pelayanan bagus dan ramah , memuaskan",5,RSUD Prof. Dr. Margono Soekarjo,layan bagus dan ramah muas,Positif,Positif,0.9971,False
Bagus ramah dr juga ramah,5,RSUD Prof. Dr. Margono Soekarjo,bagus ramah dari juga ramah,Positif,Positif,0.9949,False
"5 Juni 2016 Sangat kecewa dengan pelayanan salah satu perawat laki-laki berkacamata. Saat mama saya sedang kesakitan karena kateter dan saya sudah meminta agar kateternya DIPERIKSA atau DIPERBAIKI, bukannya mendapat penanganan yang saya harapkan, saya justru DITODORI SURAT PENOLAKAN PEMASANGAN KATETER. Yang membuat saya semakin kecewa, setelah itu perawat tersebut malah KETAWA KETAWA. Sebagai keluarga pasien, tentu sangat sakit hati melihat orang tua sedang kesakitan tetapi keluhannya terasa tidak ditanggapi dengan serius. Saya tidak mempermasalahkan prosedur rumah sakit jika memang ada alasan medis yang jelas. Namun, tolong tetap tunjukkan empati kepada pasien dan keluarganya. Kami datang karena membutuhkan pertolongan, bukan untuk merasa diabaikan ketika pasien sedang kesakitan. Yang bilang ""itu hal normal"" NGGAK, 2 Minggu Mama saya di rawat RS** *** tidak pernah merasakan sakit sama sekali 6 Juni 2026 Mama saya dinyatakan meninggal, meninggal memang takdir, hanya perawat itu yang buat keluarga kecewa",1,RSUD Prof. Dr. Margono Soekarjo,5 juni 2016 sangat kecewa dengan layan salah satu awat lakilaki kacamata saat mama saya sedang sakit karena kateter dan saya sudah minta agar kateter periksa atau baik bukan dapat tangan yang saya harap saya justru ditodori surat tolak pasang kateter yang buat saya makin kecewa telah itu awat sebut malah ketawa ketawa bagai keluarga pasien tentu sangat sakit hati lihat orang tua sedang sakit tetapi keluh asa tidak tanggap dengan serius saya tidak masalah prosedur rumah sakit jika memang ada alas medis yang jelas namun tolong tetap tunjuk empati kepada pasien dan keluarga kami datang karena butuh tolong bukan untuk rasa abai ketika pasien sedang sakit yang bilang itu hal normal tidak 2 minggu mama saya di rawat rumah sakit tidak pernah rasa sakit sama sekali 6 juni 2026 mama saya nyata tinggal tinggal memang takdir hanya awat itu yang untuk keluarga kecewa,Negatif,Negatif,0.9737,False
Pelayanan nya terbaik ramah dan sangat cepat oenangana pasien pasien pengguna BPJS,5,RSU Wiradadi Husada Banyumas,layan nya baik ramah dan sangat cepat oenangana pasien pasien guna bpjs sehat,Positif,Positif,0.9945,False
"RS bersih, petugas ramah dan cekatan",5,RSU Wiradadi Husada Banyumas,rumah sakit bersih tugas ramah dan cekat,Positif,Positif,0.9929,False
"Jujur kecewa bgt sama perawat ICU bener2 kecewa tidak ada kejelasan sama sekali buat keluraga pasien Tolong di perbaiki,ii pelayan perawat ICU!!!",1,RSU Wiradadi Husada Banyumas,jujur kecewa banget sama awat icu sungguh benar kecewa tidak ada jelas sama sekali untuk keluraga pasien tolong di perbaikiii layan awat icu,Negatif,Negatif,0.9976,False
Menjadikan rumah sakit terpercaya dalam berobat kamj sejak dlu apalagi kalo make kis dan BPJS,5,RSU Wiradadi Husada Banyumas,jadi rumah sakit percaya dalam obat kamj sejak dlu apalagi kalo make kis dan bpjs sehat,Positif,Positif,0.9439,False
Pelayanan kesehatan disini sigap ga ribet ngutamain banget pasien pasien pengguna BPJS terutama jkn,5,RSU Wiradadi Husada Banyumas,layan sehat sini sigap tidak rumit ngutamain sekali pasien pasien guna bpjs sehat utama jkn,Positif,Positif,0.9949,False
"Dokter, tenaga medis dan semua staff sangat ramah dan baik, pelayanan oke gercep,ruangan bersih nyaman, makananya juga enak, terimakasih rsu wiradadi Husada banyumas sudah merawat saya dengan sangat baik sampai saya sehat kembali 🤗🫰🏻",5,RSU Wiradadi Husada Banyumas,dokter tenaga medis dan semua staff sangat ramah dan baik layan baik gercepruangan bersih nyaman makananya juga enak terima kasih rumah sakit umum wiradadi husada banyumas sudah rawat saya dengan sangat baik sampai saya sehat kembali,Positif,Positif,0.9914,False
terpercaya banget dalam pengaman pasien Asien pengguna BPJS,5,RSU Wiradadi Husada Banyumas,percaya sekali dalam kam pasien asien guna bpjs sehat,Positif,Positif,0.9945,False
Pelayaan BPJS pada rhmaha sakit ini sanvat sangatlah terpercaya dan sangat sangat memuaskan 😌🙂☺,5,RSU Wiradadi Husada Banyumas,pelayaan bpjs sehat pada rhmaha sakit ini sanvat sangat percaya dan sangat sangat muas,Positif,Positif,0.936,False
Pelayanan cepat dan ramah,5,RSU Wiradadi Husada Banyumas,layan cepat dan ramah,Positif,Positif,0.995,False
Pelayan cepat gesit dan terpercaya,5,RSU Wiradadi Husada Banyumas,layan cepat gesit dan percaya,Positif,Positif,0.9906,False
Pelayan cepat satset dan ga ribet dalam penanganan pasien pasien pengguna BPJS,5,RSU Wiradadi Husada Banyumas,layan cepat satset dan tidak rumit dalam tangan pasien pasien guna bpjs sehat,Positif,Positif,0.9954,False
Memang jos gabdos pelayan di sini ga ribet cepat dan taktis apalagi kalo pake BPJS kesehatan sangat sangat di utamakan mantap selallu wira dadi 😘🥰😍🤩,5,RSU Wiradadi Husada Banyumas,memang jos gabdos layan di sini tidak rumit cepat dan taktis apalagi kalo pake bpjs sehat sehat sangat sangat di utama sangat baik selallu wira dadi,Positif,Positif,0.9818,False
Pelayanannya cepat dan ga ribet dalam penanganan pasien pasien terutama pengguna BPJS,5,RSU Wiradadi Husada Banyumas,layan cepat dan tidak rumit dalam tangan pasien pasien utama guna bpjs sehat,Positif,Positif,0.9962,False
Percaya ga percaya pelayanan disini super super memuaskan apalgi kalo kita make BPJS disini antriannya di percepat ga ribet obat pun mujarab makasih banget pokoknya,5,RSU Wiradadi Husada Banyumas,percaya tidak percaya layan sini super super muas apalgi kalo kita make bpjs sehat sini antri di cepat tidak rumit obat pun mujarab terima kasih sekali pokok,Positif,Positif,0.9969,False
Selalu tenang ketika berobat disini ga ribet apa lagi kalo make Jkn,5,RSU Wiradadi Husada Banyumas,selalu tenang ketika obat sini tidak rumit apa lagi kalo make jkn,Positif,Positif,0.9935,False
"Pernah kecewa disini. Trus curhat di sini, posisi msh di ruang inap. Langsung direktur RS datang ke kamar😀 Akhir cerita hapus ulasan 🤣",5,RSU Wiradadi Husada Banyumas,pernah kecewa sini trus curhat di sini posisi msh di ruang inap langsung direktur rumah sakit datang ke kamar akhir cerita hapus ulas,Positif,Netral,0.5388,True
Ga pernah ngecewain memanag RSI ini sangat mengutamakan pasien pasien pengguna BPJS mantaap,5,RSU Wiradadi Husada Banyumas,tidak pernah ngecewain memanag rumah sakit islam ini sangat utama pasien pasien guna bpjs sehat mantaap,Positif,Positif,0.9907,False
Pelayanan memuaskan terpercaya sangat ramah dan cepat dalam pelayanan penggunaan BPJS apalagi antri pake JKN cepat dan ga ribet,5,RSU Wiradadi Husada Banyumas,layan muas percaya sangat ramah dan cepat dalam layan guna bpjs sehat apalagi antre pake jkn cepat dan tidak rumit,Positif,Positif,0.9968,False
Pelayanannya luarbiasa bangeet dan snagat satset ga ribet unghil pokoknya apalagi di permudah kalo memakai BPJS kesehatan,5,RSU Wiradadi Husada Banyumas,layan luarbiasa bangeet dan snagat satset tidak rumit unghil pokok apalagi di mudah kalo pakai bpjs sehat sehat,Positif,Positif,0.9968,False
Memang jos gandos pelayanan JKN disini selalu terdepan terpercaya mantaaap memang pelayanan Disni menggunakan JKN BPJS antriannya sangat mudah dan selalu di utamakan di percepat,5,RSU Wiradadi Husada Banyumas,memang jos gandos layan jkn sini selalu depan percaya sangat baik memang layan disni guna jkn bpjs sehat antri sangat mudah dan selalu di utama di cepat,Positif,Positif,0.9959,False
Pelayanan terpercaya dalam berobat kami pengguna BPJS 😘🥰😍,5,RSU Wiradadi Husada Banyumas,layan percaya dalam obat kami guna bpjs sehat,Positif,Positif,0.8528,False
Pelayanan cepat sigap tanggap dalam pelayanan pengobatan saya dan keluarga pengguna BPJS,5,RSU Wiradadi Husada Banyumas,layan cepat sigap tanggap dalam layan obat saya dan keluarga guna bpjs sehat,Positif,Positif,0.9358,False
Pelayann selalu sigap cepat terpercaya bagi seluruh anggota ke luarga kami pengguna BPJS,5,RSU Wiradadi Husada Banyumas,pelayann selalu sigap cepat percaya bagi seluruh anggota ke luarga kami guna bpjs sehat,Positif,Positif,0.9598,False
Pemulihannya cepet dokter terpercaya selalu ramah dan unggul dalam melayani pasien pasien pengguna BPJS,5,RSU Wiradadi Husada Banyumas,pulih cepet dokter percaya selalu ramah dan unggul dalam layan pasien pasien guna bpjs sehat,Positif,Positif,0.9932,False
Pelayanan cepat dan akurat,5,RSU Wiradadi Husada Banyumas,layan cepat dan akurat,Positif,Positif,0.9872,False
pelayanan cepat ga ribet apalagi KLO pake aplikasi Jkn antrian ga perlu lama lama bagi pengguna BPJS,5,RSU Wiradadi Husada Banyumas,layan cepat tidak rumit apalagi kalau pake aplikasi jkn antri tidak perlu lama lama bagi guna bpjs sehat,Positif,Positif,0.994,False
"Alhamdulillah pelayanan memake BPJS disini lancar banget ga ri bet selallu di utamakan bagi kami pasien pasiennya, memang topcer pengobatannya pojoknya terimakasih banyak yah ,😘🥰😍🥳",5,RSU Wiradadi Husada Banyumas,alhamdulillah layan memake bpjs sehat sini lancar sekali tidak republik indonesia bet selallu di utama bagi kami pasien pasien memang topcer obat pojok terima kasih banyak yah,Positif,Positif,0.9816,False
Dengan pelayanan menggunakan jkn dan BPJS anak saya terobati dengan baik terimakasih banyak Wiradadi 🥰😘😍😚😙,5,RSU Wiradadi Husada Banyumas,dengan layan guna jkn dan bpjs sehat anak saya obat dengan baik terima kasih banyak wiradadi,Positif,Positif,0.6642,False
pelayanan BPJS terbaik teruntuk keluarga saya kontrol mantaap memang pelayanan disni unggul satset ga ribet,5,RSU Wiradadi Husada Banyumas,layan bpjs sehat baik untuk keluarga saya kontrol mantaap memang layan disni unggul satset tidak rumit,Positif,Positif,0.9946,False
Emang ga pernah salah ngasih kepercayaan penuh pengobatan menggunakan BPJS di rumah sakit ini memang top markotop terbaik dan sangat maju alat alatnya🥰😘🥰😘,5,RSU Wiradadi Husada Banyumas,memang tidak pernah salah beri percaya penuh obat guna bpjs sehat di rumah sakit ini memang sangat baik markotop baik dan sangat maju alat alat,Positif,Positif,0.9923,False
"Perawat Azzaetun ramah"", kerjanya cekatan",5,RSU Wiradadi Husada Banyumas,awat azzaetun ramah kerja cekat,Positif,Positif,0.9857,False
"Dulu pernah priksa (USG) disini tapi sama dokternya di takutin² katanya 1 minggu lagi bayinya harus dilahirkan padahl bb bayinya baru 1,9kg😂dan itu katanya udah mau usia 39minggu, tapi aku gak nurutin alhasil priksa ke rs lain ternyata bb bayi nya udah 2,6kg, dan Alhamdulillah lahir sesuai hpl dan berat badanya 3kg + lahiran normal🤪😜",1,RSIA Budhi Asih,dulu pernah priksa usg sini tapi sama dokter di takutin kata 1 minggu lagi bayi harus lahir padahl bb bayi baru 19kgdan itu kata sudah mau usia 39minggu tapi saya tidak nurutin alhasil priksa ke rumah sakit lain nyata bb bayi nya sudah 26kg dan alhamdulillah lahir sesuai hpl dan berat bada 3kg lahir normal,Negatif,Netral,0.7631,True
Dokternya lama bgt di jadwal 17.00 ini udh mau jam 18.00 blm dateng 🥹 capek nunggunya,1,RSIA Budhi Asih,dokter lama banget di jadwal 1700 ini udh mau jam 1800 belum dateng capek nunggunya,Negatif,Negatif,0.9911,False
"Hay dr.purwa Sp.OG terimakasih banyak sudah menemani perjalanan segala keluh kesah perempuan khususnya saya. Beliau sangat berempati dan sangat tenang dalam memberikan edukasi. Tuturkatanya membuat pasien lebih semangat dan menghargai kondisi kehidupan. Hati tenang, perjalanan kontrol pun menyenangkan. Sehat-sehat dokter, panjang umur dan semoga Alloh meridhoi saya bertemu dr. Purwa yang menjadi plenayara-Nya (aamiin)",5,RSU An Ni'mah,hay drpurwa spog terima kasih banyak sudah tani jalan segala keluh kesah perempuan khusus saya beliau sangat empat dan sangat tenang dalam beri edukasi tuturkatanya buat pasien lebih semangat dan harga kondisi hidup hati tenang jalan kontrol pun senang sehatsehat dokter panjang umur dan moga alloh meridhoi saya temu dari purwa yang jadi plenayaranya aamiin,Positif,Positif,0.9818,False
Tempat dan lokasinya bagus tapi pelayanan nya kurang memuaskan,3,RSU An Ni'mah,tempat dan lokasi bagus tapi layan nya kurang muas,Netral,Negatif,0.9938,True
pelayanan memuaskan,5,RSU An Ni'mah,layan muas,Positif,Positif,0.996,False
"Saya sangat puas dengan pelayanan di RSU An Ni’mah Wangon. Mulai dari bagian pendaftaran, perawat, hingga dokter semuanya ramah dan profesional. Fasilitas rumah sakit bersih dan nyaman. Penanganan pasien cepat dan informatif. Lokasi juga mudah dijangkau. Sangat direkomendasikan bagi siapa pun yang membutuhkan pelayanan kesehatan di daerah Wangon.",5,RSU An Ni'mah,saya sangat puas dengan layan di rumah sakit umum an nimah wangon mulai dari bagi daftar awat hingga dokter semua ramah dan profesional fasilitas rumah sakit bersih dan nyaman tangan pasien cepat dan informatif lokasi juga mudah jangkau sangat rekomendasi bagi siapa pun yang butuh layan sehat di daerah wangon,Positif,Positif,0.9975,False
"Pelayanan di RSU An’nimah Wangon cukup baik, stafnya ramah dan responsif. Fasilitas juga cukup lengkap dan lingkungan rumah sakit bersih serta nyaman.",5,RSU An Ni'mah,layan di rumah sakit umum annimah wangon cukup baik staf ramah dan responsif fasilitas juga cukup lengkap dan lingkung rumah sakit bersih serta nyaman,Positif,Positif,0.9934,False
"Hari ini bawa orang tua periksa ke igd an Nikmah, RS nya sudah bagus dan baru, igd nya luas, penanganan cepat, tidak ribet, semoga sukses selalu RS an Nikmah untuk kedepannya.",5,RSU An Ni'mah,hari ini bawa orang tua periksa ke instalasi gawat darurat an nikmah rumah sakit nya sudah bagus dan baru instalasi gawat darurat nya luas tangan cepat tidak rumit moga sukses selalu rumah sakit an nikmah untuk depan,Positif,Positif,0.9804,False
"Saya masuk IGD dengan kondisi tekanan darah tinggi 183/128, dan posisi asma mengik itu sudah masuk kriteria kegawat darurat an harusnya bisa di cover BPJS, tetapi malah di arahkan sebagai pasien umum",1,RSU An Ni'mah,saya masuk instalasi gawat darurat dengan kondisi tekan darah tinggi 183128 dan posisi asma mengik itu sudah masuk kriteria gawat darurat an harus bisa di cover bpjs sehat tetapi malah di arah bagai pasien umum,Negatif,Negatif,0.9002,False
"pelayanannya ramah dan cepat, tempatnya bersih. pokonya sangat rekomended",5,RSU An Ni'mah,layan ramah dan cepat tempat bersih poko sangat rekomendasi,Positif,Positif,0.9983,False
"Pengalaman lahiran disini + menginap, ruangannya sangat nyaman, fasilitasnya oke. Perawat, dokter dan pegawainya ramah, biayanya juga murah. Terimakasih atas pelayanannya..",5,RSU An Ni'mah,alam lahir sini inap ruang sangat nyaman fasilitas baik awat dokter dan pegawai ramah biaya juga murah terima kasih atas layan,Positif,Positif,0.9979,False
Menurut pengalaman saya pribadi untuk di UGD prosesnya cepat langsung mendapatkan penanganan untuk ruangan nyaman bersih toilet wangi dan untuk suster jaga selalu kontrol kasih obat dan ganti infus trmksh untuk RS anima,5,RSU An Ni'mah,turut alam saya pribadi untuk di ugd proses cepat langsung dapat tangan untuk ruang nyaman bersih toilet wangi dan untuk suster jaga selalu kontrol beri obat dan ganti infus trmksh untuk rumah sakit anima,Positif,Positif,0.9516,False
"Di RSU An Ni'mah pelayanannya sangat memuaskan. Dokter, perawat, dan seluruh staf ramah, sigap, serta memberikan penjelasan dengan baik sehingga pasien merasa lebih tenang. Proses pendaftaran cukup mudah, lingkungan rumah sakit bersih, rapi, dan nyaman. Fasilitasnya juga memadai dengan pelayanan yang cepat. Semoga kualitas pelayanan yang sudah baik ini terus dipertahankan dan semakin ditingkatkan. Sangat direkomendasikan bagi yang membutuhkan layanan kesehatan di wilayah Banyumas dan sekitarnya. Terimakasih RSU An Ni'mah",5,RSU An Ni'mah,di rumah sakit umum an nimah layan sangat muas dokter awat dan seluruh staf ramah sigap serta beri jelas dengan baik sehingga pasien rasa lebih tenang proses daftar cukup mudah lingkung rumah sakit bersih rapi dan nyaman fasilitas juga pada dengan layan yang cepat moga kualitas layan yang sudah baik ini terus tahan dan makin tingkat sangat rekomendasi bagi yang butuh layan sehat di wilayah banyumas dan sekitar terima kasih rumah sakit umum an nimah,Positif,Positif,0.9957,False
"RSU swasta terbaik,, Pelayanan sangat baik Dokter perawat juga pada baik-baik Rumah sakitnya modern Bersih dan rapi",5,RSU An Ni'mah,rumah sakit umum swasta baik layan sangat baik dokter awat juga pada baikbaik rumah sakit modern bersih dan rapi,Positif,Positif,0.9958,False
"Rumah sakit yang pelayanan kesehatan sangat memuaskan,yg mengutamakan masyarakat dengan pelayanan prima,profesional dan islami",5,RSU An Ni'mah,rumah sakit yang layan sehat sangat memuaskanyg utama masyarakat dengan layan primaprofesional dan islami,Positif,Positif,0.995,False
"Saya memiliki kesan yang baik terhadap RSU Annimah. Lingkungan rumah sakit terlihat bersih, tertata rapi, dan memberikan suasana yang nyaman. Pelayanan dari staf juga ramah dan komunikatif sehingga membuat pengunjung merasa terbantu. Saya juga melihat adanya pemanfaatan teknologi dalam mendukung pelayanan. Sebagai seseorang yang memiliki minat di bidang teknologi informasi dan pemrograman, saya mengapresiasi upaya rumah sakit dalam meningkatkan kualitas layanan melalui sistem yang baik. Semoga RSU Annimah terus berkembang dan memberikan pelayanan kesehatan terbaik bagi masyarakat.",5,RSU An Ni'mah,saya milik kesan yang baik hadap rumah sakit umum annimah lingkung rumah sakit lihat bersih tata rapi dan beri suasana yang nyaman layan dari staf juga ramah dan komunikatif sehingga buat unjung rasa bantu saya juga lihat ada manfaat teknologi dalam dukung layan bagai orang yang milik minat di bidang teknologi informasi dan pemrograman saya apresiasi upaya rumah sakit dalam tingkat kualitas layan lalu sistem yang baik moga rumah sakit umum annimah terus kembang dan beri layan sehat baik bagi masyarakat,Positif,Positif,0.9928,False
"RSU An Ni'mah sekarang jauh sangat lebih baik dari berbagai hal : gedungnya bagus, pelayanannya baik, tindakan cepat dan tepat, memiliki poli yang lebih lengkap.",5,RSU An Ni'mah,rumah sakit umum an nimah sekarang jauh sangat lebih baik dari bagai hal gedung bagus layan baik tindak cepat dan tepat milik poliklinik yang lebih lengkap,Positif,Positif,0.9933,False
Best,5,RSU An Ni'mah,bagus,Positif,Positif,0.9965,False
"RSU ANNIMAH SANGAT NYAMAN DAN REKOMEN,PELAYANAN CEPAT NYAMAN",5,RSU An Ni'mah,rumah sakit umum annimah sangat nyaman dan rekomenpelayanan cepat nyaman,Positif,Positif,0.997,False
Pelayanannya bagus,5,RSU An Ni'mah,layan bagus,Positif,Positif,0.9974,False
Mantap semoga sukses,5,RSU An Ni'mah,sangat baik moga sukses,Positif,Positif,0.9904,False
pelayanan ramah & sangat bagus nyaman tempatnyaa,5,RSU An Ni'mah,layan ramah sangat bagus nyaman tempatnyaa,Positif,Positif,0.997,False
"Pelayanannya baik, ramah",5,RSU An Ni'mah,layan baik ramah,Positif,Positif,0.9961,False
"Pelayanan sangat baik, petugas ramah-ramah",5,RSU An Ni'mah,layan sangat baik tugas ramahramah,Positif,Positif,0.9951,False
"Pelayanan baik, fasilitas baik",5,RSU An Ni'mah,layan baik fasilitas baik,Positif,Positif,0.9923,False
"Pelayanan baik, staf ramah",5,RSU An Ni'mah,layan baik staf ramah,Positif,Positif,0.995,False
Lokasinya strategis dan mudah ditemukan karena berada di pinggir jalan. Semoga pelayanan RSU An Ni'mah selalu semakin baik.,5,RSU An Ni'mah,lokasi strategis dan mudah temu karena ada di pinggir jalan moga layan rumah sakit umum an nimah selalu makin baik,Positif,Positif,0.9969,False
"Rumah sakit ternyaman dan bersih, dengan fasilitas yang bagus dan pelayanan nya juga ramah. saya pernah lahiran disini & dikasih bingkisan.. Mantapp 👍🏻",5,RSU An Ni'mah,rumah sakit nyaman dan bersih dengan fasilitas yang bagus dan layan nya juga ramah saya pernah lahir sini kasih bingkis mantapp,Positif,Positif,0.9976,False
"pelayanan super duper baguss, sangat menjaga kebersihan dan ramah",5,RSU An Ni'mah,layan super duper bagus sangat jaga bersih dan ramah,Positif,Positif,0.9965,False
"Fasilitasnya lengkap, pelayanannya baik, petugasnya juga ramah2 👍🏻",5,RSU An Ni'mah,fasilitas lengkap layan baik tugas juga sangat ramah,Positif,Positif,0.9946,False
"Pelayanannya oke banget, bersihh, dan nyamann",5,RSU An Ni'mah,layan baik sekali bersihh dan nyamann,Positif,Positif,0.9977,False
"Pelayanannya ramah, prosesnya cukup cepat, dan rumah sakitnya bersih. Thx🫶🏻🫶🏻",5,RSU An Ni'mah,layan ramah proses cukup cepat dan rumah sakit bersih terima kasih,Positif,Positif,0.9935,False
Sangat oke,5,RSU An Ni'mah,sangat baik,Positif,Positif,0.9961,False
"Disclaimer: Saya belum pernah dirawat atau melakukan pemeriksaan medis di sini, jadi ulasan ini saya tulis berdasarkan pengalaman saya sebagai pengunjung/penjenguk pasien di RSU An-Ni'mah dan sebagai warga Wangon yang setiap hari lewat depan RSU An-Ni'mah. Selama beberapa kali menjenguk kerabat, impresi saya sangat positif. Ruangan perawatan yang saya temui terasa proper, nyaman, dan ramah anak. Staf dan penjaga di sini juga sejauh ini sangat baik dan tidak ada kendala terkait etika pelayanan. Jika dibandingkan dengan rumah sakit lain di area Wangon, menurut saya RSU An-Ni'mah adalah yang paling progresif. Fasilitas terlihat sangat lengkap dan perubahannya terasa cepat. Saat ini pun terlihat sedang ada pembangunan masif untuk gedung baru dan peningkatan layanan IGD, yang menurut saya langkah luar biasa untuk meningkatkan kualitas pelayanan bagi warga. Selain fasilitas di dalam, lingkungan sekitar rumah sakit sangat mendukung. Parkir luas, di seberang jalan ada toko buah (sangat memudahkan jika ingin membawa buah tangan untuk pasien), serta banyak toko kelontong dan pedagang kaki lima di sekitar lokasi. Jadi, penunggu pasien tidak akan kesulitan mencari kebutuhan sehari-hari. Secara keseluruhan, impresi saya terhadap RSU An-Ni'mah sangat baik. Rumah sakit ini tampak selalu berkembang ke arah yang positif.",5,RSU An Ni'mah,disclaimer saya belum pernah rawat atau laku periksa medis di sini jadi ulas ini saya tulis dasar alam saya bagai pengunjungpenjenguk pasien di rumah sakit umum annimah dan bagai warga wangon yang tiap hari lewat depan rumah sakit umum annimah lama beberapa kali jenguk kerabat impresi saya sangat positif ruang awat yang saya temu asa proper nyaman dan ramah anak staf dan jaga di sini juga jauh ini sangat baik dan tidak ada kendala kait etika layan jika banding dengan rumah sakit lain di area wangon turut saya rumah sakit umum annimah adalah yang paling progresif fasilitas lihat sangat lengkap dan ubah asa cepat saat ini pun lihat sedang ada bangun masif untuk gedung baru dan tingkat layan instalasi gawat darurat yang turut saya langkah luar biasa untuk tingkat kualitas layan bagi warga selain fasilitas di dalam lingkung sekitar rumah sakit sangat dukung parkir luas di seberang jalan ada toko buah sangat mudah jika ingin bawa buah tangan untuk pasien serta banyak toko kelontong dan dagang kaki lima di sekitar lokasi jadi tunggu pasien tidak akan sulit cari butuh seharihari cara seluruh impresi saya hadap rumah sakit umum annimah sangat baik rumah sakit ini tampak selalu kembang ke arah yang positif,Positif,Positif,0.9852,False
"Pelayanan yang diberikan sangat baik, ramah, dan profesional. Fasilitas bersih dan lingkungan rumah sakit nyaman",5,RSU An Ni'mah,layan yang beri sangat baik ramah dan profesional fasilitas bersih dan lingkung rumah sakit nyaman,Positif,Positif,0.9964,False
Pelayanan prima,5,RSU An Ni'mah,layan prima,Positif,Positif,0.9953,False
"Bersih, Nyaman, Strategis, Pelayanan Baik",5,RSU An Ni'mah,bersih nyaman strategis layan baik,Positif,Positif,0.9968,False
"Pelayanan di rumah sakit sangat baik. Dokter dan perawat ramah, sigap, serta memberikan penjelasan dengan jelas. Proses administrasi cukup cepat dan fasilitasnya bersih serta nyaman. Terima kasih atas pelayanannya.",5,RSU An Ni'mah,layan di rumah sakit sangat baik dokter dan awat ramah sigap serta beri jelas dengan jelas proses administrasi cukup cepat dan fasilitas bersih serta nyaman terima beri atas layan,Positif,Positif,0.9972,False
"Rumah Sakit dengan lokasi yang strategis, pelayanan semakin bertambah, desainnya kekinian dan modern..",5,RSU An Ni'mah,rumah sakit dengan lokasi yang strategis layan makin tambah desain kini dan modern,Positif,Positif,0.9965,False
"pelayanan bagus, responsif dan memuaskan pokoknya",5,RSU An Ni'mah,layan bagus responsif dan muas pokok,Positif,Positif,0.9971,False
Perawatan disini cukup bagus dan cepat ditangani,5,RSU An Ni'mah,awat sini cukup bagus dan cepat tangan,Positif,Positif,0.9942,False
Pelayanan bagus,5,RSU An Ni'mah,layan bagus,Positif,Positif,0.9969,False
RS dengan pelayanan yang baik dan staff nya juga profesional,5,RSU An Ni'mah,rumah sakit dengan layan yang baik dan staff nya juga profesional,Positif,Positif,0.9926,False
"Pelayanan profesional, fasilitas nyaman, dan proses administrasi cukup cepat. Sangat direkomendasikan.",5,RSU An Ni'mah,layan profesional fasilitas nyaman dan proses administrasi cukup cepat sangat rekomendasi,Positif,Positif,0.9976,False
"Pelayanan di RSU An Ni'mah sangat memuaskan. Tenaga kesehatan responsif, ramah, dan memberikan penjelasan yang mudah dipahami. Lingkungan rumah sakit juga bersih dan tertata dengan baik. Terima kasih atas pelayanan yang diberikan.",5,RSU An Ni'mah,layan di rumah sakit umum an nimah sangat muas tenaga sehat responsif ramah dan beri jelas yang mudah paham lingkung rumah sakit juga bersih dan tata dengan baik terima beri atas layan yang beri,Positif,Positif,0.9968,False
"Recomended pelayanan baik dan ramah, lokasinya strategis mudah dijangkau, sukses selalu.",5,RSU An Ni'mah,recomended layan baik dan ramah lokasi strategis mudah jangkau sukses selalu,Positif,Positif,0.997,False
"Rumah sakit yang sangat deket dengan rumah, dari bangunan masih awal hingga sangat megah berlantai lantai saat ini, menunjukan komitmen yang sangat serius dalam hal pelayanan kesehatan untuk masyrakat dan didukung dengan teknologi kesehatan yang canggih serta ternaga kesehatan yang sangat kompetensi di bidangnya. Maju terus Rs An Nimah.",5,RSU An Ni'mah,rumah sakit yang sangat deket dengan rumah dari bangun masih awal hingga sangat megah lantai lantai saat ini tunjuk komitmen yang sangat serius dalam hal layan sehat untuk masyrakat dan dukung dengan teknologi sehat yang canggih serta naga sehat yang sangat kompetensi di bidang maju terus rumah sakit an nimah,Positif,Positif,0.9962,False
"semoga RS An Nimah ini terus memberikan pelayanan yg terbaik untuk pasiennya, dan semoga selalu menjadi rumah sakit yg memberikan pelayanan kesehatan yg profesional dan bermanfaat bagi masyarakat. Sukses selalu RS An Nimah.",5,RSU An Ni'mah,moga rumah sakit an nimah ini terus beri layan yang baik untuk pasien dan moga selalu jadi rumah sakit yang beri layan sehat yang profesional dan manfaat bagi masyarakat sukses selalu rumah sakit an nimah,Positif,Positif,0.9867,False
"Pelayanan di RSU An Ni'mah sangat baik. Dokter dan perawat ramah, komunikatif, serta memberikan penjelasan dengan jelas. Proses pendaftaran cukup cepat dan fasilitas rumah sakit bersih serta nyaman. Semoga kualitas pelayanan yang sudah baik ini terus dipertahankan dan semakin ditingkatkan. Terima kasih kepada seluruh tenaga medis atas dedikasinya.",5,RSU An Ni'mah,layan di rumah sakit umum an nimah sangat baik dokter dan awat ramah komunikatif serta beri jelas dengan jelas proses daftar cukup cepat dan fasilitas rumah sakit bersih serta nyaman moga kualitas layan yang sudah baik ini terus tahan dan makin tingkat terima beri kepada seluruh tenaga medis atas dedikasi,Positif,Positif,0.9923,False
Alhamdulillah RS dengan pelayanan yang cukup baik Semoga RS an ni'mah bisa selalu konsisten kedepannya dan melayani masyarakat menjadi tujuan utamanya.,5,RSU An Ni'mah,alhamdulillah rumah sakit dengan layan yang cukup baik moga rumah sakit an nimah bisa selalu konsisten depan dan layan masyarakat jadi tuju utama,Positif,Positif,0.9806,False
👍👍👍,5,RSU An Ni'mah,,Positif,Positif,0.9349,False
"service profesiional, staf ramah, rs nya modernn",5,RSU An Ni'mah,service profesiional staf ramah rumah sakit nya modernn,Positif,Positif,0.9943,False
"Pelayanan di Rumah Sakit Umum An Ni'mah sangat baik. Staf medis dan karyawan ramah, memberikan penjelasan yang jelas, dan merawat pasien dengan sabar. Fasilitas rumah sakit juga bersih dan nyaman.",5,RSU An Ni'mah,layan di rumah sakit umum an nimah sangat baik staf medis dan karyawan ramah beri jelas yang jelas dan rawat pasien dengan sabar fasilitas rumah sakit juga bersih dan nyaman,Positif,Positif,0.9975,False
"Fasilitas ruangannya bersih dan terawat dengan baik. Suasana di rumah sakit juga nyaman serta tenang, sangat membantu proses pemulihan pasien.",5,RSU An Ni'mah,fasilitas ruang bersih dan awat dengan baik suasana di rumah sakit juga nyaman serta tenang sangat bantu proses pulih pasien,Positif,Positif,0.9979,False
Perawat nya luar biasa👍🏻dokter nya baik bangget,5,RSU Santa Elisabeth Purwokerto,awat nya luar biasadokter nya baik bangget,Positif,Positif,0.9897,False
"Memang the best pelayanan di RSU Elisabeth dari perawatnya sampai dokternya ramah tamah 😍 hamil anak pertama dari kontrol sd melahirkan selalu membersamai, bulan kemarin anak opname jg penangannya bintang lima pokoknya, ruangannya juga bersih rapi pokoknya nyaman, sukses selalu RSU Elisabeth 🥰😍😍",5,RSU Santa Elisabeth Purwokerto,memang the bagus layan di rumah sakit umum elisabeth dari awat sampai dokter ramah tamah hamil anak pertama dari kontrol sd lahir selalu sama bulan kemarin anak opname juga nang bintang lima pokok ruang juga bersih rapi pokok nyaman sukses selalu rumah sakit umum elisabeth,Positif,Positif,0.9947,False
"Pelayanannya bagus..perawat,bidan,dokter ramah2..pelayanannya cepat…recomend bgt..",5,RSU Santa Elisabeth Purwokerto,layan bagusperawatbidandokter ramah2pelayanannya cepatrecomend banget,Positif,Positif,0.9955,False
Sangat memuaska. Skill tenaga kerjanya terbaik karena kebanyakan dr mereka adalah senior,5,RSU Santa Elisabeth Purwokerto,sangat memuaska skill tenaga kerja baik karena banyak dari mereka adalah senior,Positif,Positif,0.9895,False
Rs elisabeth emang the best 😍,5,RSU Santa Elisabeth Purwokerto,rumah sakit elisabeth memang the bagus,Positif,Positif,0.9912,False
"Tempatnya bersih,pelayanan bagus",5,RSU Santa Elisabeth Purwokerto,tempat bersihpelayanan bagus,Positif,Positif,0.9974,False
"Pengalaman saya pada saat dirawat sebagai pasien dan menjadi penunggu pasien pada saat mamah dan kakak saya di rawat di RSU St Elisabeth Purwokerto. para perawat di IGD sangat ramah dan cekatan dalam melakukan pelayanan. dokter juga menerangkannya pun dengan sangat jelas dan rinci. perawat di rawat inap juga selalu mengecek setiap Waktu, selalu dipantau perkembangannya dengan sangat teliti, telaten, cekatan. lingkungan nya nyaman dan bersih. para petugas baik perawat, cs, gizi dan semua sangat ramah. selain itu juga selalu ada kunjungan dari para Suster OP dan Pastoral Care rumah sakit untuk turut mendoakan kesembuhan pasien juga.. Terimakasih RSU St Elisabeth. Tuhan Yesus Memberkati 😇🙏🏻",5,RSU Santa Elisabeth Purwokerto,alam saya pada saat rawat bagai pasien dan jadi tunggu pasien pada saat mamah dan kakak saya di rawat di rumah sakit umum st elisabeth purwokerto para awat di instalasi gawat darurat sangat ramah dan cekat dalam laku layan dokter juga terang pun dengan sangat jelas dan rinci awat di rawat inap juga selalu ecek tiap waktu selalu pantau kembang dengan sangat teliti telaten cekat lingkung nya nyaman dan bersih para tugas baik awat cs gizi dan semua sangat ramah selain itu juga selalu ada kunjung dari para suster op dan pastoral care rumah sakit untuk turut doa sembuh pasien juga terima kasih rumah sakit umum st elisabeth tuhan yesus kati,Positif,Positif,0.9918,False
"Terimakasih banyak atas pelayanannya RS.elisabeth, terkhusus untuk ruang Fransiskus pelayanannya oke, perawatnya baik"",ramah, ruangannya bersih dan nyaman.",5,RSU Santa Elisabeth Purwokerto,terima kasih banyak atas layan rselisabeth khusus untuk ruang fransiskus layan baik awat baikramah ruang bersih dan nyaman,Positif,Positif,0.9973,False
Sangat baik,5,RSU Santa Elisabeth Purwokerto,sangat baik,Positif,Positif,0.9952,False
Pelayanannya sangat baik,5,RSU Santa Elisabeth Purwokerto,layan sangat baik,Positif,Positif,0.9968,False
"Ruang fransiskus pelayanannya sangatt ramah susternya baik2 semua , cepat tanggap ruangan bersih",5,RSU Santa Elisabeth Purwokerto,ruang fransiskus layan sangatt ramah suster baik2 semua cepat tanggap ruang bersih,Positif,Positif,0.9965,False
"Rumah sakit Elisabeth tempat pengobatan yang menyenangkan, dan melayani dengan ramah. 🙏",5,RSU Santa Elisabeth Purwokerto,rumah sakit elisabeth tempat obat yang senang dan layan dengan ramah,Positif,Positif,0.9824,False
"Pengalaman dirumah sakit Elisabeth purwokerto pelayanan nya baik, orangnya ramah, dan melayani dengan sabar",5,RSU Santa Elisabeth Purwokerto,alam rumah sakit elisabeth purwokerto layan nya baik orang ramah dan layan dengan sabar,Positif,Positif,0.9952,False
Di Rumah sakit Elisabeth Purwokerto tempatnya nyaman dan orang nya ramah,5,RSU Santa Elisabeth Purwokerto,di rumah sakit elisabeth purwokerto tempat nyaman dan orang nya ramah,Positif,Positif,0.9963,False
Pengalaman kontrol hamil dan melahirkan di RS Elisabeth yang sangat baik. Dokter dan bidan bidan yang sangat sigap dan telaten.,5,RSU Santa Elisabeth Purwokerto,alam kontrol hamil dan lahir di rumah sakit elisabeth yang sangat baik dokter dan bidan bidan yang sangat sigap dan telaten,Positif,Positif,0.9956,False
"Tempat nya nyaman, parkiran luas dan perawatnya ramah",5,RSU Santa Elisabeth Purwokerto,tempat nya nyaman parkir luas dan awat ramah,Positif,Positif,0.9975,False
Tempat strategis.,5,RSU Santa Elisabeth Purwokerto,tempat strategis,Positif,Positif,0.9944,False
"Ketemu perawat yang buat sakit hati cara ngomongnya. Almh ibu sy masuk kondisi kesadaran menurun msh diblg gak bs kooperatif. Gmn mau kooperatif kondisinya kesadarannya jg menurun. Kedua, dy perawat tp sdh langsung bilang ini telat udah susah, maksudnya? Kalau sy sebagai anak pasien kita tau kondisinya memang sdg krg baik si pasien almh ibu sy tp sy memohon utk disampaikan kekeluarga sj jgn di dpn pasien tp si perawat masih blg dokter jg akan blg gt, ini jg gak akan dgr jg sy ngmg. Disitu sy makin naik darah dan langsung marah krn meski gmn pun sy yakin almh tetap bs mendengar hny sj tdk bs merespon. Saat itu yg sy butuhkan adlh semangat baik utk sy ataupun pasien bukan dgn kata2 yg menurut sy tdk pantas sbg seorang perawat. Yg bs menentukan jg seharusnya dokter bukan perawat.",3,RSU Santa Elisabeth Purwokerto,ketemu awat yang untuk sakit hati cara ngomongnya almh ibu saya masuk kondisi sadar turun msh diblg tidak bs kooperatif gmn mau kooperatif kondisi sadar juga turun dua dy awat tetapi sudah langsung bilang ini telat sudah susah maksud kalau saya bagai anak pasien kita tau kondisi memang sdg krg baik si pasien almh ibu saya tetapi saya mohon untuk sampai keluarga sj jangan di dpn pasien tetapi si awat masih blg dokter juga akan blg gt ini juga tidak akan dgr juga saya ngmg situ saya makin naik darah dan langsung marah karena meski gmn pun saya yakin almh tetap bs dengar hny sj tidak bs merespon saat itu yang saya butuh adlh semangat baik untuk saya atau pasien bukan dgn kata2 yang turut saya tidak pantas bagai orang awat yang bs tentu juga harus dokter bukan awat,Netral,Negatif,0.9427,True
"Mau periksa poli eksekutif rs elisabeth sore hari tgl 12/08/26 petugas pendaftarannya tidak ditempat harus menunggu untuk dipanggilkan terlebih dahulu, sudah seperti itu petugas pendaftarannya judes banget, mohon diperbaiki layanannya.",1,RSU Santa Elisabeth Purwokerto,mau periksa poliklinik eksekutif rumah sakit elisabeth sore hari tgl 120826 tugas daftar tidak tempat harus tunggu untuk panggil lebih dahulu sudah seperti itu tugas daftar judes sekali mohon baik layan,Negatif,Negatif,0.991,False
Pelayanan gercep... Terimakasih RS Elisabeth 👍,5,RSU Santa Elisabeth Purwokerto,layan gercep terima kasih rumah sakit elisabeth,Positif,Positif,0.7102,False
"Untuk semuanya bagus, baik dokter sama suster serta pelayanan saat kontrol, tapi Sangat di sayangkan untuk pelayanan pengambilan obat entah kenapa kok sangat TDK ramah dan tdk bisa menjelaskan kendalanya, sangat di sayangkan sekali",3,RSU Santa Elisabeth Purwokerto,untuk semua bagus baik dokter sama suster serta layan saat kontrol tapi sangat di sayang untuk layan ambil obat entah kenapa kok sangat tidak ramah dan tidak bisa jelas kendala sangat di sayang sekali,Netral,Negatif,0.916,True
Dekat dengan rumah orang tua,5,RSU Santa Elisabeth Purwokerto,dekat dengan rumah orang tua,Positif,Positif,0.9668,False
Satpamnyaaa sopan dikit napa kalo ditanya minta petunjuk!,1,RSU Santa Elisabeth Purwokerto,satpam sopan dikit napa kalo tanya minta tunjuk,Negatif,Negatif,0.963,False
Satpamnya pelayanan buruk ga sopan klo ditanya bener bener,1,RSU Santa Elisabeth Purwokerto,satpam layan buruk tidak sopan kalau tanya benar benar,Negatif,Negatif,0.9984,False
"Terimakasih RS Elisabeth purwokerto sudah merawat anak saya dengan sangat baik, testimoni opname 1 Minggu di sini overal dilayani sangat memuaskan dan dipantau perkembangan sangat intens .. dari dokter, perawat, kebersihan, makanan smua baik terimakasih RS Elisabeth sukses sll . Kedepannya .",5,RSU Santa Elisabeth Purwokerto,terima kasih rumah sakit elisabeth purwokerto sudah rawat anak saya dengan sangat baik testimoni opname 1 minggu di sini overal layan sangat muas dan pantau kembang sangat intens dari dokter awat bersih makan smua baik terima kasih rumah sakit elisabeth sukses sll depan,Positif,Positif,0.9927,False
Antrian 10 cepat banget,5,RSU Santa Elisabeth Purwokerto,antri 10 cepat sekali,Positif,Positif,0.9953,False
Mohon diperbaiki dengan urutan periksa dipoli ya min 🙏🏻,2,RSU Santa Elisabeth Purwokerto,mohon baik dengan urut periksa pol ya min,Negatif,Netral,0.9426,True
"Pengalaman saya rawat inap di RSU Santa Elisabeth, mulai dari pelayanan di IGD sangat cepat, dokter dan perawat ramah, sat set. Pelayanan di kamar rawat inap juga baik, perawat di ruangan juga helpfull, ruangan bersih. Saran untuk perbaikan, kamar mandinya dicek supaya selalu wangi. Terimakasih",5,RSU Santa Elisabeth Purwokerto,alam saya rawat inap di rumah sakit umum santa elisabeth mulai dari layan di instalasi gawat darurat sangat cepat dokter dan awat ramah sat set layan di kamar rawat inap juga baik awat di ruang juga helpfull ruang bersih saran untuk baik kamar mandi periksa supaya selalu wangi terima kasih,Positif,Positif,0.9918,False
Cukup bagus pelayanannya,5,RSU Santa Elisabeth Purwokerto,cukup bagus layan,Positif,Positif,0.9969,False
"Kemaren sore saya ke rs elisabeth untuk membesuk teman saya, kebetulan situasi rs sedang ramai, saya bingung mau bertanya ke siapa, pak satpam sibuk mengantar pasien dan foto pasien, pendaftaran juga sibuk mendaftari, saya tidak mungkin menyela, setelah situasi reda saya dilayani dibagian pendaftaran, ibu dan mba yg dipendaftaran melayani dengan baik, ramah. Saya mau memberi masukan ke manajemen rs, masa rs dengan gedung semegah itu tidak punya unit informasi tempat bertanya berbagai hal, setau saya di rs manapun ada unit informasinya tersendiri, seharusnya elisabeth juga punya unit informasi sendiri. Mohon perhatiannya, Terimakasih",4,RSU Santa Elisabeth Purwokerto,kemaren sore saya ke rumah sakit elisabeth untuk besuk teman saya betul situasi rumah sakit sedang ramai saya bingung mau tanya ke siapa pak satpam sibuk antar pasien dan foto pasien daftar juga sibuk daftar saya tidak mungkin sela telah situasi reda saya layan bagi daftar ibu dan mba yang daftar layan dengan baik ramah saya mau beri masuk ke manajemen rumah sakit masa rumah sakit dengan gedung megah itu tidak punya unit informasi tempat tanya bagai hal tau saya di rumah sakit mana ada unit informasi sendiri harus elisabeth juga punya unit informasi sendiri mohon perhati terima kasih,Positif,Netral,0.4732,True
"Rs basic agama katolik yang katanya ajaran penuh kasih , pelayanan dokternya tidak ramah. Pasang wajah jutek. Kasih penjelasan irit banget. Beda banget dgn rs Siloam di Yogya, dokternya ramah ramah dan rs juga bagus. Jujur kecewa banget minimal ditatar lah kalo dokter harus melayani dgn kasih. Ga usah panjang lebar penjelasan minimal ada senyum dibibir..walaupun pake bpjs , saya juga byr iuran setiap bln loh.",1,RSU Santa Elisabeth Purwokerto,rumah sakit basic agama katolik yang kata ajar penuh beri layan dokter tidak ramah pasang wajah jutek beri jelas irit sekali beda sekali dgn rumah sakit siloam di yogya dokter ramah ramah dan rumah sakit juga bagus jujur kecewa sekali minimal tatar lah kalo dokter harus layan dgn beri tidak usah panjang lebar jelas minimal ada senyum dibibirwalaupun pake bpjs sehat saya juga byr iur tiap bln lho,Negatif,Negatif,0.9849,False
"Pelayanan sangat memuaskan , fasilitas lengkap dan rumahsakitnya nyaman",5,RSU Santa Elisabeth Purwokerto,layan sangat muas fasilitas lengkap dan rumahsakitnya nyaman,Positif,Positif,0.9969,False
fasilitas dan pelayanan baik,5,RSU Santa Elisabeth Purwokerto,fasilitas dan layan baik,Positif,Positif,0.9923,False
"Pelayanan Ramah, gercep, ruangan bersih",5,RSU Santa Elisabeth Purwokerto,layan ramah gercep ruang bersih,Positif,Positif,0.9954,False
"Kemarin hari Jumat pagi saya menemani sodara saya berobat ke dokter kulit di RS Elisabeth pwt..terimakasih pelayanannya bagus mulai dri pndaftaran,kasir,apotik dan ramah2 semua pgawainya..sukses sellu RS Elisabeth pwt..",5,RSU Santa Elisabeth Purwokerto,kemarin hari jumat pagi saya tani sodara saya obat ke dokter kulit di rumah sakit elisabeth pwtterimakasih layan bagus mulai dari pndaftarankasirapotik dan sangat ramah semua pgawainyasukses sellu rumah sakit elisabeth pwt,Positif,Positif,0.9934,False
"Tolong Pelayanan Ramahnya di tingkatkan apalagi di bagian pendaftaran itu tempat pertama kali semua orang untuk bertanya. Ibu Ibu nya judes bangettt, pdahal sini bertanya dengan nada sopan dan beretika. Mending tanya bidan yang di poli obgyn ibu ibunya ramah dan gak judes kaya di pendaftaran.",1,RSU Santa Elisabeth Purwokerto,tolong layan ramah di tingkat apalagi di bagi daftar itu tempat pertama kali semua orang untuk tanya ibu ibu nya judes sekali pdahal sini tanya dengan nada sopan dan etika mending tanya bidan yang di poliklinik obgyn ibu ibu ramah dan tidak judes kaya di daftar,Negatif,Negatif,0.8325,False
Pelayanan dibagian pendaftaran dan saat di tensi sangat cuek sekali. Tolong diperbaiki untuk kedepannya,1,RSU Santa Elisabeth Purwokerto,layan bagi daftar dan saat di tensi sangat cuek sekali tolong baik untuk depan,Negatif,Negatif,0.9969,False
Rs yg the best siii Pelayanan bagus bersih... Dokter dan perwatnya ramah2 bgt... Big thanks yaaa rs eslisabeth... Ak hrus sehat...,5,RSU Santa Elisabeth Purwokerto,rumah sakit yang the bagus si layan bagus bersih dokter dan perwatnya sangat ramah banget big terima kasih ya rumah sakit eslisabeth ak hrus sehat,Positif,Positif,0.9962,False
"Pengalaman buruk ini semoga tidak terjadi ke pasien bpjs lainnya yg kondisi darurat bisa tetap memakai bpjs nya di ke IGD. Bukan pertama kali saya ke IGD dengan keluhan gerd/nyeri lambung sampai terasa tidak bisa bernafas yang menurut tubuh saya itu perlu pertolongan 2 th lalu saya ke RS Carolus Jakarta pusat dan itu juga rawat jalan dan DICOVER BPJS diberi obat semua tanpa bayar apapun. Malam ini dengan kondisi yg saya hanya berdua dgn anak saya yg berumur 10th jam 11 malam tgl 30 juni 2026 saya ke IGD dgn setengah sadar menegaskan ke perawat yg meminta KTP saya, saya PAKAI BPJS, JD SAYA TEKANKAN KALAU TIDAK COVER JANGAN TINDAK SAYA!! karena sayaa pengguna bpjs yg membayar iuran tanpa telat seharipun setiap bulan dan bertahun-tahun untuk mendapatkan fasilitas saat saya urgensi seperti saat ini. Dan ternyata saya tidak dicover dengan alasan TIDAK MENGANCAM NYAWA. kecuali saya mau di rawat. Kenapa pelayanan bpjs antara di carolus jkt pusat dengan Elisabeth purwokerto bisa berbeda? Perawat menjawab bpjs setiap daerah itu BERBEDA!! tapi karena saya bersikeras dgn sisa tenaga saat sakit ini saya minta pulang, dan mereka membicarakan dlu dgn management dan akhirnya dicover. PELAYANAN BPJS /POS BPJS TIDAK TERSEDIA 24JAM PADAHAL DIKOTA BESAR. saya minta untuk rekam medis saya bisa dilihat riwayatnya dan itu TIDAK BISA. Pengalaman yang sangat buruk, saya minta untuk management yg terkait kalau bisa bekerja sama dengan pihak bpjs untuk lihat riwayat saya. Konfirmasi ke saya kalau dirasa ini hanya kekeliruan dan saya bisa mempertanggungjawabkan tulisan saya ini.",1,RSU Santa Elisabeth Purwokerto,alam buruk ini moga tidak jadi ke pasien bpjs sehat lain yang kondisi darurat bisa tetap pakai bpjs sehat nya di ke instalasi gawat darurat bukan pertama kali saya ke instalasi gawat darurat dengan keluh gerdnyeri lambung sampai asa tidak bisa nafas yang turut tubuh saya itu perlu tolong 2 th lalu saya ke rumah sakit carolus jakarta pusat dan itu juga rawat jalan dan dicover bpjs sehat beri obat semua tanpa bayar apa malam ini dengan kondisi yang saya hanya dua dgn anak saya yang umur 10th jam 11 malam tgl 30 juni 2026 saya ke instalasi gawat darurat dgn tengah sadar tegas ke awat yang minta ktp saya saya pakai bpjs sehat jadi saya tekan kalau tidak cover jangan tindak saya karena sayaa guna bpjs sehat yang bayar iur tanpa telat hari tiap bulan dan bertahuntahun untuk dapat fasilitas saat saya urgensi seperti saat ini dan nyata saya tidak dicover dengan alas tidak ancam nyawa kecuali saya mau di rawat kenapa layan bpjs sehat antara di carolus jkt pusat dengan elisabeth purwokerto bisa beda awat jawab bpjs sehat tiap daerah itu beda tapi karena saya sikeras dgn sisa tenaga saat sakit ini saya minta pulang dan mereka bicara dlu dgn management dan akhir dicover layan bpjs sehat pos bpjs sehat tidak sedia 24jam padahal kota besar saya minta untuk rekam medis saya bisa lihat riwayat dan itu tidak bisa alam yang sangat buruk saya minta untuk management yang kait kalau bisa kerja sama dengan pihak bpjs sehat untuk lihat riwayat saya konfirmasi ke saya kalau rasa ini hanya keliru dan saya bisa mempertanggungjawabkan tulis saya ini,Negatif,Negatif,0.9522,False
"Periksa ke drg spesialis bedah mulut, dokternya ga on time, dateng nya telat bgt. Pelayanan sangat tidak ramah",1,RSU Santa Elisabeth Purwokerto,periksa ke drg spesialis bedah mulut dokter tidak on time dateng nya telat banget layan sangat tidak ramah,Negatif,Negatif,0.9975,False
10/10 nyaman,5,RSU Santa Elisabeth Purwokerto,1010 nyaman,Positif,Positif,0.9931,False
Untuk perawat laki di bagian igd sangat mengecewakan,1,RSU Santa Elisabeth Purwokerto,untuk awat laki di bagi instalasi gawat darurat sangat kecewa,Negatif,Negatif,0.9972,False
"Saya memberi apresiasi besar untuk RS Elisabeth. Perawatnya super sabar, tanggap jika dipanggil, dan dokternya juga super baik. Ruang rawatnya bersih, AC dingin, makanannya juga enak. Bener-bener ngerasain diurus dengan hati. Pelayanannya bikin pasien cepet sembuh karena dari hati ke hati. Recommended banget! Sukses selalu untuk RS. Elisabeth…",4,RSU Santa Elisabeth Purwokerto,saya beri apresiasi besar untuk rumah sakit elisabeth awat super sabar tanggap jika panggil dan dokter juga super baik ruang rawat bersih ac dingin makan juga enak benerbener rasa urus dengan hati layan bikin pasien cepet sembuh karena dari hati ke hati rekomendasi sekali sukses selalu untuk rumah sakit elisabeth,Positif,Positif,0.9976,False
"Dri istri, anak, ortu saya semua berobat poli sampai opname disini. Pelayanan ramah, dri IGD sampai terakhir Farmasi atau Kasir. Beberapa kali keluarga atau sodara pernah opname disini, kamar selalu bersih, tidak bau obat atau bau tidak enak spt rumah sakit lain. Jadi klo jenguk atau nungguin pasien opname nyaman² saja. Pelayanan ramah. Masukan untuk satpam bisa lebih sikap tegas atau sikap siap. Dudukpun spt itu, kdg liat satpan yg duduknya kurang siap, setengah duduk gitu. Masukan saja yaa🙏 semuanyaa baik ramah, dan cepat tanggap. Sukses trus RS Elisabeth",5,RSU Santa Elisabeth Purwokerto,dari istri anak orang tua saya semua obat poliklinik sampai opname sini layan ramah dari instalasi gawat darurat sampai akhir farmasi atau kasir beberapa kali keluarga atau sodara pernah opname sini kamar selalu bersih tidak bau obat atau bau tidak enak seperti rumah sakit lain jadi kalau jenguk atau nungguin pasien opname nyaman saja layan ramah masuk untuk satpam bisa lebih sikap tegas atau sikap siap duduk seperti itu kdg liat satpan yang duduk kurang siap tengah duduk gitu masuk saja yaa semuanyaa baik ramah dan cepat tanggap sukses trus rumah sakit elisabeth,Positif,Positif,0.9825,False
"RS oke di purwokerto, pelayanan cepat, dokternya oke, makanan untuk pasien juga enak",5,RSU Santa Elisabeth Purwokerto,rumah sakit baik di purwokerto layan cepat dokter baik makan untuk pasien juga enak,Positif,Positif,0.9979,False
"Berobat pertama kali ke poli bedah, alhmdllh dokternya enak untuk konsultasi, perawatnya ramah2, sesekali ibu saya dituntun, baik banget, empatinya luar biasa walopun pelayanan sedang sibuk. Terimakasih",5,RSU Medika Lestari,obat pertama kali ke poliklinik bedah alhmdllh dokter enak untuk konsultasi awat sangat ramah sekal ibu saya tuntun baik sekali empati luar biasa walopun layan sedang sibuk terima kasih,Positif,Positif,0.9973,False
"Pelayanan di rumah sakit baik, dr anak baik dan ramah saat memeriksa , semoga RS semakin maju",5,RSU Medika Lestari,layan di rumah sakit baik dari anak baik dan ramah saat periksa moga rumah sakit makin maju,Positif,Positif,0.99,False
"Alhmdllh anak saya sembuh, terimakasih rsu Medika lestari pelayanan polinya sangat bagus dokter ramah, perawatnya sumeh dan baik",5,RSU Medika Lestari,alhmdllh anak saya sembuh terima kasih rumah sakit umum medika lestari layan pol sangat bagus dokter ramah awat sumeh dan baik,Positif,Positif,0.9958,False
Pelayanan sangat bagus dan memuaskan Fasilitas lengkap,5,RSU Medika Lestari,layan sangat bagus dan muas fasilitas lengkap,Positif,Positif,0.9969,False
"Pelayanan poli anak bagus, perawat dan dokter komunikatif, sangat puas. Terimkasih",5,RSU Medika Lestari,layan poliklinik anak bagus awat dan dokter komunikatif sangat puas terimkasih,Positif,Positif,0.9944,False
"Sangat memuaskan , semua perawat sangat ramah, pemeriksaannya cepat terimksh",5,RSU Medika Lestari,sangat muas semua awat sangat ramah periksa cepat terimksh,Positif,Positif,0.9925,False
"Pelayanana baik, sangat memuaskan",5,RSU Medika Lestari,pelayanana baik sangat muas,Positif,Positif,0.9962,False
mantap,5,RSU Sinar Kasih Purwokerto,sangat baik,Positif,Positif,0.9972,False
"Untuk pelayanan rawat jalan dan bagian pendaftaran baik , dokter , suster, satpam dan bagian kasir maupun apoteker ramah ramah. Toppp 👍👍👍",5,RSU Sinar Kasih Purwokerto,untuk layan rawat jalan dan bagi daftar baik dokter suster satpam dan bagi kasir maupun apoteker ramah ramah sangat baik,Positif,Positif,0.9515,False
"Malem datang ke IGD karna anak demam tinggi udah seminggu. Maaf banget tapi yang jaga bikin kapokkk Apalagi yang perempuan haduhhh ngomongnya judes mulu amit amit, aku kira awalnya mau RS ini karena RS nya kan sepi mulu a pernah kelihatan rame, jadi kayaknya enak nyaman gitu buat rawat anak, haduh ternyata ditolak 😆 Apakah rumah sakitnya sepi pasien rawat inap karena memang selalu di tolak ya? 😌 Pertama dan terakhir deh, bye",1,RSU Sinar Kasih Purwokerto,malam datang ke instalasi gawat darurat karena anak demam tinggi sudah minggu maaf sekali tapi yang jaga bikin kapok apalagi yang perempuan astaga ngomongnya judes mulu amit amit saya kira awal mau rumah sakit ini karena rumah sakit nya kan sepi mulu a pernah lihat rame jadi seperti enak nyaman gitu untuk rawat anak astaga nyata tolak apakah rumah sakit sepi pasien rawat inap karena memang selalu di tolak ya pertama dan akhir lah bye,Negatif,Negatif,0.9211,False
PELAYANAN NYA BAGUSS BANGETT POKOKNYAAA,5,RSU Sinar Kasih Purwokerto,layan nya bagus bangett pokok,Positif,Positif,0.9974,False
Pelayanan cepat dan ramah. Sukses terus untuk RS Sinar Kasih,5,RSU Sinar Kasih Purwokerto,layan cepat dan ramah sukses terus untuk rumah sakit sinar beri,Positif,Positif,0.9914,False
"Pelayanan IGD cepat, Perawat nya Ramah, Rawat Inap nya Ruang Toga Bangunan Baru, Bersih dan Nyaman, kamar mandi lebih luas jadi lebih leluasa Perawatnya Ramah, Cepat Tanggap, dan Cantik.",5,RSU Sinar Kasih Purwokerto,layan instalasi gawat darurat cepat awat nya ramah rawat inap nya ruang toga bangun baru bersih dan nyaman kamar mandi lebih luas jadi lebih leluasa awat ramah cepat tanggap dan cantik,Positif,Positif,0.9981,False
"Saya rutin kontrol di Dokter Spd, menggunakan asuransi Mandiri In Health. Semuanya dilayani dengan baik. Memang kami dilayani sama dengan pasien lain, namun merasa oke saja. Barangkali Asuransinya yang belum mengkomunikasikan dengan pihak RS. Semoga makin maju, pasien makin sehat, sembuh sakitnya.",5,RSU Sinar Kasih Purwokerto,saya rutin kontrol di dokter spd guna asuransi mandiri in health semua layan dengan baik memang kami layan sama dengan pasien lain namun rasa baik saja barangkali asuransi yang belum komunikasi dengan pihak rumah sakit moga makin maju pasien makin sehat sembuh sakit,Positif,Positif,0.9616,False
Untuk pelayanan tolong dong di perbaiki,1,RSU Sinar Kasih Purwokerto,untuk layan tolong lah di baik,Negatif,Negatif,0.9772,False
RSU SINAR KASIH Purwokerto Pelayanan ramah. Tempat bersih.,5,RSU Sinar Kasih Purwokerto,rumah sakit umum sinar beri purwokerto layan ramah tempat bersih,Positif,Positif,0.9951,False
"pelayanannya 0 banget, ditanya sakit apa cuman ngomong diagnosis nya tipes tapi blm pasti juga. perawatnya & beberapa dokter dsana ga informatif harus ditanyain dulu kenapa baru mereka mau jelasin. disuruh di usg tapi pas udah keluar hasilnya ga dijelasin kenapa nya sakit apa nya. bel emergency & nurse dicabut katanya ada yg mbutuhin, dih dipikir dsini ga butuhin? mana sering ditinggal sndirian sama keluarga yg jaga, klo bel nurse nya diambil kalo infusannya abis harus gimana coba. udah gtu sangat lelet perawat” dsana dan berisik, kalo ada penjenguk pasien yang berisik ditegur, padahal mereka kalo ngobrol kaya org norak kenceng banget, sampe sampe obrolan mereka dari nurse station ruangan kedengaran sampe kedalem kamar. 0 semua nya 0",2,RS TK. III Wijayakusuma Purwokerto,layan 0 sekali tanya sakit apa hanya ngomong diagnosis nya tipes tapi belum pasti juga awat beberapa dokter dsana tidak informatif harus ditanyain dulu kenapa baru mereka mau jelasin suruh di usg tapi saat sudah keluar hasil tidak dijelasin kenapa nya sakit apa nya bel emergency nurse cabut kata ada yang mbutuhin dih pikir dsini tidak butuhin mana sering tinggal sndirian sama keluarga yang jaga kalau bel nurse nya ambil kalo infus habis harus gimana coba sudah gtu sangat lelet awat dsana dan berisik kalo ada jenguk pasien yang berisik tegur padahal mereka kalo ngobrol kaya org kampung kenceng sekali sampai sampai obrol mereka dari nurse station ruang dengar sampai dalem kamar 0 semua nya 0,Negatif,Negatif,0.9893,False
"Pelayanan nya bagus. Sat set, cepet. Full wifi pula. Tapi gak tau paswordnya 🤭🤭",5,RS TK. III Wijayakusuma Purwokerto,layan nya bagus sat set cepet full wifi pula tapi tidak tau paswordnya,Positif,Positif,0.9322,False
"Perawat bagian IGD tidak informatif. Juga terlalu judge ke pasien, gak peka. Kita orangagi sakit mau naik kursi roda bukannya dibantu malah diliatin doang. Buat mba” perawat yg pake behel, shame on you 🫵🏻",1,RS TK. III Wijayakusuma Purwokerto,awat bagi instalasi gawat darurat tidak informatif juga terlalu judge ke pasien tidak peka kita orangagi sakit mau naik kursi roda bukan bantu malah diliatin doang untuk mba awat yang pake behel shame on you,Negatif,Negatif,0.9532,False
Susah sekali mencari informasi tentang dokter praktek Wa lama sekali balasnya Telp yang tercantum baik informasi maupun emergency tidak aktif Tolong diperbaiki untuk bisa lebih baik lahi dalam melayani,2,RS TK. III Wijayakusuma Purwokerto,susah sekali cari informasi tentang dokter praktek wa lama sekali balas telp yang cantum baik informasi maupun emergency tidak aktif tolong baik untuk bisa lebih baik lah dalam layan,Negatif,Negatif,0.9916,False
Oke si beli laptop disini dapet bonus kaos,5,RS TK. III Wijayakusuma Purwokerto,baik si beli laptop sini dapat bonus kaos,Positif,Netral,0.5919,True
"Dari sekian banyak RS di Banyumas Raya/Purwokerto ini, yg aku dapatkan di RST WIJAYAKUSUMA ini sangat bagus dari segi pelayanan yg sangat ramah dari perawat/dokter, ruang yg bersih, suasana nyaman, pokoknya sukses selalu. Ramahh polll petugas2 nyaa🫰😍",4,RS TK. III Wijayakusuma Purwokerto,dari sekian banyak rumah sakit di banyumas rayapurwokerto ini yang saya dapat di rst wijayakusuma ini sangat bagus dari segi layan yang sangat ramah dari perawatdokter ruang yang bersih suasana nyaman pokok sukses selalu ramahh pol petugas2 nya,Positif,Positif,0.9951,False
Perawat pada judes sinis. Mentang mentang masih di wilayah rs tanya baik baik malah jwbnya sinis,1,RS TK. III Wijayakusuma Purwokerto,awat pada judes sinis mentang mentang masih di wilayah rumah sakit tanya baik baik malah jwbnya sinis,Negatif,Negatif,0.998,False
Bagus cuma perawat nya pada jutek tidak ramah,2,RS TK. III Wijayakusuma Purwokerto,bagus hanya awat nya pada jutek tidak ramah,Negatif,Negatif,0.998,False
"Untuk pelayanan rawat jalan dan rawat inap sangat memuaskan.. hanya saja utk pengambilan obat saat rawat jalan sangat lama sekali, lebih dari 2 jam... saya paham pasti butuh ketelitian dalam pemberian obat baik racik maupun non racik..tetapi waktu menunggu lebih dari 2 jam itu sangat lama menurut saya... mohon utk lebih sat set.. terimakasih",5,RS TK. III Wijayakusuma Purwokerto,untuk layan rawat jalan dan rawat inap sangat muas hanya saja untuk ambil obat saat rawat jalan sangat lama sekali lebih dari 2 jam saya paham pasti butuh teliti dalam beri obat baik racik maupun non raciktetapi waktu tunggu lebih dari 2 jam itu sangat lama turut saya mohon untuk lebih sat set terima kasih,Positif,Positif,0.5546,False
"Tolong dong, ada wifi gratisnya..",5,RS TK. III Wijayakusuma Purwokerto,tolong lah ada wifi gratis,Positif,Netral,0.9456,True
"rs bersih, tertata, parkir luas, dokter dan perawat siaga, petugas pendaftaran (bu yuni) sangat informatif, memudahkan pasien dalam mengurus administrasi sehingga pasien tidak bingung, beliau ramah dan bekerja dg cekatan. Semoga kedepan rs wijayakusuma semakin berkembang",5,RS TK. III Wijayakusuma Purwokerto,rumah sakit bersih tata parkir luas dokter dan awat siaga tugas daftar bu yuni sangat informatif mudah pasien dalam urus administrasi sehingga pasien tidak bingung beliau ramah dan kerja dengan cekat moga depan rumah sakit wijayakusuma makin kembang,Positif,Positif,0.9965,False
"Nuhun pisan teh yunita p petugas pendaftaran parantos ngajelaskeun ngeunaan proses administrasi pendaftaran kanggo ibu abdi, margi abdi nembe pertama kali sumping mariksa sareng rawat inap di dieu salaku pendatang. Sareng teh yunita oge teah tur someah, tiasa nenangkeun ka abdi, ngadoakeun abdi tiasa cumlaude. Hatur nuhun pisan nya teh, kesuksesan oge kanggo tetehna. Hatur nuhun oge ka petugas perawat IGD teh Eva anu parantos nanganan pun biang kalayan sae. Nembe kahiji kalina sumping ka ieu rumah sakit, peralatanna lengkep sareng nyugemakeun pisan. Abdi resep salaku pendatang.",5,RS TK. III Wijayakusuma Purwokerto,nuhun pis teh yunita p tugas daftar parantos ngajelaskeun ngeunaan proses administrasi daftar kanggo ibu abdi margi abdi nembe pertama kali sumping mariksa sareng rawat inap di dieu sala datang sareng teh yunita oge teah tur someah tiasa nenangkeun ka abdi ngadoakeun abdi tiasa cumlaude hatur nuhun pis nya teh sukses oge kanggo tetehna hatur nuhun oge ka tugas awat instalasi gawat darurat teh eva anu parantos nanganan pun biang kalayan sae nembe kahiji kalina sumping ka ieu rumah sakit peralatanna lengkep sareng nyugemakeun pis abdi resep sala datang,Positif,Negatif,0.5341,True
pelayanan nya lama padahal ini kasus kecelakaan,3,RS TK. III Wijayakusuma Purwokerto,layan nya lama padahal ini kasus celaka,Netral,Negatif,0.9979,True
"Rumah sakit yg under rated, padahal pelayanan OK, mulai dari IGD, rawat jalan, rawat inap, farmasi, layanan dokter Semuanya bagus Terimakasih banyak kepada mba Yunita, sangat informatif dan sabar melayani pasien yg cerewet ini",5,RS TK. III Wijayakusuma Purwokerto,rumah sakit yang under rated padahal layan baik mulai dari instalasi gawat darurat rawat jalan rawat inap farmasi layan dokter semua bagus terima kasih banyak kepada mba yunita sangat informatif dan sabar layan pasien yang cerewet ini,Positif,Positif,0.9923,False
Dokter dan perawat sangat ramah. Pernah sya meninggalkan mobil dan kunci kontak masih menggantung di pintu mobil akibat kelupaan utung tukang palkirnya amanah dan di simpan oleh si penjaga palkir. Trimakasih,5,RS TK. III Wijayakusuma Purwokerto,dokter dan awat sangat ramah pernah sya tinggal mobil dan kunci kontak masih gantung di pintu mobil akibat lupa utung tukang palkirnya amanah dan di simpan oleh si jaga palkir terima kasih,Positif,Positif,0.7491,False
Pernah kesini pas Dulu B4kain c0v1d 19,5,RS TK. III Wijayakusuma Purwokerto,pernah kesini saat dulu b4kain c0v1d 19,Positif,Netral,0.9959,True
pelayanan oke,5,RS TK. III Wijayakusuma Purwokerto,layan baik,Positif,Positif,0.9963,False
"Pelayanan baik, kami puas terimakasih semua tim Kresna RST Wijayakusuma Purwokerto",5,RS TK. III Wijayakusuma Purwokerto,layan baik kami puas terima kasih semua tim kresna rst wijayakusuma purwokerto,Positif,Positif,0.9791,False
saya puas dengan pelayanan di Ruang Parikesit,5,RS TK. III Wijayakusuma Purwokerto,saya puas dengan layan di ruang parikesit,Positif,Positif,0.9933,False
"Terutama di apotiknya ga profesional pisan,,,",1,RS TK. III Wijayakusuma Purwokerto,utama di apotik tidak profesional pis,Negatif,Negatif,0.9974,False
"Alhamdulilah diberikan perawatan yang baik dan bagus di rs wijayakusuma diruang kresna, baik dari dokter, perawat serta petugas lain nya ramah semua",5,RS TK. III Wijayakusuma Purwokerto,alhamdulilah beri awat yang baik dan bagus di rumah sakit wijayakusuma ruang kresna baik dari dokter awat serta tugas lain nya ramah semua,Positif,Positif,0.9951,False
"Alasan knp saya suka rumkit tentara Purwokerto, penanganan cpt Krn jadwal kontrolnya seminggu sekali paling lama 2 minggu gk kyk RS lain sebulan sekali dg alasan BPJS ato apalah. Cuma di rs tentara tiap berobat CPT sembuh. Sehat selalu utk kt semua amin",5,RS TK. III Wijayakusuma Purwokerto,alas knp saya suka rumkit tentara purwokerto tangan cpt karena jadwal kontrol minggu sekali paling lama 2 minggu gk seperti rumah sakit lain bulan sekali dengan alas bpjs sehat ato apa hanya di rumah sakit tentara tiap obat cpt sembuh sehat selalu untuk kt semua amin,Positif,Positif,0.9938,False
RS the best,4,RS TK. III Wijayakusuma Purwokerto,rumah sakit the bagus,Positif,Positif,0.9935,False
"Tidak disediakan wifi, nanya ke staff atau pegawai rs tidak dikasih tau, padahal kita bayar loh. Tidak seperti rs lain wifi tidak pakai kata sandi.",1,RS TK. III Wijayakusuma Purwokerto,tidak sedia wifi nanya ke staff atau pegawai rumah sakit tidak kasih tau padahal kita bayar lho tidak seperti rumah sakit lain wifi tidak pakai kata sandi,Negatif,Negatif,0.6786,False
"baik, di tingkatkan lagi",5,RS TK. III Wijayakusuma Purwokerto,baik di tingkat lagi,Positif,Positif,0.7155,False
Puas dengan pelayanan Ruang Parikesit,5,RS TK. III Wijayakusuma Purwokerto,puas dengan layan ruang parikesit,Positif,Positif,0.9912,False
Perawat sangat ramah dan baik,5,RS TK. III Wijayakusuma Purwokerto,awat sangat ramah dan baik,Positif,Positif,0.9931,False
"Mohon diperbaiki di bagian farmasi rawat jalan , antri disitu selalu lama banget , minimal 2 jam baru dapat obat ( ini pengalaman saya ) pernah sampai 4 jam baru dapat obatnya , tp ketika menyampaikan ke petugas farmasinya malah ditanyainnya yg ambil dl satu poli atau nggak kaya ga mau dpt kritik atau masukan ,kan saya jg ga apal donk masukannya tolong dikasih nomer antrian aja ketika kita numpuk resep , kemudian obat harus diambil hari itu juga atau melalui jasa antar yg sudah ada , kl yg numpuk resep diambil esok harinya itu yang ganggu banget , yg antri hari itu jd lebih lama semoga masukan ini bs dipertimbangkan terimakasih",3,RS TK. III Wijayakusuma Purwokerto,mohon baik di bagi farmasi rawat jalan antre situ selalu lama sekali minimal 2 jam baru dapat obat ini alam saya pernah sampai 4 jam baru dapat obat tetapi ketika sampai ke tugas farmasi malah ditanyainnya yang ambil dl satu poliklinik atau tidak kaya tidak mau dapat kritik atau masuk kan saya juga tidak apal donk masuk tolong kasih nomer antri saja ketika kita numpuk resep kemudian obat harus ambil hari itu juga atau lalu jasa antar yang sudah ada kalau yang numpuk resep ambil esok hari itu yang ganggu sekali yang antre hari itu jadi lebih lama moga masuk ini bs timbang terima kasih,Netral,Negatif,0.8506,True
Nyawa manusia jangan dibuat bercanda ya...,1,RS TK. III Wijayakusuma Purwokerto,nyawa manusia jangan buat canda ya,Negatif,Negatif,0.9965,False
"Terakhir menemani ranap anak sekira 4 tahun lalu, kondisinya masih kurang nyaman. Namun, sebulan lalu, saat kembali menemani ranap di sini, kondisinya sudah jauh lebih baik. Fasilitasnya jauh lebih nyaman, pelayanannya ramah dan menyenangkan.",4,RS TK. III Wijayakusuma Purwokerto,akhir tani rawat inap anak sekira 4 tahun lalu kondisi masih kurang nyaman namun bulan lalu saat kembali tani rawat inap di sini kondisi sudah jauh lebih baik fasilitas jauh lebih nyaman layan ramah dan senang,Positif,Positif,0.8487,False
Terimakasih atas pelayanan yang baik,5,RS TK. III Wijayakusuma Purwokerto,terima kasih atas layan yang baik,Positif,Positif,0.9731,False
Pelayanan nyaman,5,RS TK. III Wijayakusuma Purwokerto,layan nyaman,Positif,Positif,0.9967,False
"Beri saran yg terbaik niscaya akan kembali baik ke kita, terimakasih atas kesabaran anda dalam menghadapi kami², semoga rs nya mjd lebih keren lagi",5,RS TK. III Wijayakusuma Purwokerto,beri saran yang baik niscaya akan kembali baik ke kita terima kasih atas sabar anda dalam hadap kami moga rumah sakit nya mjd lebih bagus lagi,Positif,Positif,0.9628,False
Layanan bagus,5,RS TK. III Wijayakusuma Purwokerto,layan bagus,Positif,Positif,0.9961,False
"Berobat di poliklinik anak. Dokternya edukatif, perawatnya ramah. Pelayanan memuaskan. Rekomen buat berobat di purwokerto",5,RS TK. III Wijayakusuma Purwokerto,obat di poliklinik anak dokter edukatif awat ramah layan muas rekomen untuk obat di purwokerto,Positif,Positif,0.997,False
puas dengan pelayanannya,5,RS TK. III Wijayakusuma Purwokerto,puas dengan layan,Positif,Positif,0.9966,False
Puas bnget berobat ramah dan rumah sakitnya bersih,5,RS TK. III Wijayakusuma Purwokerto,puas bnget obat ramah dan rumah sakit bersih,Positif,Positif,0.9967,False
Terimaksih atas Pelayanan saudara saya yang di Rawat di Rumah Sakit Wijayakusuma. Pelayanan Cepat dan tepat dokter dan Perawat ramah Tempatnya nyaman dan bersih Pokoknya RSWK mantap,5,RS TK. III Wijayakusuma Purwokerto,terimaksih atas layan saudara saya yang di rawat di rumah sakit wijayakusuma layan cepat dan tepat dokter dan awat ramah tempat nyaman dan bersih pokok rswk sangat baik,Positif,Positif,0.9974,False
"perawat ruangan nya ramah ramah, baikk",5,RS TK. III Wijayakusuma Purwokerto,awat ruang nya ramah ramah baik,Positif,Positif,0.9945,False
"Rumah sakit di purwokerto dengan pelayanan yang cepat, perawat nya juga ramah.",5,RS TK. III Wijayakusuma Purwokerto,rumah sakit di purwokerto dengan layan yang cepat awat nya juga ramah,Positif,Positif,0.9962,False
"perawatnya ramah ramah, dan baik",5,RS TK. III Wijayakusuma Purwokerto,awat ramah ramah dan baik,Positif,Positif,0.9945,False
baik banget pelayanan nya,5,RS TK. III Wijayakusuma Purwokerto,baik sekali layan nya,Positif,Positif,0.9962,False
the besttt,5,RS TK. III Wijayakusuma Purwokerto,the bagus,Positif,Positif,0.9966,False
GA BANGET PELAYANANNYA LELET,1,RS TK. III Wijayakusuma Purwokerto,tidak sekali layan lelet,Negatif,Negatif,0.9966,False
Lokasi mudah ditemukan..Rs yang ada igd 24jam,4,RS TK. III Wijayakusuma Purwokerto,lokasi mudah ditemukanrs yang ada instalasi gawat darurat 24jam,Positif,Positif,0.8555,False
"Diare n aslam udh lemes bngt n tremor gak bole rawat inap,dan kalopun ranap harus pake umum.ap gunanya bayar bpjs tiap bulan? Dokternya ngeyel harus ke faskes 1dl.haloo,,klinik tutup jam 9,sedangkan q masuk igd jam 2pagi. Kalo ga urgent gak mungkin ke igd. Dokternya songong bngt yg rambutnya keriting panjang. Semoga keluargamu baik2 aja ya. Udh nyepelein org sakit .apa gunanya jadi dokter kl kygni caranya. Parah si menurutku pelayanannya sekarang . Pdhl dl q n anak2 dirawat disitu sll treat nya baik2 dokternya n perawatnya . Skrg berubah drastis. Payahhh",1,RS TK. III Wijayakusuma Purwokerto,diare n aslam udh lemes banget n tremor tidak bole rawat inapdan kalo rawat inap harus pake umumap guna bayar bpjs sehat tiap bulan dokter ngeyel harus ke faskes 1dlhalooklinik tutup jam 9sedangkan q masuk instalasi gawat darurat jam 2pagi kalo tidak urgent tidak mungkin ke instalasi gawat darurat dokter sombong banget yang rambut keriting panjang moga keluarga baik2 saja ya udh nyepelein org sakit apa guna jadi dokter kalau kygni cara parah si turut layan sekarang pdhl dl q n anak2 rawat situ sll treat nya baik2 dokter n awat sekarang ubah drastis payah,Negatif,Negatif,0.9897,False
"first time nyobain fasilitas kampus, ternyata semua pelayanannya enak banget dari awal sampe akhir. daftarnya cepet, proses dokternya juga cepet. kebetulan ngelakuin scaling, baik banget + nyamaaannn",5,RSGMP UNSOED PURWOKERTO,first time nyobain fasilitas kampus nyata semua layan enak sekali dari awal sampai akhir daftar cepet proses dokter juga cepet betul laku scaling baik sekali nyaman,Positif,Positif,0.998,False
"Hal-hal sederhana seperti ketepatan waktu mungkin terlihat sepele, tetapi justru menjadi bagian penting dalam membangun kualitas pelayanan dan profesionalisme. Jika disiplin waktu antara peserta dan penyedia layanan dapat berjalan dengan baik, saya yakin kualitas pelayanan dan citra UNSOED juga akan semakin baik dan berkembang.",2,RSGMP UNSOED PURWOKERTO,halhal sederhana seperti tepat waktu mungkin lihat sepele tetapi justru jadi bagi penting dalam bangun kualitas layan dan profesionalisme jika disiplin waktu antara serta dan sedia layan dapat jalan dengan baik saya yakin kualitas layan dan citra unsoed juga akan makin baik dan kembang,Negatif,Positif,0.9923,True
Semakin ramai... Sukses selalu untuk rsgmp Unsoed...,3,RSGMP UNSOED PURWOKERTO,makin ramai sukses selalu untuk rsgmp unsoed,Netral,Positif,0.9767,True
"Pelayanannya bagus sekalii, dokter dan karyawannya ramah ramah sekali🫰🏼🫰🏼",5,RSGMP UNSOED PURWOKERTO,layan bagus sekali dokter dan karyawannya ramah ramah sekali,Positif,Positif,0.9931,False
Pelayanan mantapp,5,RSGMP UNSOED PURWOKERTO,layan mantapp,Positif,Positif,0.9971,False
"RSGMP Unsoed lokasinya strategiss, akses mudah. Pelayanan baik, mudah, dan lengkap. Dokter, koas, dan pegawai ramah.",5,RSGMP UNSOED PURWOKERTO,rsgmp unsoed lokasi strategiss akses mudah layan baik mudah dan lengkap dokter koas dan pegawai ramah,Positif,Positif,0.9965,False
"Salah satu faskes gigi terbaik di Purwokerto. Pelayanan cepat, fasilitas lengkap, dokter dan koasnya sangat kompeten serta komunikatif. Tempatnya bersih dan nyaman. Sangat recommended!",5,RSGMP UNSOED PURWOKERTO,salah satu faskes gigi baik di purwokerto layan cepat fasilitas lengkap dokter dan koasnya sangat kompeten serta komunikatif tempat bersih dan nyaman sangat rekomendasi,Positif,Positif,0.9982,False
"Pelayanan di RSGM sangat baik, dokter dan staff ramah dalam memberikan pelayanan. Proses pemeriksaan juga cukup nyaman dan jelas. Fasilitasnya lengkap dan tempatnya bersih.",5,RSGMP UNSOED PURWOKERTO,layan di rsgm sangat baik dokter dan staff ramah dalam beri layan proses periksa juga cukup nyaman dan jelas fasilitas lengkap dan tempat bersih,Positif,Positif,0.9978,False
Ruangan nyaman dan pelayanannya cepat,5,RSGMP UNSOED PURWOKERTO,ruang nyaman dan layan cepat,Positif,Positif,0.9968,False
"Bagus, tempatnya nyaman, dan pelayanannya profesional serta informatif👍🏽👍🏽",5,RSGMP UNSOED PURWOKERTO,bagus tempat nyaman dan layan profesional serta informatif,Positif,Positif,0.9936,False
"pernah tambal gigi di sini, dokter dan perawatnya ramah dan dijelasin banget. terima kasih RSGM UNSOED",5,RSGMP UNSOED PURWOKERTO,pernah tambal gigi di sini dokter dan awat ramah dan dijelasin sekali terima beri rsgm unsoed,Positif,Positif,0.9812,False
Memuaskan! pelayanannya mantap👍🏻,5,RSGMP UNSOED PURWOKERTO,muas layan sangat baik,Positif,Positif,0.9901,False
aman nyaman,5,RSGMP UNSOED PURWOKERTO,aman nyaman,Positif,Positif,0.996,False
"Pelayanan sangat ramah dan memuaskan, tempatnya nyaman dan dokternya sangat informatif",5,RSGMP UNSOED PURWOKERTO,layan sangat ramah dan muas tempat nyaman dan dokter sangat informatif,Positif,Positif,0.9975,False
"pelayanannya ramah dan dokter serta stafnya juga sangat membantu. Tempatnya bersih dan nyaman, proses pemeriksaannya juga cukup cepat.",5,RSGMP UNSOED PURWOKERTO,layan ramah dan dokter serta staf juga sangat bantu tempat bersih dan nyaman proses periksa juga cukup cepat,Positif,Positif,0.998,False
"luar biasa! pelayanan ramah, dokternya ramah ramah",5,RSGMP UNSOED PURWOKERTO,luar biasa layan ramah dokter ramah ramah,Positif,Positif,0.997,False
perawatan nya bagus alatnya canggih,5,RSGMP UNSOED PURWOKERTO,awat nya bagus alat canggih,Positif,Positif,0.9959,False
"Pelayanan di RSGMP Unsoed sangat memuaskan. Dokter dan perawat melayani dengan ramah, sabar, serta memberikan penjelasan yang mudah dipahami mengenai kondisi gigi dan rencana perawatannya. Proses pendaftaran hingga pemeriksaan berlangsung tertib, dengan fasilitas yang bersih, nyaman, dan lengkap. Penanganan dilakukan secara profesional sehingga pasien merasa tenang selama perawatan. Semoga kualitas pelayanan ini terus dipertahankan dan semakin ditingkatkan agar semakin banyak masyarakat yang merasakan manfaatnya.",5,RSGMP UNSOED PURWOKERTO,layan di rsgmp unsoed sangat muas dokter dan awat layan dengan ramah sabar serta beri jelas yang mudah paham kena kondisi gigi dan rencana awat proses daftar hingga periksa langsung tertib dengan fasilitas yang bersih nyaman dan lengkap tangan laku cara profesional sehingga pasien rasa tenang lama awat moga kualitas layan ini terus tahan dan makin tingkat agar makin banyak masyarakat yang rasa manfaat,Positif,Positif,0.9933,False
pelayanan nyaman dan dijelaskan dengan baik,5,RSGMP UNSOED PURWOKERTO,layan nyaman dan jelas dengan baik,Positif,Positif,0.9949,False
Pelayanan sangat memuaskan,5,RSGMP UNSOED PURWOKERTO,layan sangat muas,Positif,Positif,0.9964,False
"Pelayanan petugas ramah, fasilitas lengkap, ruang tunggu nyaman, semoga semakin maju RSGMP",5,RSGMP UNSOED PURWOKERTO,layan tugas ramah fasilitas lengkap ruang tunggu nyaman moga makin maju rsgmp,Positif,Positif,0.9802,False
Sarprasclengap dan petugas ramah,5,RSGMP UNSOED PURWOKERTO,sarprasclengap dan tugas ramah,Positif,Positif,0.9645,False
Menyenangkan ...,5,RSGMP UNSOED PURWOKERTO,senang,Positif,Positif,0.9967,False
Pelayanan dan fasilitas baik,5,RSGMP UNSOED PURWOKERTO,layan dan fasilitas baik,Positif,Positif,0.9933,False
Layanan memuaskan dan tepat waktu,5,RSGMP UNSOED PURWOKERTO,layan muas dan tepat waktu,Positif,Positif,0.9939,False
Pelayanan ramah dan memuaskan,5,RSGMP UNSOED PURWOKERTO,layan ramah dan muas,Positif,Positif,0.9957,False
Periksa gigi (scaling) menggunakan program S3 untuk dosen Unsoed.. Alhamdulillah gratis.. Terima kasih pelayanan baiknya..,5,RSGMP UNSOED PURWOKERTO,periksa gigi scaling guna program strata tiga untuk dosen unsoed alhamdulillah gratis terima beri layan baik,Positif,Positif,0.8701,False
Pelayanan sangat baik dan ramah ☺️,5,RSGMP UNSOED PURWOKERTO,layan sangat baik dan ramah,Positif,Positif,0.9802,False
Pelayanan ramah dan cepat.,5,RSGMP UNSOED PURWOKERTO,layan ramah dan cepat,Positif,Positif,0.9948,False
"Layanan radiologi, alat lengkap dirujuk kesini unt rontsen gigi satuan. Petugas ramah, tidak mengantri",5,RSGMP UNSOED PURWOKERTO,layan radiologi alat lengkap rujuk kesini unt rontsen gigi satu tugas ramah tidak antri,Positif,Positif,0.5566,False
"Ikut program senyum soedirman dan pertama kali ikut scalling gigi, prosesnya sat set, dokter dan staffnya ramah, sukses selalu RSGMP",5,RSGMP UNSOED PURWOKERTO,ikut program senyum soedirman dan pertama kali ikut scalling gigi proses sat set dokter dan staffnya ramah sukses selalu rsgmp,Positif,Positif,0.9788,False
"Pelayanan secara profesional, cepat dan responsiv",5,RSGMP UNSOED PURWOKERTO,layan cara profesional cepat dan responsiv,Positif,Positif,0.966,False
Pelayanan di RSGMP sangat bagus dan memuaskan,5,RSGMP UNSOED PURWOKERTO,layan di rsgmp sangat bagus dan muas,Positif,Positif,0.9965,False
"Pelayanan sangat responsif dan profesional, Alur Pelayanan cepat dan Suasana di Rumah Sakit juga kondusif, bersih dan nyaman",5,RSGMP UNSOED PURWOKERTO,layan sangat responsif dan profesional alur layan cepat dan suasana di rumah sakit juga kondusif bersih dan nyaman,Positif,Positif,0.9967,False
"Alhamdulillah, barusan ikut Program Senyum Sehat Soedirman, meskipun gratis, tapi pelayanannya ga berbeda dengan yang berbayar, mantapp dan sangat nyaman, terimakasih dan maju terus RSGMP Unsoed",5,RSGMP UNSOED PURWOKERTO,alhamdulillah barusan ikut program senyum sehat soedirman meski gratis tapi layan tidak beda dengan yang bayar mantapp dan sangat nyaman terima kasih dan maju terus rsgmp unsoed,Positif,Positif,0.9921,False
"Pelayanan bagus, dari security hingga ke proses tindakan personilnya ramah ramah",5,RSGMP UNSOED PURWOKERTO,layan bagus dari security hingga ke proses tindak personilnya ramah ramah,Positif,Positif,0.9964,False
Oke banget,5,RSGMP UNSOED PURWOKERTO,baik sekali,Positif,Positif,0.9957,False
"dokternya enakan , pelayanan ramah pokoknya jangan lupa datang ke rsgpm Unsoed ya klo mau periksa gigi ya",5,RSGMP UNSOED PURWOKERTO,dokter enak layan ramah pokok jangan lupa datang ke rsgpm unsoed ya kalau mau periksa gigi ya,Positif,Positif,0.9965,False
"Pelayanan cukup profesional. Daftar untuk layanan pembersihan karang gigi (scaling) dari Program Senyum Sehat Soedirman (S3) untuk sivitas akademika Unsoed dan betul semuanya gratis. Overall, pelayanannya sangat memuaskan.",5,RSGMP UNSOED PURWOKERTO,layan cukup profesional daftar untuk layan bersih karang gigi scaling dari program senyum sehat soedirman strata tiga untuk sivitas akademika unsoed dan betul semua gratis overall layan sangat muas,Positif,Positif,0.9968,False
Pelayanannya sangat baik dan ramah,5,RSGMP UNSOED PURWOKERTO,layan sangat baik dan ramah,Positif,Positif,0.9964,False
"Ramah, cepet, nyaman, dokternya baik2 dan ramah",5,RSGMP UNSOED PURWOKERTO,ramah cepet nyaman dokter baik2 dan ramah,Positif,Positif,0.9957,False
RSGM Unsoed terpercaya untuk penanganam gigi,5,RSGMP UNSOED PURWOKERTO,rsgm unsoed percaya untuk penanganam gigi,Positif,Netral,0.898,True
"pas bulan puasa dokternya lagi ngabuburit wkwk disuru nunggu ampe pegel mending cabut aja dah, at least kalo ga ada dokternya bilang kocak jangan suru nunggu kasian pasien nya",1,RSGMP UNSOED PURWOKERTO,saat bulan puasa dokter lagi ngabuburit wkwk disuru tunggu sampai gel mending cabut saja sudah at least kalo tidak ada dokter bilang kocak jangan suru tunggu kasi pasien nya,Negatif,Negatif,0.9095,False
"Dokter giginya ramah, konsultasi nyaman dan pengerjaannya rapi.",5,RSGMP UNSOED PURWOKERTO,dokter gigi ramah konsultasi nyaman dan kerja rapi,Positif,Positif,0.9916,False
"Gigi sy abrasi & biasanya cukup ditambal, dg biaya hampir 1jt dlm hitungan hari tambalannya lepas & dokter yg menangani sy memberi garansi jk ada keluhan bs kembali... baiklah..sy kembali lg utk memperbaiki tambalan yg lepas. Namun kurleb 2 pekan setelah diperbaiki, tambalan mulai lepas lg & gigi terasa ngilu. Dg dokter gigi langganan sy, tambalan gigi sy bs bertahan smp 4th (itupun lepas krn sy pake dental floss), lah ini bertahan kurang dr 1bl. Tinggal nambahin biaya dikit sy udh dpt kualitas terbaik dr Drg langganan sy yg saat itu sedang cuti ke LN.",1,RSGMP UNSOED PURWOKERTO,gigi saya abrasi biasa cukup tambal dengan biaya hampir 1jt dalam hitung hari tambal lepas dokter yang tangan saya beri garansi jk ada keluh bs kembali baiklahsy kembali lagi untuk baik tambal yang lepas namun kurleb 2 pekan telah baik tambal mulai lepas lagi gigi asa ngilu dengan dokter gigi langgan saya tambal gigi saya bs tahan smp 4th itu lepas karena saya pake dental floss lah ini tahan kurang dari 1bl tinggal tambah biaya dikit saya udh dapat kualitas baik dari drg langgan saya yang saat itu sedang cuti ke luar negeri,Negatif,Positif,0.8106,True
pelayanan lama banget nunggunya buat rontgen,1,RSGMP UNSOED PURWOKERTO,layan lama sekali nunggunya untuk rontgen,Negatif,Negatif,0.9976,False
"Mahal lur, mending ke tempat lain bagi yang duitnya pas-pasan seperti saya ... Kalau mau coba nggak papa",1,RSGMP UNSOED PURWOKERTO,mahal lur mending ke tempat lain bagi yang duit paspasan seperti saya kalau mau coba tidak papa,Negatif,Negatif,0.9718,False
"pelayanan nya baik dengan fasilitas yang cukup lengkap,",5,"Rumah Sakit ""JIH"" Purwokerto",layan nya baik dengan fasilitas yang cukup lengkap,Positif,Positif,0.9945,False
"Buat mas yg jaga parkir hari ini, Terimakasih banyak atas bantuannya 👋🏼",5,"Rumah Sakit ""JIH"" Purwokerto",untuk mas yang jaga parkir hari ini terima kasih banyak atas bantu,Positif,Netral,0.8295,True
"Lagi trip ke pwt, anak sakit dibawa ke IGD langsung ditangani. TOP.",5,"Rumah Sakit ""JIH"" Purwokerto",lagi trip ke pwt anak sakit bawa ke instalasi gawat darurat langsung tangan sangat baik,Positif,Netral,0.9852,True
"Sejauh ini merupakan rumah sakit dengan pelayanan terbaik di wilayah Purwokerto dan sekitarnya. Pelayanan ambulance cepat & tanggap, mobil ambulance nyaman dan tim rujuk lengkap (dokter & perawat). Selama dirawat inap pelayanan keperawatan sangat baik dan ramah, banyak membantu pasien. Overall, hampir semua staff di RS JIH Purwokerto sangat ramah kepada pengunjung, peka & sangat membantu. Semoga kebaikan yg diberikan kepada kami, berbuah kebaikan juga untuk semua staff di JIH. Beberapa catatan mungkin bisa menjadi peningkatan layanan seperti : 1. Visitasi apoteker di pelayanan rawat inap akan sangat membantu, Krn terdapat beberapa keluhan terkait pengobatan namun tdk bisa tersampaikan 2. Dari bagian gizi mungkin bisa memberikan evaluasi tiap berapa hari sekali terkait menu yang diberikan, apakah ada permintaan penggantian menu 3. Saat di IGD menunggu cukup lama untuk konfirmasi asuransi & kepastian tindakan, yg akhirnya tindakan ditunda besok sementara pasien menunggu cukup lama di ruang IGD dengan kondisi yg sudah sangat nyeri",5,"Rumah Sakit ""JIH"" Purwokerto",jauh ini rupa rumah sakit dengan layan baik di wilayah purwokerto dan sekitar layan ambulance cepat tanggap mobil ambulance nyaman dan tim rujuk lengkap dokter awat lama rawat inap layan awat sangat baik dan ramah banyak bantu pasien overall hampir semua staff di rumah sakit jih purwokerto sangat ramah kepada unjung peka sangat bantu moga baik yang beri kepada kami buah baik juga untuk semua staff di jih beberapa catat mungkin bisa jadi tingkat layan seperti 1 visitasi apoteker di layan rawat inap akan sangat bantu karena dapat beberapa keluh kait obat namun tidak bisa sampai 2 dari bagi gizi mungkin bisa beri evaluasi tiap berapa hari sekali kait menu yang beri apakah ada minta ganti menu 3 saat di instalasi gawat darurat tunggu cukup lama untuk konfirmasi asuransi pasti tindak yang akhir tindak tunda besok sementara pasien tunggu cukup lama di ruang instalasi gawat darurat dengan kondisi yang sudah sangat nyeri,Positif,Positif,0.9508,False
"Tolong evaluasi, sistem antrian pasien di RS JIH Purwokerto. • Hari ini saya antar 2 anak saya periksa ke dokter gigi di RS JIH dengan nomor antri 14 dan 16. •Estimasi yg diberikan RS jam 15:45-16:15, kami datang tepat waktu. •Saat kami datang, antrian pasien sudah di nomor 12, namun setelahnya kembali ke 7, 8 dan 9. Kemudian baru lanjut ke antrian 13. Selama 3 jam kami menunggu antrian pasien lain yg terlewat. • Membawa anak untuk ke dokter gigi, tentu ada mood yg harus dijaga, Dengan pasien anak² dan menunggu selama 3 jam membuat anak jadi tantrum saat gilirannya tiba untuk diperiksa. •Menjadi sia-sia kami menunggu selama itu. Tolong lah di evaluasi, agar pasien yg sudah tepat waktu diberikan apresiasi untuk dapat diutamakan diperiksa terlebih dahulu dan Tidak mendahulukan pasien yg sudah terlewat. Saya akan merubah bintang ini ketika antrian pasien sudah benar-benar diperbaiki. Terima kasih.",1,"Rumah Sakit ""JIH"" Purwokerto",tolong evaluasi sistem antri pasien di rumah sakit jih purwokerto hari ini saya antar 2 anak saya periksa ke dokter gigi di rumah sakit jih dengan nomor antre 14 dan 16 estimasi yang beri rumah sakit jam 15451615 kami datang tepat waktu saat kami datang antri pasien sudah di nomor 12 namun telah kembali ke 7 8 dan 9 kemudian baru lanjut ke antri 13 lama 3 jam kami tunggu antri pasien lain yang lewat bawa anak untuk ke dokter gigi tentu ada mood yang harus jaga dengan pasien anak dan tunggu lama 3 jam buat anak jadi tantrum saat gilir tiba untuk periksa jadi siasia kami tunggu lama itu tolong lah di evaluasi agar pasien yang sudah tepat waktu beri apresiasi untuk dapat utama periksa lebih dahulu dan tidak dahulu pasien yang sudah lewat saya akan rubah bintang ini ketika antri pasien sudah benarbenar baik terima beri,Negatif,Negatif,0.4093,False
"I was asked to come at 3:45 PM, but by 5 PM I still hadn’t been called in, and the doctor hadn’t even arrived yet. I was told the doctor’s schedule was from 4–8 PM, so this was quite disappointing. Also, sorry to say, but I wasn’t really impressed with the doctor’s way of educating patients. Even though she has an M.Kes degree, I felt that her communication and patient education skills didn’t really reflect the level of expertise I expected And why she didn’t read the medical record first, so patient didnt need to explain all over again from the very beginning",1,"Rumah Sakit ""JIH"" Purwokerto",i was asked to come at 345 pesan pribadi but by 5 pesan pribadi i still hadnt been called in and the doctor hadnt even arrived yet i was told the doctors schedule was from 48 pesan pribadi so this was quite disappointing also sorry to say but i wasnt really impressed with the doctors way of educating patients even though she has an mkes degree i felt that her communication and patient education skills didnt really reflect the level of expertise i expected and why she didnt read the medical record first so patient didnt need to explain all over again from the very beginning,Negatif,Netral,0.536,True
Saya suka dengan Layanan Rekam Medis nya yang memudahkan pasien menerima akses resume pasien,5,"Rumah Sakit ""JIH"" Purwokerto",saya suka dengan layan rekam medis nya yang mudah pasien terima akses resume pasien,Positif,Positif,0.9953,False
"Merasa kecewa,datang dari jam 17.00 WIB sampai pukul 20.46 WIB di poli anak tgl 15 agustus 2026 belum juga dapat pelayanan,dikarenakan ada pasien yang kuranglebih memakan waktu 50mnt. Semoga ada batasan waktu untuk penanganan tiap pasien.sesi konsultasi di adakan sesi tersendiri,tidak di gabung dengan sesi pemeriksaan sakit.terimakasih",1,"Rumah Sakit ""JIH"" Purwokerto",rasa kecewadatang dari jam 1700 wib sampai pukul 2046 wib di poliklinik anak tgl 15 agustus 2026 belum juga dapat pelayanandikarenakan ada pasien yang kuranglebih makan waktu 50mnt moga ada batas waktu untuk tangan tiap pasiensesi konsultasi di adakan sesi tersendiritidak di gabung dengan sesi periksa sakitterimakasih,Negatif,Negatif,0.9764,False
Thanks to RS JIH Purwokerto for the care and treatment provided to my wife over the past week. The service provided has been very satisfactory,5,"Rumah Sakit ""JIH"" Purwokerto",terima kasih to rumah sakit jih purwokerto for the care and treatment provided to my wife over the past week the service provided has been very satisfactory,Positif,Netral,0.5986,True
"Pelayanan sangat ramah, tempat nyaman, layanan rekam medis sangat cepat",5,"Rumah Sakit ""JIH"" Purwokerto",layan sangat ramah tempat nyaman layan rekam medis sangat cepat,Positif,Positif,0.9967,False
Sangat membantu dan informatif,5,"Rumah Sakit ""JIH"" Purwokerto",sangat bantu dan informatif,Positif,Positif,0.9923,False
Rekam medis mantul,5,"Rumah Sakit ""JIH"" Purwokerto",rekam medis sangat baik,Positif,Netral,0.9341,True
nyaman sekali,5,"Rumah Sakit ""JIH"" Purwokerto",nyaman sekali,Positif,Positif,0.9974,False
rumahsakitnya bagus dan ramah lingkungan dan besar aku nyaman mesana,5,"Rumah Sakit ""JIH"" Purwokerto",rumahsakitnya bagus dan ramah lingkung dan besar saya nyaman mesana,Positif,Positif,0.9973,False
sangat nyaman dan bersih,5,"Rumah Sakit ""JIH"" Purwokerto",sangat nyaman dan bersih,Positif,Positif,0.9971,False
"sangat memuaskan pelayanan di sini, semakin sukses dan maju",5,"Rumah Sakit ""JIH"" Purwokerto",sangat muas layan di sini makin sukses dan maju,Positif,Positif,0.9956,False
Ternyaman & ter the best 🫰🏻,5,"Rumah Sakit ""JIH"" Purwokerto",nyaman ter the bagus,Positif,Positif,0.9872,False
"PELAYANAN NYA OKE BANGET, RAMAH BANGET, SOPAN, BAIK SEMUA KARYAWAN NYA, POKOKNYA RUMAH SAKIT INI BINTANG 5",5,"Rumah Sakit ""JIH"" Purwokerto",layan nya baik sekali ramah sekali sopan baik semua karyawan nya pokok rumah sakit ini bintang 5,Positif,Positif,0.9978,False
Sangat memuaskan pelayanan di RS. JIH Purwokerto,5,"Rumah Sakit ""JIH"" Purwokerto",sangat muas layan di rumah sakit jih purwokerto,Positif,Positif,0.9947,False
pelayanan cepat dan tepat,5,"Rumah Sakit ""JIH"" Purwokerto",layan cepat dan tepat,Positif,Positif,0.9925,False
"Pelayanannya bagus dan ramah, tempatnya pun nyaman, terimakasih",5,"Rumah Sakit ""JIH"" Purwokerto",layan bagus dan ramah tempat pun nyaman terima kasih,Positif,Positif,0.997,False
Kata gue jgn dulu ada cabang kalo belom solve waiting time sampe 6 jam,1,"Rumah Sakit ""JIH"" Purwokerto",kata saya jangan dulu ada cabang kalo bom solve waiting time sampai 6 jam,Negatif,Netral,0.8552,True
sudah berkali2 ke sini tapi perawatan ga pernah sesuai jadwal. harus nunggu sampe 3 jam lebih udah kaya di RS akreditasi dasar,1,"Rumah Sakit ""JIH"" Purwokerto",sudah berkali2 ke sini tapi awat tidak pernah sesuai jadwal harus tunggu sampai 3 jam lebih sudah kaya di rumah sakit akreditasi dasar,Negatif,Negatif,0.9942,False
"Suka banget sama pelayanannya dari dokter, suster dan semua staff di RS JIH. Dari pelayanan yg cepat, orang²nya yang ramah. Pengobatannya juga mantap, habis operasi minim sakit. Alhamdulillah. Semoga RS JIH tetap konsisten dalam pelayannya, makin maju dan sukses.",5,"Rumah Sakit ""JIH"" Purwokerto",suka sekali sama layan dari dokter suster dan semua staff di rumah sakit jih dari layan yang cepat orang nya yang ramah obat juga sangat baik habis operasi minim sakit alhamdulillah moga rumah sakit jih tetap konsisten dalam layan makin maju dan sukses,Positif,Positif,0.9972,False
Rekamn medis yg sangat helpfull banget semangat terus Yaa terima banyak,5,"Rumah Sakit ""JIH"" Purwokerto",rekamn medis yang sangat helpfull sekali semangat terus yaa terima banyak,Positif,Positif,0.9201,False
Pelayannya good bangettt semuanya. Semua dokter JIH favorit semua pokonya,5,"Rumah Sakit ""JIH"" Purwokerto",layan good sekali semua semua dokter jih favorit semua poko,Positif,Positif,0.997,False
Layanan Rekam Medis sangat helpfull dan ramah dalam membantu pasien dan keluh kesah,5,"Rumah Sakit ""JIH"" Purwokerto",layan rekam medis sangat helpfull dan ramah dalam bantu pasien dan keluh kesah,Positif,Positif,0.9926,False
"Selalu pilih JIh untuk tempat berobat dan konsultasi kesehatan, selain memang belerja sama dgk asuransi kesehatan kantor dari segi pelayanan dokter, perawat juga sgt baik. Serta sering di bantu front adm mas Gunanto. Terimakasih",5,"Rumah Sakit ""JIH"" Purwokerto",selalu pilih jih untuk tempat obat dan konsultasi sehat selain memang belerja sama dgk asuransi sehat kantor dari segi layan dokter awat juga sgt baik serta sering di bantu front adm mas gunanto terima kasih,Positif,Positif,0.9802,False
"RS pilihan bawa cucu kalau sakit, karena pelayanan tenaga kesehatan yang baik serta dibantu tenaga adm a. n Gun yg baik dan ramah",5,"Rumah Sakit ""JIH"" Purwokerto",rumah sakit pilih bawa cucu kalau sakit karena layan tenaga sehat yang baik serta bantu tenaga adm a n gun yang baik dan ramah,Positif,Positif,0.9875,False
"I had an excellent experience at this hospital. The doctors were highly professional, the nurses were incredibly kind, and the entire staff made me feel comfortable throughout my treatment. Thank you for the outstanding care!",5,"Rumah Sakit ""JIH"" Purwokerto",i had an excellent experience at this hospital the doctors were highly professional the nurses were incredibly kind and the entire staff made me feel comfortable throughout my treatment thank you for the outstanding care,Positif,Positif,0.8476,False
Bisa MCU & MBCA,5,"Rumah Sakit ""JIH"" Purwokerto",bisa mcu mbca,Positif,Netral,0.7381,True
"beberapa hari yang lalu saya pergi ke jih untuk yang pertama kalinya dan tidak memiliki pandangan yang baik. saya fikir rumah sakit bagus pelayanan nya juga bagus, memang datang di sambut sama mas” yang berdiri pakai baju merah sopan dan sangat lembut sekali dan saya di arahkan untuk registrasi di bagian administrasi, sy kebingungan karena memang pertama kali datang ke sini. di bagian administrasi ada 4 orang yang duduk, saya berdiri kebingungan untuk alurnya bagaimana tidak ada yang menanyakan atau membantu saya sama sekali hanya di liatin aja gitu di biarin kebingungan, tidak di sapa atau senyum sama sekalipun tidak, atau karena sudah malam? jadi cape gitu kali ya padahal namanya tugas pekerjaan harus ttp profesional.",1,"Rumah Sakit ""JIH"" Purwokerto",beberapa hari yang lalu saya pergi ke jih untuk yang pertama kali dan tidak milik pandang yang baik saya fikir rumah sakit bagus layan nya juga bagus memang datang di sambut sama mas yang diri pakai baju merah sopan dan sangat lembut sekali dan saya di arah untuk registrasi di bagi administrasi saya bingung karena memang pertama kali datang ke sini di bagi administrasi ada 4 orang yang duduk saya diri bingung untuk alur bagaimana tidak ada yang tanya atau bantu saya sama sekali hanya di liatin saja gitu di biarin bingung tidak di sapa atau senyum sama sekalipun tidak atau karena sudah malam jadi capek gitu kali ya padahal nama tugas kerja harus ttp profesional,Negatif,Negatif,0.9797,False
Pelayanan nya sangat bagus...mantab...,5,"Rumah Sakit ""JIH"" Purwokerto",layan nya sangat bagusmantab,Positif,Positif,0.9976,False
selamat ulang tahun RS JIH PURWAKARTA,5,"Rumah Sakit ""JIH"" Purwokerto",selamat ulang tahun rumah sakit jih purwakarta,Positif,Netral,0.7411,True
"Dokter, perawat, fasilitas lengkap , pelayanan mantep satu kata buat rumah sakit JIH ""Best"" apalagi bisa request women only . Sekonduripun jih 🙏",5,"Rumah Sakit ""JIH"" Purwokerto",dokter awat fasilitas lengkap layan mantep satu kata untuk rumah sakit jih bagus apalagi bisa request women only sekonduripun jih,Positif,Positif,0.9863,False
Saya pernah ikut nungguin Kaka mau Persalinan anak ke 2 di RS jIH Sangat luar biasa fasilitas seperti di Hotel berbintang. Ruang Luas fasilitas lengkap banget. POKOKNYA JOS JIS LAHH,5,"Rumah Sakit ""JIH"" Purwokerto",saya pernah ikut nungguin kaka mau salin anak ke 2 di rumah sakit jih sangat luar biasa fasilitas seperti di hotel bintang ruang luas fasilitas lengkap sekali pokok jos jis lahh,Positif,Positif,0.998,False
"Pelayanan sangat bagus,cepat dan tanggap..terimakasih JIH🤍",5,"Rumah Sakit ""JIH"" Purwokerto",layan sangat baguscepat dan tanggapterimakasih jih,Positif,Positif,0.9803,False
JIH Istimewa,5,"Rumah Sakit ""JIH"" Purwokerto",jih istimewa,Positif,Positif,0.9947,False
"Rumah sakit ternyaman, Suka sekali dengan RS JIH. Tergolong masih baru ya di Purwokerto",5,"Rumah Sakit ""JIH"" Purwokerto",rumah sakit nyaman suka sekali dengan rumah sakit jih golong masih baru ya di purwokerto,Positif,Positif,0.9975,False
"Pelayanan satset, jih istimewa",5,"Rumah Sakit ""JIH"" Purwokerto",layan satset jih istimewa,Positif,Positif,0.9949,False
"Pelayanan bagus, ruangannya nyaman",5,"Rumah Sakit ""JIH"" Purwokerto",layan bagus ruang nyaman,Positif,Positif,0.9973,False
"Tmptnya nyaman, pelayanan ramah, sukses selalu..",5,"Rumah Sakit ""JIH"" Purwokerto",tmptnya nyaman layan ramah sukses selalu,Positif,Positif,0.9954,False
TOP 👍,5,"Rumah Sakit ""JIH"" Purwokerto",sangat baik,Positif,Positif,0.9947,False
Pelayanan kesehatan yang sangat maksimal serta humanis untuk semua pasien. Keren,5,"Rumah Sakit ""JIH"" Purwokerto",layan sehat yang sangat maksimal serta manusiawi untuk semua pasien bagus,Positif,Positif,0.996,False
Rumah sakit yg sangat nyaman dan lengkap fasilitasnya..sukses terus JIH,5,"Rumah Sakit ""JIH"" Purwokerto",rumah sakit yang sangat nyaman dan lengkap fasilitasnyasukses terus jih,Positif,Positif,0.9951,False
Terbaikkk...,5,"Rumah Sakit ""JIH"" Purwokerto",baik,Positif,Positif,0.996,False
"Nyaman , bersih dan ramah",5,"Rumah Sakit ""JIH"" Purwokerto",nyaman bersih dan ramah,Positif,Positif,0.9969,False
"Kecewa sama pelayanannya. Dijadwalin operasi jam 1 siang, disuruh dateng dari jam setengah 1. Dibuat nunggu sampe jam setengah 3 sore. Alesan 1, dokternya baru mau otw jam 2an. Alesan 2, dokternya lagi rapat di lantai 2. Alesan 3, dokternya lagi operasi. Alesan 4, rapatnya di minta buat di stop dulu buat operasi saya setelah saya marah-marah di lobby. Jadi alesan yang bener yang mana? Tolong perbaiki pelayanannya.",1,RS Jatiwinangun,kecewa sama layan dijadwalin operasi jam 1 siang suruh dateng dari jam tengah 1 buat tunggu sampai jam tengah 3 sore alesan 1 dokter baru mau otw jam 2an alesan 2 dokter lagi rapat di lantai 2 alesan 3 dokter lagi operasi alesan 4 rapat di minta untuk di stop dulu untuk operasi saya telah saya marahmarah di lobby jadi alesan yang benar yang mana tolong baik layan,Negatif,Negatif,0.9963,False
"Saya memiliki pengalaman yang baik saat menjalani operasi di RS Jatiwinangun Purwokerto. Sejak proses pendaftaran hingga perawatan setelah operasi, pelayanan yang diberikan terasa ramah dan profesional. Dokter, perawat, dan tenaga medis memberikan penjelasan dengan baik serta membuat saya merasa lebih tenang selama menjalani tindakan. Ruang perawatan juga bersih dan nyaman. Terima kasih kepada seluruh tim medis yang telah memberikan pelayanan terbaik. Semoga kualitas pelayanan selalu terjaga dan semakin baik ke depannya",5,RS Jatiwinangun,saya milik alam yang baik saat jalan operasi di rumah sakit jatiwinangun purwokerto sejak proses daftar hingga awat telah operasi layan yang beri asa ramah dan profesional dokter awat dan tenaga medis beri jelas dengan baik serta buat saya rasa lebih tenang lama jalan tindak ruang awat juga bersih dan nyaman terima beri kepada seluruh tim medis yang telah beri layan baik moga kualitas layan selalu jaga dan makin baik ke depan,Positif,Positif,0.9943,False
"Alkhamdulillah..petugas nya Ramah ramah, pelayanan optimal..semoga bisa dipertahankan 🙏🙏🙏",5,RSUD Banyumas,alkhamdulillahpetugas nya ramah ramah layan optimalsemoga bisa tahan,Positif,Positif,0.9561,False
"kecewa sekali dg pelayanan bagian farmasi/pengambilan obat hr ini kamis 27 Agustus 2026..dr jam 11 siang antre pengambilan obat mp sore hampir jam 16.00 blm jg kelar2..tolong pihak managemen RSUD segera dibenahi, dr jam 09.30 proses pendaftaran smp sore blm kelar2..bener2 ngabisin waktu seharian..",1,RSUD Banyumas,kecewa sekali dengan layan bagi farmasipengambilan obat hr ini kamis 27 agustus 2026dr jam 11 siang antre ambil obat mp sore hampir jam 1600 belum juga kelar2tolong pihak managemen rsud segera benah dari jam 0930 proses daftar smp sore belum kelar2bener2 ngabisin waktu hari,Negatif,Negatif,0.9961,False
"Pelayanan obat di poli jiwa sangat tidak memuaskan, lama banget nunggunya sampe 3 jaman Jeda racik obat antar pasien juga lama",1,RSUD Banyumas,layan obat di poliklinik jiwa sangat tidak muas lama sekali nunggunya sampai 3 jaman jeda racik obat antar pasien juga lama,Negatif,Negatif,0.9974,False
Pelayanan MRI sangat bagus dan cepat dan bagus pegawai ramah,5,RSUD Banyumas,layan mri sangat bagus dan cepat dan bagus pegawai ramah,Positif,Positif,0.9964,False
"pemeriksaan cepat,mri pemeriksaan cepat dan mudah",5,RSUD Banyumas,periksa cepatmri periksa cepat dan mudah,Positif,Netral,0.5979,True
"Dpt rujukan ke RSUD BANYUMAS,,anak harus priksa ahli saraf,sama dokter suruh ct scan,tp alat nya rusak sudah 1 bulan blm jd kata nya,akhir nya kontrol ke 1 alat udah jd,dan di suruh nebus obat ke apotik kirain obat buat di bawa pulang dan ternyata mlh infus,masa kita yg sakit suruh ambil infus di apotek,dan alhasil ct scan di suruh besok nya lg,dan hasil ct scan di suruh ambil 1 bulan sklian kontrol ke 2,ini orang sakit lho kenapa harus nunggu 1 bulan,memang kita pakai bpjs tp jngn di lama""in,dan kata nya klu mau cepet kluar hsl ct scan nya kita harus bayar 300 rb,,knp gk di percapat penanganan nya,,kita jauh"" dpt rujukan ke situ,jarak rumah ke rs 2 jam lho,,",2,RSUD Banyumas,dapat rujuk ke rsud banyumasanak harus priksa ahli sarafsama dokter suruh ct scantp alat nya rusak sudah 1 bulan belum jadi kata nyaakhir nya kontrol ke 1 alat sudah jddan di suruh nebus obat ke apotik kirain obat untuk di bawa pulang dan nyata mlh infusmasa kita yang sakit suruh ambil infus di apotekdan alhasil ct scan di suruh besok nya lgdan hasil ct scan di suruh ambil 1 bulan sklian kontrol ke 2ini orang sakit ekspresi tekan kenapa harus tunggu 1 bulanmemang kita pakai bpjs sehat tetapi jngn di lamaindan kata nya klu mau cepet kluar hsl ct scan nya kita harus bayar 300 rbknp gk di percapat tangan nyakita jauh dapat rujuk ke situjarak rumah ke rumah sakit 2 jam ekspresi tekan,Negatif,Negatif,0.9319,False
Terbaik Masyaallah !!! Terutama untuk perawatan bayinya. dr Basalamah dan tim medis terimakasih banyak !! 😍😍😍,5,RSUD Banyumas,baik masya allah utama untuk awat bayi dari basalamah dan tim medis terima kasih banyak,Positif,Positif,0.8326,False
Pelayan yang di bagian bayi judes ga ramah. Juga masalah parkir. Harus nya ada kebijaksanaan untuk penjaga pasien. Karena penjaga pasien harus bolak balik keluar cari keperluan pasien. Dan bawa motor untuk transportasi. Setiap keluar di haruskan bayar parkir. Jika sehari keluar masuk sepuluh kali maka tetep harus bayat 10 kali juga. Mohon kebijaksanaan kepada RSUD. Karena belum tentu pasien atau penjaga pasien orang berduit semua.,1,RSUD Banyumas,layan yang di bagi bayi judes tidak ramah juga masalah parkir harus nya ada bijaksana untuk jaga pasien karena jaga pasien harus bolak balik keluar cari perlu pasien dan bawa motor untuk transportasi tiap keluar di harus bayar parkir jika hari keluar masuk puluh kali maka tetep harus bayat 10 kali juga mohon bijaksana kepada rsud karena belum tentu pasien atau jaga pasien orang duit semua,Negatif,Negatif,0.9331,False
Katanya tempat pendaftaran online mencet dewek ora antri tp ya tetep saja antri.mana petugase pendaftaran ngepas banget masuk jam 7.15 sampe situ jam 7.13 blm siap2 nya dan nyalain alatnya.tolong petugas yg ky gt kasih pelatihan pelayanan prima.kasihan yg sudah jauh2 dan gasik datang msh harus nunggu petugasnya.,1,RSUD Banyumas,kata tempat daftar online mencet dewek ora antre tetapi ya tetep saja antrimana petugase daftar ngepas sekali masuk jam 715 sampai situ jam 713 belum siap2 nya dan nyalain alatnyatolong tugas yang ky gt beri latih layan primakasihan yang sudah jauh2 dan gasik datang msh harus tunggu tugas,Negatif,Negatif,0.9902,False
"dokter anaknya kaku tidak ramah. Hari Anak saya di rujuk oleh dokter puskesmas , karena ada benjolan di ketiak kanan sudah seminggu belum kempes, Setelah di RSUD Banyumas di periksa oleh dr laki laki di poli anak, katanya ,""ini tidak perlu di obati"",, di situ saya sangat bingung, dokter tidak menjelaskan benjolan apa itu, dan keluar tanpa dikasih resep obat,, Padahal anak saya masih merasakan nyeri dan sakit . Apa ini bagian dari pelayanan??",1,RSUD Banyumas,dokter anak kaku tidak ramah hari anak saya di rujuk oleh dokter puskesmas karena ada benjol di ketiak kanan sudah minggu belum kempes telah di rsud banyumas di periksa oleh dari laki laki di poliklinik anak kata ini tidak perlu di obat di situ saya sangat bingung dokter tidak jelas benjol apa itu dan keluar tanpa kasih resep obat padahal anak saya masih rasa nyeri dan sakit apa ini bagi dari layan,Negatif,Negatif,0.994,False
"Terima kasih atas layanan terbaik dari perawat, dokter serta team rsud banyumas.",5,RSUD Banyumas,terima beri atas layan baik dari awat dokter serta team rsud banyumas,Positif,Positif,0.7627,False
"Lahiran di sini sangat nyaman, bisa ERACS. pelayanan di bangsal wijayakusuma, perina, sangat baik untuk lahiran",5,RSUD Banyumas,lahir di sini sangat nyaman bisa eracs layan di bangsal wijayakusuma ina sangat baik untuk lahir,Positif,Positif,0.9975,False
Rumah sakit yang lengkap lengkip dan pelayanan yang ramah. Maju terus RSUD Banyumas,5,RSUD Banyumas,rumah sakit yang lengkap lengkip dan layan yang ramah maju terus rsud banyumas,Positif,Positif,0.992,False
"Nyaman , perawatnya ramah²,",5,RSUD Banyumas,nyaman awat ramah,Positif,Positif,0.9932,False
"Meskipun terdampak penutupan Jembatan Serayu, alhamdulillah penelitian di Instalasi Rekam Medik RSUD Banyumas berjalan lancar. Pelayanan rekan2 di IRM luar biasa, sangat membantu di awal, memastikan data yang harus diambil tersedia. Kendala saat proses pengambilan data juga diatasi dengan gercep❤️..sehat selalu rekan2 IRM.",5,RSUD Banyumas,meski dampak tutup jembatan rayu alhamdulillah teliti di instalasi rekam medik rsud banyumas jalan lancar layan rekan2 di irm luar biasa sangat bantu di awal pasti data yang harus ambil sedia kendala saat proses ambil data juga atas dengan gercepsehat selalu rekan2 irm,Positif,Positif,0.9908,False
"Pelayanan bagus, perawatnya jg ramah,tempatnya bersih, nyaman",5,RSUD Banyumas,layan bagus awat juga ramahtempatnya bersih nyaman,Positif,Positif,0.9972,False
Pemeriksaan cepat dan penanganan tepat,5,RSUD Banyumas,periksa cepat dan tangan tepat,Positif,Netral,0.7834,True
Pelayanan 👍. Semoga semakin bermanfaat untuk masyarakat Banyumas,5,RSUD Banyumas,layan moga makin manfaat untuk masyarakat banyumas,Positif,Positif,0.7126,False
Pelayanan saat di igd dan diruangan cepat dan baik,5,RSUD Banyumas,layan saat di instalasi gawat darurat dan ruang cepat dan baik,Positif,Positif,0.9888,False
"selalu mementingkan keselamatan pasien tanpa pamrih, semoga selalu diberikan kesehatan dan kelancaran bagi semua tenaga kesehatan di rsud banyumas aamiin",5,RSUD Banyumas,selalu penting selamat pasien tanpa pamrih moga selalu beri sehat dan lancar bagi semua tenaga sehat di rsud banyumas aamiin,Positif,Positif,0.9442,False
"Pernah beberapa kali cek mata di sini pake BJPS, pelayanannya okee bgt, cepet, dokternya ramah, dan alhamdulillah obatnya cocok",5,RSUD Banyumas,pernah beberapa kali cek mata di sini pake bjps layan okee banget cepet dokter ramah dan alhamdulillah obat cocok,Positif,Positif,0.9941,False
Trimakasih RSUD Banyumas.Berkat pelayanan mu yang mantap ibu saya dapat dilayani dengan cepat Makasih untuk suster dan omsuterya I love you.,5,RSUD Banyumas,terima kasih rsud banyumasberkat layan mu yang sangat baik ibu saya dapat layan dengan cepat terima kasih untuk suster dan omsuterya i love you,Positif,Positif,0.9892,False
Kebersihanya luar biasa,5,RSUD Banyumas,kebersihanya luar biasa,Positif,Positif,0.9971,False
Pelayanan nya sangat baik,5,RSUD Banyumas,layan nya sangat baik,Positif,Positif,0.9968,False
Pelayanan kesehatan terbaik di kecamatan banyumas,5,RSUD Banyumas,layan sehat baik di camat banyumas,Positif,Positif,0.9832,False
Joosss,5,RSUD Banyumas,joos,Positif,Positif,0.9698,False
nice,5,RSUD Banyumas,nice,Positif,Positif,0.9923,False
Mengutamakan Kepuasan Pelanggan,5,RSUD Banyumas,utama puas langgan,Positif,Positif,0.9811,False
"tempatnya nyaman, tenang jauh dari hirukpikuk, perawatnya ramah ramah, untuk taman mohon diperbaiki dan di tata ulang, diperbanyak lagi tanaman hias dan tanaman buah. terima kasih atas pelayanannya 👌",5,RSUD Banyumas,tempat nyaman tenang jauh dari hirukpikuk awat ramah ramah untuk taman mohon baik dan di tata ulang banyak lagi tanam hias dan tanam buah terima beri atas layan,Positif,Positif,0.9173,False
"Selama nganter ibu mertua berobat sdh bertahun tahun di RS UD Banyumas ini, tdk ada yg kurang pelayanannya dri pihak para medisnya juga loket2 pendaftarannya, sudah semakin baik, maju terus RSUD BMS semakin thn semakin komplit sarana pengobatannya,",5,RSUD Banyumas,lama nganter ibu orang tua pasang obat sudah tahun tahun di rumah sakit ud banyumas ini tidak ada yang kurang layan dari pihak para medis juga loket2 daftar sudah makin baik maju terus rsud bms makin thn makin komplit sarana obat,Positif,Positif,0.9917,False
"Kemarin penelitian di instalasi rekam medis buat tugas akhir, alurnya tersusun banget, mudah diikuti jugaa, ngurus izin ke rumah sakitnya juga mudah, petugasnya ramah ramah banget, welcome, dan sangat membantu",5,RSUD Banyumas,kemarin teliti di instalasi rekam medis untuk tugas akhir alur susun sekali mudah ikut jugaa ngurus izin ke rumah sakit juga mudah tugas ramah ramah sekali welcome dan sangat bantu,Positif,Positif,0.997,False
Pelayanannya bagus.. Perawatnya Ramah ramah...,5,RSUD Banyumas,layan bagus awat ramah ramah,Positif,Positif,0.9965,False
"Pelayanan memuaskan, pegawainya ramah ramah, tempat tunggu nyaman..",5,RSUD Banyumas,layan muas pegawai ramah ramah tempat tunggu nyaman,Positif,Positif,0.9963,False
"pelayanan ramah, tempatnya nyaman semoga semakin jaya",5,RSUD Banyumas,layan ramah tempat nyaman moga makin jaya,Positif,Positif,0.9959,False
"Tempat pelayanan kesehatan, dengan fasilitas yang cukup lengkap Tempat pelatihan bidang kesehatan",5,RSUD Banyumas,tempat layan sehat dengan fasilitas yang cukup lengkap tempat latih bidang sehat,Positif,Positif,0.9044,False
"Masya Allah pelayanannya luar biasa ramah, ruanganya luas. Nyaman banget",5,Rumah Sakit Orthopaedi Purwokerto,masya allah layan luar biasa ramah ruanganya luas nyaman sekali,Positif,Positif,0.9979,False
"Saya ingin menyampaikan apresiasi kepada RSOP Purwokerto. Selama kurang lebih 5 bulan bolak-balik untuk menjalani pengobatan dan kontrol, saya merasa pelayanan yang diberikan sudah sangat baik, informatif, jelas, dan ramah. Namun, sangat disayangkan pelayanan di bagian informasi pada hari ini kurang memuaskan. Petugas yang berjaga terkesan kurang ramah dan kurang sabar dalam menghadapi keluhan pasien. Menurut saya, bagian informasi adalah salah satu layanan yang paling sering didatangi pasien, terutama pasien lanjut usia yang masih kesulitan menggunakan teknologi. Karena itu, sikap yang lebih ramah dan sabar tentu akan sangat membantu. Saya menuliskan ulasan ini bukan untuk menjatuhkan siapa pun, melainkan sebagai bentuk masukan agar pelayanan ke depannya bisa menjadi lebih baik. Apalagi, hari ini saya mendengar cukup banyak keluhan dari pasien lain setelah saya sendiri menyampaikan keluhan yang saya alami. Terima Kasih 🙏🏻",3,Rumah Sakit Orthopaedi Purwokerto,saya ingin sampai apresiasi kepada rsop purwokerto lama kurang lebih 5 bulan bolakbalik untuk jalan obat dan kontrol saya rasa layan yang beri sudah sangat baik informatif jelas dan ramah namun sangat sayang layan di bagi informasi pada hari ini kurang muas tugas yang jaga kes kurang ramah dan kurang sabar dalam hadap keluh pasien turut saya bagi informasi adalah salah satu layan yang paling sering datang pasien utama pasien lanjut usia yang masih sulit guna teknologi karena itu sikap yang lebih ramah dan sabar tentu akan sangat bantu saya tulis ulas ini bukan untuk jatuh siapa pun lain bagai bentuk masuk agar layan ke depan bisa jadi lebih baik apalagi hari ini saya dengar cukup banyak keluh dari pasien lain telah saya sendiri sampai keluh yang saya alami terima beri,Netral,Negatif,0.7361,True
"Alhamdulillah..pelayanan ramah ,dokter juga memberikan kesempatan apa yg mau ditanyakan lg.dan memberikan jawaban dgn baik.Sehat semua dan Berkah untuk RSOP Purwokerto. Terimakasih",5,Rumah Sakit Orthopaedi Purwokerto,alhamdulillahpelayanan ramah dokter juga beri sempat apa yang mau tanya lgdan beri jawab dgn baiksehat semua dan berkah untuk rsop purwokerto terima kasih,Positif,Positif,0.9874,False
"Pelayanan benar"" oke dan ramah di RSOP. Terbaik 👍💯",5,Rumah Sakit Orthopaedi Purwokerto,layan benar baik dan ramah di rsop baik,Positif,Positif,0.9859,False
"Baru kali ini nemuin RS rasa hotel bintang 5, Pelayanan nya benar² memuaskan bangat, tidak membedakan pasien yg bayar umum dan bpjs, Pertahankan terus service yg seperti itu,",5,Rumah Sakit Orthopaedi Purwokerto,baru kali ini nemuin rumah sakit rasa hotel bintang 5 layan nya benar muas bangat tidak beda pasien yang bayar umum dan bpjs sehat tahan terus service yang seperti itu,Positif,Positif,0.9568,False
"Terimakasih RSOP, customer service di WA sangat fast respon, terintegerasi dengan baik untuk booking dan cek jadwal pelayanan 💪",5,Rumah Sakit Orthopaedi Purwokerto,terima kasih rsop langgan service di wa sangat fast respon terintegerasi dengan baik untuk booking dan cek jadwal layan,Positif,Positif,0.6047,False
Pendaftaran online untk pasien rujukan payah lama sekali gagal2 terus,3,Rumah Sakit Orthopaedi Purwokerto,daftar online untk pasien rujuk payah lama sekali gagal2 terus,Netral,Negatif,0.9965,True
"Istri saya 2x dirawat disini, dan bagi istri yg seorang nakes, dia kagum juga dg nakes tetap tersenyum menghadapi pasien yg banyak smp mlm hari... Dia temukan di RSOP ini... Selamat Ulang Tahun ke 20th mudah2an makin okey dalam melayani pasien... Konsep tanpa lift nya bagus buat penunggu dan penjenguk pasien utk rajin jalan... Buat nakesnya juga jalan ya?",5,Rumah Sakit Orthopaedi Purwokerto,istri saya 2x rawat sini dan bagi istri yang orang nakes dia kagum juga dengan nakes tetap senyum hadap pasien yang banyak smp mlm hari dia temu di rsop ini selamat ulang tahun ke 20th mudah2an makin okey dalam layan pasien konsep tanpa lift nya bagus untuk tunggu dan jenguk pasien untuk rajin jalan untuk nakesnya juga jalan ya,Positif,Positif,0.9978,False
Bersih,5,Rumah Sakit Orthopaedi Purwokerto,bersih,Positif,Positif,0.9951,False
"Rekomended sekali untuk penanganan tulang dengan pelayanan yang super Ramah dan Cepat. BEST SERVICE BEST FACILITIES !!! Alhamdulillah berobat anak saya bernama Bima Athaya SP kesini, habis terjatuh saat main bola,penanganan cepat dari IGD kami langsung dirontgen untuk memastikan, dan langsung tindakan di sore harinya setelah puasa +-6 jam untuk pemasangan pen, dan Alhamdulillah satu hari saja dokter sudah membolehkan untuk pulang dan rawat jalan. Kami sekeluarga sangat sangat berterimakasih kepada RS Orthopaedi Purwokerto terutama Pak Dokter Imam dan Ibu Putri serta segenap team Medic atas pelayanan terbaik yang telah diberikan.🙏 ""Selamat Ulang Tahun ke-20 RSOP! Dua dekade memberi pelayanan terbaik (best service & best hospitality). Sukses dan jaya selalu untuk seluruh tim besar RSOP!""",5,Rumah Sakit Orthopaedi Purwokerto,rekomendasi sekali untuk tangan tulang dengan layan yang super ramah dan cepat bagus service bagus facilities alhamdulillah obat anak saya nama bima athaya sp kesini habis jatuh saat main bolapenanganan cepat dari instalasi gawat darurat kami langsung rontgen untuk pasti dan langsung tindak di sore hari telah puasa 6 jam untuk pasang pen dan alhamdulillah satu hari saja dokter sudah boleh untuk pulang dan rawat jalan kami keluarga sangat sangat berterimakasih kepada rumah sakit orthopaedi purwokerto utama pak dokter imam dan ibu putri serta segenap team medic atas layan baik yang telah beri selamat ulang tahun ke20 rsop dua dekade beri layan baik bagus service bagus hospitality sukses dan jaya selalu untuk seluruh tim besar rsop,Positif,Positif,0.987,False
"Alhamdulillah pelayanannya sangat baik,dokter dan perawatnya sangat ramah.informasinya sangat akurat dan cepat.terimakasih rs orthpaedi purwokerto",5,Rumah Sakit Orthopaedi Purwokerto,alhamdulillah layan sangat baikdokter dan awat sangat ramahinformasinya sangat akurat dan cepatterimakasih rumah sakit orthpaedi purwokerto,Positif,Positif,0.9939,False
Pelayanan bagus.. dibantu sekali dalam pengurusan menggunakan asuransi.. terima mba admin yg sabar melayani.. the best..,5,Rumah Sakit Orthopaedi Purwokerto,layan bagus bantu sekali dalam urus guna asuransi terima mba admin yang sabar layan the bagus,Positif,Positif,0.9966,False
Pelayanan luar biasa cepat,5,Rumah Sakit Orthopaedi Purwokerto,layan luar biasa cepat,Positif,Positif,0.996,False
"Utk playann smua baik,,tempt snngt bersih dan nyaman.",5,Rumah Sakit Orthopaedi Purwokerto,untuk playann smua baiktempt snngt bersih dan nyaman,Positif,Positif,0.9909,False
"Alhamdulillah pelayanannya sangat baik, memuaskan, good job",5,Rumah Sakit Orthopaedi Purwokerto,alhamdulillah layan sangat baik muas good job,Positif,Positif,0.9952,False
Rsop yg terbaik trmsuk smua pelayan Bagus dan semakin maju RSOP terdekat,5,Rumah Sakit Orthopaedi Purwokerto,rsop yang baik trmsuk smua layan bagus dan makin maju rsop dekat,Positif,Positif,0.991,False
Operasi patah tulang sekarang tidak harus dengan pen plat yg terkesan mengerikan,4,Rumah Sakit Orthopaedi Purwokerto,operasi patah tulang sekarang tidak harus dengan pen plat yang kes keri,Positif,Negatif,0.9301,True
Staf ramah... Dokter sangat informatif... Ruangan juga bersih...,5,Rumah Sakit Orthopaedi Purwokerto,staf ramah dokter sangat informatif ruang juga bersih,Positif,Positif,0.997,False
pelayanan nya sangat bagus,5,Rumah Sakit Orthopaedi Purwokerto,layan nya sangat bagus,Positif,Positif,0.9973,False
"Ntah lg apes atau gmn, smua serba lama dan treatment g memuaskan",1,Rumah Sakit Orthopaedi Purwokerto,ntah lagi apes atau gmn smua serba lama dan treatment g muas,Negatif,Negatif,0.9959,False
Pelayananya sangat ramah,5,Rumah Sakit Orthopaedi Purwokerto,pelayananya sangat ramah,Positif,Positif,0.9969,False
"Pelayanannya ramah dari perawat maupun dokternya, operasi dan kontrol patah tulang disini juga menjadi salah satu yang terbaik, pelayanan rawat inapnya juga terbilang bagus, biayanya bisa pake bpjs maupun bayar mandiri:)",5,Rumah Sakit Orthopaedi Purwokerto,layan ramah dari awat maupun dokter operasi dan kontrol patah tulang sini juga jadi salah satu yang baik layan rawat inap juga bilang bagus biaya bisa pake bpjs sehat maupun bayar mandiri,Positif,Positif,0.9962,False
DOKTER DAN PERAWAT NYA BAIK RAMAH TEMPAT NYA BERSIH TOILET BERSIH DAN TIDAK MEMBEDA - BEDAKAN ANTARA UMUM DAN BPJS 🫰🫰,5,Rumah Sakit Orthopaedi Purwokerto,dokter dan awat nya baik ramah tempat nya bersih toilet bersih dan tidak beda beda antara umum dan bpjs sehat,Positif,Positif,0.8788,False
Terimakasih banyak atas pelayanan yang sangat memuaskan selama dirawat di RSOP Orthopaedi purwokerto,5,Rumah Sakit Orthopaedi Purwokerto,terima kasih banyak atas layan yang sangat muas lama rawat di rsop orthopaedi purwokerto,Positif,Positif,0.972,False
Bagus,5,Rumah Sakit Orthopaedi Purwokerto,bagus,Positif,Positif,0.9961,False
"Pelayanannya sangat baik pada bagian nformasi & pendaftaran oleh petugas serta pemeriksaan dan tindakan medis oleh perawat dan dokter sangat memuaskan dan ramah tamah, full senyum, melayani dengan sepenuh hati. Menjelaskan informasi sampai paham. Semoga pelayanannya tetap terjaga dengan baik, prima dan mengedepankan profesionalisme. Terimakasih.",5,Rumah Sakit Orthopaedi Purwokerto,layan sangat baik pada bagi nformasi daftar oleh tugas serta periksa dan tindak medis oleh awat dan dokter sangat muas dan ramah tamah full senyum layan dengan sepenuh hati jelas informasi sampai paham moga layan tetap jaga dengan baik prima dan depan profesionalisme terima kasih,Positif,Positif,0.9914,False
Penanganan pasien cukup cepat walaupun masih harus menunggu,4,Rumah Sakit Orthopaedi Purwokerto,tangan pasien cukup cepat walaupun masih harus tunggu,Positif,Positif,0.8167,False
"Pelayanan nya baguss bangettt gercep sekali untuk tindakannnya, dokter perawat dan semuanya baik sekali ramah ramah, tempatnya juga nyamann🥰, terbaikkk pokoknya untuk RSOP purwokerto👍👍👍",5,Rumah Sakit Orthopaedi Purwokerto,layan nya bagus sekali gercep sekali untuk tindakanya dokter awat dan semua baik sekali ramah ramah tempat juga nyamann baik pokok untuk rsop purwokerto,Positif,Positif,0.9974,False
Pelayanan di Rumah Sakit Orthopaedi Purwokerto sangat profesional dan ramah. Dokter serta perawatnya sangat cekatan dan informatif dalam menjelaskan tindakan. Fasilitasnya bersih dan nyaman. Sangat direkomendasikan untuk penanganan masalah tulang dan sendi! Terimakasih juga untuk dr. Adi Surya Rinata atas semuanya.,5,Rumah Sakit Orthopaedi Purwokerto,layan di rumah sakit orthopaedi purwokerto sangat profesional dan ramah dokter serta awat sangat cekat dan informatif dalam jelas tindak fasilitas bersih dan nyaman sangat rekomendasi untuk tangan masalah tulang dan sendi terima kasih juga untuk dari adi surya rata atas semua,Positif,Positif,0.9968,False
"Terima kasih Team IGD RSOP Purwokerto Paginya luar biasa dengan pelayanan yang cepat dan diluar ekspektasi sy. datang langsung ditangani kegawatannya tanpa bertanya sy pake umum ato asuransi kesehatan. Setelah tindakan, baru sy diarahkan mendaftar ke bagian pendaftaran. Mantap dan Luar Biasa",5,Rumah Sakit Orthopaedi Purwokerto,terima beri team instalasi gawat darurat rsop purwokerto pagi luar biasa dengan layan yang cepat dan luar ekspektasi saya datang langsung tangan gawat tanpa tanya saya pake umum ato asuransi sehat telah tindak baru saya arah daftar ke bagi daftar sangat baik dan luar biasa,Positif,Positif,0.9969,False
"hari ini sy ke RSOP Purwokerto karena kondisi kegawatan ke IGDnya dan Alhamdulillah langsung ditangani kegawatannya tanpa harus muter2 ndaftar dulu ke informasi, ditanyain pake umum ato apa IGD RSOP the best",5,Rumah Sakit Orthopaedi Purwokerto,hari ini saya ke rsop purwokerto karena kondisi gawat ke igdnya dan alhamdulillah langsung tangan gawat tanpa harus muter2 ndaftar dulu ke informasi ditanyain pake umum ato apa instalasi gawat darurat rsop the bagus,Positif,Positif,0.7796,False
"Ini pengalaman ke dua inap di RSOP. Pertama tahun 2014 menemani ananda, fisik bangunan masih baru, kamar bersih, hanya bed ada bercak2 darah kering. Fasilitas memadai, pelayanan ramah dan cepat. Kedua baru baru ini menemani suami. Pengalaman pertama buat saya nungguin pasien dapat kompensasi makan karena suami puasa pra oprasi. Menurut saya pelayanan RSOP baik, fasilitas cukup memadai. Kondisi bangunan karena sudah hampir 20 tahun tentu ada yang kusam apalagi bagian toilet di kamar singgah COSTAE 3 Secara umum pelayanan RSOP baik dan ramah.",5,Rumah Sakit Orthopaedi Purwokerto,ini alam ke dua inap di rsop pertama tahun 2014 tani ananda fisik bangun masih baru kamar bersih hanya bed ada bercak2 darah kering fasilitas pada layan ramah dan cepat dua baru baru ini tani suami alam pertama untuk saya nungguin pasien dapat kompensasi makan karena suami puasa pra oprasi turut saya layan rsop baik fasilitas cukup pada kondisi bangun karena sudah hampir 20 tahun tentu ada yang kusam apalagi bagi toilet di kamar singgah costae 3 cara umum layan rsop baik dan ramah,Positif,Positif,0.9907,False
"Gili Gede 207 sangat memuaskan, terimakasih perawat Gili gede🥰",5,Rumah Sakit Orthopaedi Purwokerto,gili besar 207 sangat muas terima kasih awat gili besar,Positif,Positif,0.9079,False
"RS bersih, rapi, dan dokter/petugas ramah.",5,Rumah Sakit Orthopaedi Purwokerto,rumah sakit bersih rapi dan dokterpetugas ramah,Positif,Positif,0.9939,False
"Pelayanannya sangat baik,jaga terus yaa🤗🤞🙏",5,Rumah Sakit Orthopaedi Purwokerto,layan sangat baikjaga terus yaa,Positif,Positif,0.9862,False
"Pegawai nya ramah - ramah sekali, pelayanan cepat dan tempatnya bersih dah rapi",5,Rumah Sakit Orthopaedi Purwokerto,pegawai nya ramah ramah sekali layan cepat dan tempat bersih sudah rapi,Positif,Positif,0.9976,False
Sangat bagus,5,Rumah Sakit Orthopaedi Purwokerto,sangat bagus,Positif,Positif,0.9966,False
"Sy puas dengan pelayanan di rsop. Perawat dan dokternya ramah, humble, enak diajak konsultasi, kamar bersih, lingkungan sekitar juga bersih dan nyaman. Walopun ibu sy pakai BPJS kelas 3 tapi tidak membedakan pelayanan. Terimakasih para perawat dan dokter yang sudah merawat ibu sy dengan baik. Semoga perawat dan dokter sehat selalu 🙏🏻😊",5,Rumah Sakit Orthopaedi Purwokerto,saya puas dengan layan di rsop awat dan dokter ramah humble enak ajak konsultasi kamar bersih lingkung sekitar juga bersih dan nyaman walopun ibu saya pakai bpjs sehat kelas 3 tapi tidak beda layan terima kasih para awat dan dokter yang sudah rawat ibu saya dengan baik moga awat dan dokter sehat selalu,Positif,Positif,0.9919,False
"RSOP PWT, Pelayanan Super duper Muantap",5,Rumah Sakit Orthopaedi Purwokerto,rsop pwt layan super duper muantap,Positif,Positif,0.9957,False
"Pengalaman pertama saya periksa di rs orthopedi pwt, pelayanannya sangat memuaskan stafnya ramah2, apalagi dokternya dr.Alam dari cara menjelaskan sangat detail, mau mendengarkan cerita pasien, memberikan saran yg menenangkan ga bikin pasien khawatir dan panik...pokoknya puas banget dg pelayanannya...terimakasih rs otropedi pwt..semakin sukses amin",5,Rumah Sakit Orthopaedi Purwokerto,alam pertama saya periksa di rumah sakit orthopedi pwt layan sangat muas staf sangat ramah apalagi dokter dralam dari cara jelas sangat detail mau dengar cerita pasien beri saran yang tenang tidak bikin pasien khawatir dan panikpokoknya puas sekali dengan pelayanannyaterimakasih rumah sakit otropedi pwtsemakin sukses amin,Positif,Positif,0.9976,False
"Rumah sakit yang nyaman, bersih, pelayanan yang sangat ramah",5,Rumah Sakit Orthopaedi Purwokerto,rumah sakit yang nyaman bersih layan yang sangat ramah,Positif,Positif,0.9971,False
"Sangat puas pelayanannya ramah, dokter menjelaskan dengan sangat jelas dan mudah di mengerti. Sukses sll buat rsop",5,Rumah Sakit Orthopaedi Purwokerto,sangat puas layan ramah dokter jelas dengan sangat jelas dan mudah di erti sukses sll untuk rsop,Positif,Positif,0.9958,False
Pelayanan cepat dan memuaskan,5,Rumah Sakit Orthopaedi Purwokerto,layan cepat dan muas,Positif,Positif,0.9952,False
"Trimakasih untuk RS ortopedi,pelayanan bagus ramah,cepat sat set.",5,Rumah Sakit Orthopaedi Purwokerto,terima kasih untuk rumah sakit ortopedipelayanan bagus ramahcepat sat set,Positif,Positif,0.9817,False
Jujur saya puas sekali dengan pelayanan di RSOP dari masuk IGD sampai pulang,5,Rumah Sakit Orthopaedi Purwokerto,jujur saya puas sekali dengan layan di rsop dari masuk instalasi gawat darurat sampai pulang,Positif,Positif,0.9965,False
Pelayanan cepat ramah dan fast respon mantab sehat slalu,5,Rumah Sakit Orthopaedi Purwokerto,layan cepat ramah dan fast respon mantab sehat slalu,Positif,Positif,0.9922,False
"Penanganannya cepat dan pelayanan nya ramah, terimakasih 😊",5,Rumah Sakit Orthopaedi Purwokerto,tangan cepat dan layan nya ramah terima kasih,Positif,Positif,0.8905,False
Trima kasih rsop atas pelayanan gercep nya 🙏🏻,5,Rumah Sakit Orthopaedi Purwokerto,trima beri rsop atas layan gercep nya,Positif,Positif,0.7043,False
"Pelayanannya memuaskan sekali, semoga selalu bagus ya",5,Rumah Sakit Orthopaedi Purwokerto,layan muas sekali moga selalu bagus ya,Positif,Positif,0.9951,False
"Keluarga selalu gembira kalau diajak ke rsop,ortu periksa kedokter,anak anak bisa bermain ditaman belakang,liat ikan,kuda nil dikolam,jajan ,makan ayam kremes dn mie spesialnya uenak deh...",5,Rumah Sakit Orthopaedi Purwokerto,keluarga selalu gembira kalau ajak ke rsoportu periksa kedokteranak anak bisa main tam belakangliat ikankuda nil dikolamjajan makan ayam kremes dalam negeri mie spesial uenak lah,Positif,Positif,0.9979,False
Pelayanan cepat.dokter dan perawatnya ramah.,5,Rumah Sakit Orthopaedi Purwokerto,layan cepatdokter dan awat ramah,Positif,Positif,0.9962,False
"Puas dengan layanan klinik Laktasi, konsultasinya nyaman ramah sekali benar² clear penjelasannya dan solutif dari dr Risky.. sehat selalu dok dan perawat² RSU Hidayah..",5,RSU Hidayah Purwokerto,puas dengan layan klinik laktasi konsultasi nyaman ramah sekali benar clear jelas dan solutif dari dari risky sehat selalu dok dan awat rumah sakit umum hidayah,Positif,Positif,0.9809,False
"Saya dulu patah tulang dan takut sebagai warga minoritas di operasi di RS Al-Hidayah karena khawatir pelayanannya, dan tadi karena sedang jalan pagi tanpa bawa identitas diri tapi tetap dilayani di IGD dan ternyata saya salah tidak perlu khawatir karena pelayanannya super baik Khusus untyk Dr. Lily (yg sedang istirahat) & para perawat terima kasih banyak atas pertolongannya, lembut & penuh kasih merawat saya Semoga RS Al-Hidayah semakin sukses dan dekat dihati Super keren ...",5,RSU Hidayah Purwokerto,saya dulu patah tulang dan takut bagai warga minoritas di operasi di rumah sakit alhidayah karena khawatir layan dan tadi karena sedang jalan pagi tanpa bawa identitas diri tapi tetap layan di instalasi gawat darurat dan nyata saya salah tidak perlu khawatir karena layan super baik khusus untyk dari lily yang sedang istirahat para awat terima beri banyak atas tolong lembut penuh beri rawat saya moga rumah sakit alhidayah makin sukses dan dekat hati super bagus,Positif,Positif,0.9951,False
"Nunggu JPP terlalu lama, padahal sdh jelas di rawat, Disuruh nunggu...Malu jg nunggunya. Tak tinggal..mudah2an kedepannya lebih baik...",2,RSU Hidayah Purwokerto,tunggu jpp terlalu lama padahal sudah jelas di rawat suruh nunggumalu juga nunggunya tidak tinggalmudah2an depan lebih baik,Negatif,Negatif,0.9948,False
"Baru nyobain Scaling gigi di RSU Hidayah Purwokerto, gak nyesel pokoknya, pelayanane ramah,dokternya sabar,sopan, perawatnya juga sat set, mantap pokoknya",5,RSU Hidayah Purwokerto,baru nyobain scaling gigi di rumah sakit umum hidayah purwokerto tidak nyesel pokok pelayanane ramahdokternya sabarsopan awat juga sat set sangat baik pokok,Positif,Positif,0.998,False
"Belum secara langsung periksa di RS ini, namun saya menghubungi contact di sosial medianya luar biasa responsif dan memberikan informasi dengan sabar, rinci, dan memberi solusi. semoga layanan di RS nya juga demikian",4,RSU Hidayah Purwokerto,belum cara langsung periksa di rumah sakit ini namun saya hubung contact di sosial media luar biasa responsif dan beri informasi dengan sabar rinci dan beri solusi moga layan di rumah sakit nya juga demikian,Positif,Positif,0.9708,False
"perawat ramah, tempat bersih dan nyaman, penanganan baik",5,RSU PKU MUHAMMADIYAH AMANAH SUMPIUH,awat ramah tempat bersih dan nyaman tangan baik,Positif,Positif,0.9939,False
Alhamdulillah bagus perawatannya cepat,5,RSU PKU MUHAMMADIYAH AMANAH SUMPIUH,alhamdulillah bagus awat cepat,Positif,Positif,0.9944,False
Dokternya payah datangnya malem terus Rumah sakit tidak mau cari dokter yang bisa datang normal,1,RSU PKU MUHAMMADIYAH AMANAH SUMPIUH,dokter payah datang malam terus rumah sakit tidak mau cari dokter yang bisa datang normal,Negatif,Negatif,0.9978,False
Tolong lah masa iyaa dokter seenaknya sendiri sampe jam 12 malem belum datang pdhl sudah datang dr sore🧞,1,RSU PKU MUHAMMADIYAH AMANAH SUMPIUH,tolong lah masa ya dokter enak sendiri sampai jam 12 malam belum datang pdhl sudah datang dari sore,Negatif,Negatif,0.9075,False
"Saya bingung banget jadi saya punya tante di rujuk ke rumah sakit ini dengan menggunakan bpjs udah masuk igd , dirogsen, USG gak ada hasil rekaman medisnya. tante saya didiagnosis ginjal nya ada cairan nanah dan di paru parunya juga banyak cairan tapi gak langsung di proses dengan cepat malah dipulangkan gak hanya itu tanggal 19 sep kemaren tante saya kontrol diundur terus dari jam 5sore ke jam 9 malem terus mundur lagi ke jam 11malem di kira orang yang sakit itu gak cape apa!!! Bulak balik rumah sakit otaknya dimana!!! Coba ya jangan mentang mentang kami pake bpjs bisa seenaknya seperti itu ini menyangkut nyawa manusia masa pihak rumah sakit gak ada tanggung jawab sama sekali keluarga saya minta hasil rongsen atau USG gak di kasih Kalo memang dari awal alat medis dirumah sakit gak lengkap kenapa gak langsung di pindah secepatnya ke rumah sakit yang bisa cepat menangani Apa harus nunggu orang nyawanya hilang dulu ya baru bertindak gitu?",1,RSU PKU MUHAMMADIYAH AMANAH SUMPIUH,saya bingung sekali jadi saya punya tante di rujuk ke rumah sakit ini dengan guna bpjs sehat sudah masuk instalasi gawat darurat dirogsen usg tidak ada hasil rekam medis tante saya diagnosis ginjal nya ada cair nanah dan di paru paru juga banyak cair tapi tidak langsung di proses dengan cepat malah pulang tidak hanya itu tanggal 19 sep kemaren tante saya kontrol undur terus dari jam 5sore ke jam 9 malam terus mundur lagi ke jam 11malem di kira orang yang sakit itu tidak capek apa bulak balik rumah sakit otak mana coba ya jangan mentang mentang kami pake bpjs sehat bisa enak seperti itu ini sangkut nyawa manusia masa pihak rumah sakit tidak ada tanggung jawab sama sekali keluarga saya minta hasil rongsen atau usg tidak di beri kalo memang dari awal alat medis rumah sakit tidak lengkap kenapa tidak langsung di pindah cepat ke rumah sakit yang bisa cepat tangan apa harus tunggu orang nyawa hilang dulu ya baru tindak gitu,Negatif,Negatif,0.9871,False
"perawatan bagus,dokter sama perawat ramah2..saya selaku anak sari pasien sangat berterima kasih",5,RSU PKU MUHAMMADIYAH AMANAH SUMPIUH,awat bagusdokter sama awat ramah2saya selaku anak sari pasien sangat terima beri,Positif,Positif,0.994,False
Pelayanannya sangat sangat baik . 🙏🏻🤲🏻terimakasih untuk Dr dan perawat yg sudah melayani dengan baik ..,5,RSU PKU MUHAMMADIYAH AMANAH SUMPIUH,layan sangat sangat baik terima kasih untuk dari dan awat yang sudah layan dengan baik,Positif,Positif,0.9795,False
sangat puas dengan pelayanan nya semua perawat dan dr nya baik baik 😍,5,RSU PKU MUHAMMADIYAH AMANAH SUMPIUH,sangat puas dengan layan nya semua awat dan dari nya baik baik,Positif,Positif,0.9853,False
"Selama hamil sllu rutin USG & daftar online via whatsapp awal2 fast respon,tp pas CS pendaftaran nomor WA nya ganti ya ampunnn pelayananya slowrespon sekali !! Balas chatnya plenger bgt ! Udh jelas2 mau daftar online mnyrtakan NIK,nama pasien,poli tujuan,hari & tanggal,malah disuruh lgsg datang ke RS ! Minta nomor antrian online ga dikasih ! Grgr cs plenger aku jd antre dr jam 2 smpe jam 5 sore !! Kecewa bangettt",3,RSU PKU MUHAMMADIYAH AMANAH SUMPIUH,lama hamil sllu rutin usg daftar online via whatsapp awal2 fast respontp saat cs daftar nomor wa nya ganti ya ampun pelayananya slowrespon sekali balas chatnya plenger banget udh jelas2 mau daftar online mnyrtakan niknama pasienpoli tujuanhari tanggalmalah suruh lgsg datang ke rumah sakit minta nomor antri online tidak kasih grgr cs plenger saya jadi antre dari jam 2 smpe jam 5 sore kecewa sekali,Netral,Negatif,0.9953,True
"Ramah, nyaman, priksa gigi nyaman banget dsni,",5,RSU PKU MUHAMMADIYAH AMANAH SUMPIUH,ramah nyaman priksa gigi nyaman sekali dsni,Positif,Positif,0.9966,False
perawat dan pelayanan bagus ramah dan cepat,4,RSU PKU MUHAMMADIYAH AMANAH SUMPIUH,awat dan layan bagus ramah dan cepat,Positif,Positif,0.995,False
Rs terbaik!,5,RSU PKU MUHAMMADIYAH AMANAH SUMPIUH,rumah sakit baik,Positif,Positif,0.9895,False
"Untuk pelayanannya di RS Amanah Sumpiuh ini pokoknya jos jis, rekomendasi buat kalian yg ingin berobat disini..",5,RSU PKU MUHAMMADIYAH AMANAH SUMPIUH,untuk layan di rumah sakit amanah sumpiuh ini pokok jos jis rekomendasi untuk kalian yang ingin obat sini,Positif,Positif,0.9971,False
Perawat nya ramah,5,RSU PKU MUHAMMADIYAH AMANAH SUMPIUH,awat nya ramah,Positif,Positif,0.9957,False
Terimakasih untuk pelayanan. Hanya diperbaiki supaya lebih sigap dan cepat tanggap. Jangan jutek klo dipanggil sama pasien.,3,RSU PKU MUHAMMADIYAH AMANAH SUMPIUH,terima kasih untuk layan hanya baik supaya lebih sigap dan cepat tanggap jangan jutek kalau panggil sama pasien,Netral,Positif,0.7072,True
"Pengalaman lahiran di RS amanah, amat sangat baik dan mudah... Pelayan oke gercep, perawat juga ramah.. Waktu saya lahiran itu pas jam sahur di bulan ramadhan, tapi perawat semua gercep buat nanganin saya.👍 Anak juga sudah di buatkan ACTA kelahiran juga...",5,RSU PKU MUHAMMADIYAH AMANAH SUMPIUH,alam lahir di rumah sakit amanah amat sangat baik dan mudah layan baik gercep awat juga ramah waktu saya lahir itu saat jam sahur di bulan ramadhan tapi awat semua gercep untuk nanganin saya anak juga sudah di buat acta lahir juga,Positif,Positif,0.9806,False
"Pelayanan cepat dan bagus, ruangan bersih dan nyaman",5,RSU PKU MUHAMMADIYAH AMANAH SUMPIUH,layan cepat dan bagus ruang bersih dan nyaman,Positif,Positif,0.9968,False
"Lantainya bersih, adem, ruanganya lega",5,RSU PKU MUHAMMADIYAH AMANAH SUMPIUH,lantai bersih adem ruanganya lega,Positif,Positif,0.9973,False
Pernah priksa dan konsultasi ke poli anak.. beliau ramah sekali dan memberikan banyak penjelasan yg mudah di pahami. Terimakasih ibu dokter sehat selalu..,5,RSU PKU MUHAMMADIYAH AMANAH SUMPIUH,pernah priksa dan konsultasi ke poliklinik anak beliau ramah sekali dan beri banyak jelas yang mudah di paham terima kasih ibu dokter sehat selalu,Positif,Positif,0.9872,False
Aneh bgt kontrol setelah opname jam 11 malem. Bukan sembuh pasien mati dijalan kecelakaan karena jam istirahat. Plis ini sistem nya gmana si RS? Klo visit dokter jam 1 malem sampai 4 pagi aku masih maklumin. Ini kontrol loh. Gak liat waktu istirahat kah?,1,RSU PKU MUHAMMADIYAH AMANAH SUMPIUH,aneh banget kontrol telah opname jam 11 malam bukan sembuh pasien mati jalan celaka karena jam istirahat plis ini sistem nya gmana si rumah sakit kalau visit dokter jam 1 malam sampai 4 pagi saya masih maklumin ini kontrol lho tidak liat waktu istirahat kah,Negatif,Negatif,0.9954,False
Pelayanannya baik,5,RSU PKU MUHAMMADIYAH AMANAH SUMPIUH,layan baik,Positif,Positif,0.9965,False
Pelayanan terbaik,5,RSU PKU MUHAMMADIYAH AMANAH SUMPIUH,layan baik,Positif,Positif,0.9959,False
"Perawatan yang memuaskan dengan perawat2 yang ramah, lingkungan RS yang bersih...",5,RSU PKU MUHAMMADIYAH AMANAH SUMPIUH,awat yang muas dengan perawat2 yang ramah lingkung rumah sakit yang bersih,Positif,Positif,0.9939,False
Pegawainya ramah2 dan cekatan,5,RSU PKU MUHAMMADIYAH AMANAH SUMPIUH,pegawai sangat ramah dan cekat,Positif,Positif,0.9966,False
Alhamdulillah saya puas dengan pelayanan RS PKU Muhammadiyah Amanah Sumpiuh atas pelayanan nya,5,RSU PKU MUHAMMADIYAH AMANAH SUMPIUH,alhamdulillah saya puas dengan layan rumah sakit pku muhammadiyah amanah sumpiuh atas layan nya,Positif,Positif,0.9921,False
pelayanannya ramah dan cepat,5,RSU PKU MUHAMMADIYAH AMANAH SUMPIUH,layan ramah dan cepat,Positif,Positif,0.9963,False
terimakasih sudah memberikan pelayanan yang terbaik,5,RSU PKU MUHAMMADIYAH AMANAH SUMPIUH,terima kasih sudah beri layan yang baik,Positif,Positif,0.9776,False
Sangat memuaskan pelaynnya terimakasih PKU manah sumpiuh,5,RSU PKU MUHAMMADIYAH AMANAH SUMPIUH,sangat muas pelaynnya terima kasih pku manah sumpiuh,Positif,Positif,0.9886,False
Pelayanan yg baik dan luar biasa..,5,RSU PKU MUHAMMADIYAH AMANAH SUMPIUH,layan yang baik dan luar biasa,Positif,Positif,0.996,False
"Pelayanan Amanah baik,semoga ke depan nya lebih baik lg lebih Amanah,semoga semakin sukses maju untuk kesehatan umat,semangat 💪",5,RSU PKU MUHAMMADIYAH AMANAH SUMPIUH,layan amanah baiksemoga ke depan nya lebih baik lagi lebih amanahsemoga makin sukses maju untuk sehat umatsemangat,Positif,Positif,0.9612,False
pelayanan lebih baik lagi,5,RSU PKU MUHAMMADIYAH AMANAH SUMPIUH,layan lebih baik lagi,Positif,Positif,0.9937,False
"Terimakasih RSU Amanah Sumpiuh,pelayanan kepeserta alhamdulillah baik dan memuaskan,semoga Bertambah Amanah dan Istiqomah dalam melayani pasien²nya🙏🙏",5,RSU PKU MUHAMMADIYAH AMANAH SUMPIUH,terima kasih rumah sakit umum amanah sumpiuhpelayanan serta alhamdulillah baik dan memuaskansemoga tambah amanah dan istiqomah dalam layan pasien nya,Positif,Positif,0.8635,False
Pelayanan nya sangat kurang. Perawatnya kurang cekatan sampe saya kehilangan ayah saya gara2 penangannya yg aangat lambat . Mohon untuk di perbaiki .,1,RSU PKU MUHAMMADIYAH AMANAH SUMPIUH,layan nya sangat kurang awat kurang cekat sampai saya hilang ayah saya gara2 nang yang aangat lambat mohon untuk di baik,Negatif,Negatif,0.9889,False
Untuk ranap oke. Tp utk bagian HD kecewa. Krn pas HD suntik manual itu jadi benjol keras diselangkangan. Sampe sakit membiru ungu. Jalan susah..,4,RSU PKU MUHAMMADIYAH AMANAH SUMPIUH,untuk rawat inap baik tetapi untuk bagi hd kecewa karena saat hd suntik manual itu jadi benjol keras selangkang sampai sakit biru ungu jalan susah,Positif,Negatif,0.9968,True
"Memuaskan,bagus",5,RSU PKU MUHAMMADIYAH AMANAH SUMPIUH,memuaskanbagus,Positif,Positif,0.9965,False
Sangat membantu dalam proses persalinan,5,RSU PKU MUHAMMADIYAH AMANAH SUMPIUH,sangat bantu dalam proses salin,Positif,Positif,0.9939,False
Pegawanya ramah ramah,5,RSU PKU MUHAMMADIYAH AMANAH SUMPIUH,pegawanya ramah ramah,Positif,Positif,0.9949,False
terimakasih rs amanah atas pelayanannya semoga semakin maju kedepannya aamiin,5,RSU PKU MUHAMMADIYAH AMANAH SUMPIUH,terima kasih rumah sakit amanah atas layan moga makin maju depan aamiin,Positif,Positif,0.9628,False
Puas ruang nyaman pelayanan bagus petugas ramah,5,RSU PKU MUHAMMADIYAH AMANAH SUMPIUH,puas ruang nyaman layan bagus tugas ramah,Positif,Positif,0.9943,False
"Pelayanan baik, ramah",5,RSU PKU MUHAMMADIYAH AMANAH SUMPIUH,layan baik ramah,Positif,Positif,0.9952,False
Nyaman dalam menerima pelayanan. Bersih dan menjadi pusat icon kota sumpiuh. Terus tingkatkan kualitas pelayanan,5,RSU PKU MUHAMMADIYAH AMANAH SUMPIUH,nyaman dalam terima layan bersih dan jadi pusat icon kota sumpiuh terus tingkat kualitas layan,Positif,Positif,0.9944,False
Sangan mudah untuk pelayanan dan kerjasamanya,5,RSU PKU MUHAMMADIYAH AMANAH SUMPIUH,sangan mudah untuk layan dan kerjasamanya,Positif,Positif,0.9929,False
"Dokter di IGD tidak mau mempertimbangkan riwayat sakit dan pengobatan pasien, dokter memberikan tindakan yang diluar urgensi, sehingga hal yang seharusnya bisa dihindari dapat terjadi... Anak usia 3 tahun dengan keluhan demam tinggi, 39°C, disertai batuk,. Dari awal sudah diberikan penjelasan kepada dokter dan perawat bahwa jika demam tidak segera ditangani, secara hystorical anak ini akan kejang di suhu 40°C, akan tetapi tidak dihiraukan, tindakan yang diberikan adalah diberikan uap / nebulizer, selama +1jam,.. Hingga jam ke dua anak ini kejang selama lebih dari 10 menit.. Tolong, jangan egois dalam menganalisa dan memberikan tindakan, dengarkan dan pertimbangkan juga informasi yang diberikan oleh keluarga pasien.",2,RSU PKU MUHAMMADIYAH AMANAH SUMPIUH,dokter di instalasi gawat darurat tidak mau timbang riwayat sakit dan obat pasien dokter beri tindak yang luar urgensi sehingga hal yang harus bisa hindar dapat jadi anak usia 3 tahun dengan keluh demam tinggi 39c serta batuk dari awal sudah beri jelas kepada dokter dan awat bahwa jika demam tidak segera tangan cara hystorical anak ini akan kejang di suhu 40c akan tetapi tidak hirau tindak yang beri adalah beri uap nebulizer lama 1jam hingga jam ke dua anak ini kejang lama lebih dari 10 menit tolong jangan egois dalam menganalisa dan beri tindak dengar dan timbang juga informasi yang beri oleh keluarga pasien,Negatif,Negatif,0.8835,False
Luar biasa...pelayanan baik Terutama yang cantik cantik,5,RSU PKU MUHAMMADIYAH AMANAH SUMPIUH,luar biasapelayanan baik utama yang cantik cantik,Positif,Positif,0.9968,False
"Layanan ramah, pelayanan cepat",5,RSU PKU MUHAMMADIYAH AMANAH SUMPIUH,layan ramah layan cepat,Positif,Positif,0.9947,False
"Pernah rawat inap di RSU PKU Muhammadiyah SUMPIUH dg pelayanan kamar yg bersih nyaman, pemeriksaan dokter memuaskan",5,RSU PKU MUHAMMADIYAH AMANAH SUMPIUH,pernah rawat inap di rumah sakit umum pku muhammadiyah sumpiuh dengan layan kamar yang bersih nyaman periksa dokter muas,Positif,Positif,0.5847,False
"Terima Kasih RSU Amanah, atas kesediaan nya bekerjasama dengan kami PLKB pada program Pemerintah pelayanan KB dan Percepatan Penurunan dan Pencegahan Stunting khususnya di Kec Sumpiuh Semoga RSU Amanah selalu memberikan pelayanan terbaik untuk masyarakat,",5,RSU PKU MUHAMMADIYAH AMANAH SUMPIUH,terima beri rumah sakit umum amanah atas sedia nya bekerjasama dengan kami plkb pada program perintah layan kb dan cepat turun dan cegah stunting khusus di kec sumpiuh moga rumah sakit umum amanah selalu beri layan baik untuk masyarakat,Positif,Positif,0.8239,False
"pelayanan cepat, bersih. perawat dan dokternya sangat ramah dan cekatan 👍",5,RSU PKU MUHAMMADIYAH AMANAH SUMPIUH,layan cepat bersih awat dan dokter sangat ramah dan cekat,Positif,Positif,0.9912,False
"Rumah sakit nya bersih, pelayanannya baik, petugasnya ramah2. Cuma disini yg kamar rawat inap kelas 1 nya sekamar utk 1 pasien dan luas. Semoga RS PKU Muhammadiyah Amanah Sumpiuh semakin berkembang, dan jaya selalu..",5,RSU PKU MUHAMMADIYAH AMANAH SUMPIUH,rumah sakit nya bersih layan baik tugas sangat ramah hanya sini yang kamar rawat inap kelas 1 nya kamar untuk 1 pasien dan luas moga rumah sakit pku muhammadiyah amanah sumpiuh makin kembang dan jaya selalu,Positif,Positif,0.9965,False
"untuk para pegawai dan dokter di RS tersebut sangat ramah,baik hati dan bekerja secara profesional",5,RSU PKU MUHAMMADIYAH AMANAH SUMPIUH,untuk para pegawai dan dokter di rumah sakit sebut sangat ramahbaik hati dan kerja cara profesional,Positif,Positif,0.9834,False
Pelayanan hd baik,5,RSU PKU MUHAMMADIYAH AMANAH SUMPIUH,layan hd baik,Positif,Positif,0.9946,False
"Rumah sakti RSU AMANAH SUMPIUH pelayanannya bagus, gedung yang baru juga bagus, pokoknya bagus.",5,RSU PKU MUHAMMADIYAH AMANAH SUMPIUH,rumah sakti rumah sakit umum amanah sumpiuh layan bagus gedung yang baru juga bagus pokok bagus,Positif,Positif,0.9977,False
