clean_text,label
rumah sakit yang sudah milik reputasi yang sangat baik dan layan yang cepat khusus di banyumas cilacap dan sekitar,Positif
layan ramah dan cepat dokter serta awat baik dan komunikatif fasilitas cukup lengkap dan bersih terima beri rumah sakit umum an nimah wangon,Positif
pernah nganter sodara ke rumah sakit umum animah bulan september lalu pelayananan sangat baik awat juga baik dan informatif,Positif
rumah sakit dengan layan baik,Positif
moga rumah sakit umum an nimah makin maju dan sukses selalu,Positif
layan sangat baik dan petugas2nya sangat ramah ramah,Positif
hanya bagi alam istri saya sedang hamil dan sakit demam bapil dan radang lalu obat di puskesmas jatilawang telah itu rawat hari dan besok rupa istri alami sakit tipes telah laku kece darah dan rujuk di rumah sakit ini alhamdulillah istri dapat kamar yang pasien hanya sendiri seperti vip mungkin karena bpjs sehat nya saya tanggung di kelas 1 untuk lanjut nya istri saya nyata sangat nyaman di rumah sakit ini karena petugas2 layan nya sangat baik dan sangat ramah lalu istri saya cerita untuk makan sangat enak dan petugas2 beri doa untuk kesembuhanan istri saya btw saya suami yang kerja di jakarta dan kerja di bidang layan sehat juga nama istri saya desti setiyani terima kasih untuk rumah sakit umum an nimah selalu tahan konsep dan nilai2 baik aamiin,Positif
terima kasih dari ibnu spog dari putri spa seluruh bidan dan awat rumah sakit umum sinar beri yang telah bantu saya lama kontrol hamil salin cara sc eracs dan aktifitas telah salin kalian kereen,Positif
alam saya obat di rumah sakit umum an nimah sangat kesan utama dari segi layan sejak di pintu depan tugas security sudah sambut dengan ramah dan sangat bantu arah alur daftar sehingga saya tidak bingung tugas daftar dan awat juga informatif dokter sangat detail jelas kondisi sakit saya tidak terburuburu sehingga saya rasa tenang dan benarbenar perhati bagai pasien,Positif
layan ala masa hanya jari luka suruh rawat inap hari,Negatif
beberapa hari lalu nenek saya celaka dan di bawa ke rumah sakit ini orang tua saya dari jtk pulang kembali untuk lihat dan rawat nenek saya tetapi saat orang tua saya tiba mereka cerita bahwa saat tangan awal sangat buruk luka tidak di sih dan langsung di bungkus perban dan saat nenek saya bilang ke orang tua saya bilang lagi de bersihiya kaya ana gremet gremet e ibu saya bilang engga lalu ibu saya cek luka sebut dan kaget nyata ada banyak semut gatal yang kumpul di titik luka nenek saya entah hanya jadi ke nenek saya layan seperti ini mohon di cek lagi bagi yang tangan tolong pertama pasca celaka,Negatif
layan ramah tiap ruang nyaman tidak temu sampah sama sekali karena selalu sedia tempat sampah tiap sudut ruang semua ruang ber ac karyawan dan dokter layan ramah dan cepat,Positif
layan di rumah sakit umum an nimah sangat baik seluruh staf sikap profesional dan sangat bantu lingkung rumah sakit bersih dan nyaman fasilitas ruang pun bagus dan awat sehingga buat pasien rasa tenang dan nyaman lama jalan awat,Positif
rumah sakit umum an nimah milik fasilitas lengkap mulai dari instalasi gawat darurat rawat inap rawat jalan laboratorium radiologi hingga apotek 24 jam dan milik tugas yang ramah,Positif
layan baik,Positif
tempat yang bersih staff nya ramahramah dan komunikasi dengan pasien jaga,Positif
rumah sakit dengan reputasi sangat baik lebih dari segi cepat layan dan ramah staf fasilitas pun nyaman dan bersih good job rumah sakit umum an nimah,Positif
rumah sakit umum annimah utama kualitas layan medis ramah dan nyaman pasien,Positif
rumah sakit ann nikmah kenal bagai salah satu fasilitas sehat yang beri layan baik dan ramah moga terus tingkat kualitas layan untuk masyarakat,Positif
rumah sakit umum an nimah layan di rumah sakit ini sangat muas semua tugas mulai dari tugas administrasi sampai dokter dan awat dan staff lain ramah dan responsif hadap adu pasien fasilitas juga lengkap dan bersih parkir cukup luas dan mudah akses,Positif
layan bagus dokter dan awat juga ramah dan baik lingkung rumah sakit bersih,Positif
layan rumah sakit muas tugas ramah fasilitas lengkap dan bersih jaga,Positif
layan yang sangat baik dan karyawan ramah ramah,Positif
rumah sakit yang kualitas beri layan baik adapun tenaga sehat maupun staff yang lain ramah ramah,Positif
rumah sakit an nimah layan sangat ramah sangat baik rumah sakit sangat bagus dan jangkau di wangon lokasi strategis dan mudah d akses sangat di rekomendasi,Positif
lokasi strategis layan baik semua tenaga medis maupun non medis ramah dan profesional,Positif
bagai pasien saya rasa sangat puas dengan layan di rumah sakit umum an nimah wangon mulai dari tugas daftar hingga tugas sehat yang beri layan yang maksimal dengan dukung oleh fasilitas dari rumah sakit yang pada sehingga saya nyaman bagai pasien,Positif
layan baik karyawan baik,Positif
layan bagus tugas ramah sehingga pasien rasa nyaman,Positif
rumah sakit yang strategis tempat obat nyaman dan layan ramah sukses dan selalu kembang rumah sakit umum an nimah,Positif
layan baik dan bagus,Positif
rumah sakit umum an nimah layan di rumah sakit ini sangat muas tugas administrasi ramah dan proses daftar cukup cepat dokter dan awat komunikatif serta sigap tangan pasien fasilitas juga lengkap dan bersih mulai dari ruang tunggu instalasi gawat darurat sampai kamar rawat inap parkir cukup luas dan mudah akses sangat rekomendasi untuk layan sehat keluarga,Positif
rumah sakit layan ramah,Positif
rumah sakit the bagus good recommend,Positif
rumah sakit umum animah milik layan yang lengkaprsnya bagus jangkau jala dokter nya baik2 awat dan seluruh karyawanya baik dan layan penuh beri sayang,Positif
rumah sakit umum an nimah tempat strategis layan baik tenaga medis ramah,Positif
ibu saya pernah rawat situ dan kontrol tiap bulan dulu layan ramahh,Positif
rumah sakit umum an nimah lokasi strategis di pinggir jalan utama wangon bangun rapi dan lihat bersih moga terus beri layan baik untuk masyarakat,Positif
rumah sakit dengan layan yang profesional komitmen hadap sehat nyaman dan selamat pasien,Positif
layan prima,Positif
tempat yang strategis dan layan sehat yang baik,Positif
pelayananan bagus perawwatnya ramah lokasi strategis,Positif
rumah sakit umum an nimah beri layan baik cepat dan ramah tempat bersih tenaga medis alam,Positif
good facilities,Positif
layan ramah dan profesional fasilitas yang lengkap dan modern komunikasi jelas dan akurat,Positif
rumah sakit dengan layan yang sangat bagus fasilitas lengkap,Positif
pernah rawat inap sini dari awal datang sampai pulang layan ramah tugas standby 24 jam dan fasilitas cukup bersih dan lengkap,Positif
rumah sakit dengan layan yang ramah ayom serta beri awat yang baik bagi pasien,Positif
tempat strategis mudah di jangkau layan ramah muas rekomendasi rumah sakit untuk jadi mitra sehat keluarga dan masyarakat,Positif
layan rumah sakit umum animah sangat muas,Positif
layan di rumah sakit ini sangat baik semua staf profesional dan sangat bantu rumah sakit bersih dan nyaman fasilitas ruang bagus dan awat buat pasien rasa nyaman lama awat baik,Positif
layan ramah jarak dekat dari rumah,Positif
sangat muas untuk layan dan fasilitas,Positif
layan ramah tanggapl,Positif
rumah sakit umum an nimah wangon beri layan yang sangat bagus cepat dan kompeten,Positif
dari tahun ke tahun layan makin baik alam nganter saudara dan bapak opname fasilitas juga cukup lengkap staf sekarang ramahramah,Positif
layan sangat muas tugas adminstrasi dan tenaga sehat ramah cekat sigap fasilitas lengkap dan bersih parkir cukup luas sangat rekomendasi,Positif
layan baik dan ramah,Positif
layan bagus tugas juga ramah sangat muas,Positif
staffnya ramah dan cepat layan,Positif
layan ramah,Positif
layan baik rumah sakit fasilitas bersih dan rapi sehingga buat pasien nyaman,Positif
layan cukup baikramahsigapdan sabar tempat mudah diaksesruangan yang bersih dan nyamanterimakasih,Positif
rumah sakit umum an nimah wangon milik tenaga medis yang profesional dan fasilitas yang cukup lengkap untuk ukur rumah sakit daerah layan instalasi gawat darurat cepat dokter jelas kondisi pasien dengan jelas dan awat sangat bantu moga makin maju dan terus beri layan yang baik untuk masyarakat,Positif
rumah sakit bagus dan lokasi stategis,Positif
rumah sakit bagus dan layan nya juga baik dan sangat bersih,Positif
cukup baik,Positif
layan sangat baik,Positif
bagus ramah,Positif
layan ramah baik bagus poko ada pojok jkn juga sangat bantu untuk masyarakat seperti saya yang guna bpjs sehat kalo periksa,Positif
layan sangat baik pokoknyaa,Positif
rsislami yang profesional,Positif
layan di rumah sakit umum an nimah sangat ramah datang obat pertama kali tidak bingung karena langsung bantu dan arah oleh tugas mulai dari security sampai ke farmasi juga tidak bingung letak yang strategis juga mudah sekali dan sangat bantu warga sekitar,Positif
layan di rumah sakit umum an nimah baik sekali dokter awat dan staff ramah ruang nyaman fasilitas pada dan bersih sukses terus rumah sakit umum an nimah,Positif
rumah sakit dengan layan yang bagus tidak seperti dulu gedung bagus ruang pun nyaman tingkat terus dan kembang layan yang makin maju,Positif
sangat puas dengan alam saya di rumah sakit ini staf di bagi daftar ramah dan sabar dalam bantu dokter dan awat profesional sabar dan jelas tiap prosedur dengan jelas sehingga saya rasa tenang lama awat fasilitas rumah sakit juga sangat bersih nyaman dan tata rapi proses administrasi cepat dan tidak berbelitbelit pasien benarbenar rasa perhati dan rawat dengan baik terima beri kepada seluruh tim rumah sakit atas dedikasi moga layan selalu tingkat depan,Positif
rumah sakit umum an nimah baik dalam bidang layan dan fasilitas sehat,Positif
lokasi rumah sakit sangat strategis dari praktek juga lengkap alatpemeriksaan yang sedia di rumah sakit juga lengkap beberapa kali nganterin keluarga rawat jalan sini sampai dokter sangat ramah dan muas awat dan karyawan lain juga ramah moga makin kembang rumah sakit an nimah,Positif
rumah sakit ini beri layan dan tangan yang bagus komunikasi yang mudah paham serta informasi yang akurat dan dapat percaya,Positif
fasilitas yang lengkap dan pada,Positif
rumah sakit ini sangat manusiawi layan ramah dan baik sekali,Positif
mudah dibtu jkn,Positif
rumah sakit umum annimah beri layan yang ramah cepat dan profesional fasilitas bersih dan nyaman tenaga medis pun sangat kompeten dan komunikatif sangat rekomendasi,Positif
rumah sakit umum yang cekat,Positif
rumah sakit umum an nimah wangon turut saya masuk rumah sakit yang cukup baik layan ramah dokter komunikatif dan awat sigap bantu pasien fasilitas bersih dan nyaman proses daftar juga mudah rumah sakit ini layan pasien bpjs sehat maupun umum jadi cukup jangkau walau belum lengkap rumah sakit besar tapi untuk wilayah wangon layan sudah golong bagus dan muas,Positif
tugas jkn ramah,Positif
rumah sakit baru jadi nyaman sekali,Positif
fasilitas yang ada sangat lengkap untuk tempat sangat strategis pelayana baik cepat dan ramah,Positif
pelayananya sangat baik dan responsif,Positif
layan ramah,Positif
bantu tugas jkn untuk daftar jadi mudah,Positif
rumah sakit umum annimah wangon jadi salah satu rumah sakit di wangon dengan lokasi yang strategis dengan sedia bagai layan poliklinik maupun rawat inap fasilitas yang ada di dalam rumah sakit sudah sangat pada dan dari segi lingkung rumah sakit sangat bersih dan rapi beri layan dengan sepenuh hati dan nyaman kepada pasien dan keluarga pasien,Positif
sudah lebih baik lagi layan dari tahun2 sblmnya jelas dok spesialis yang sabar dan mudengin goodjob lah,Positif
rumah sakit an nimah wangon fasilitas sangat lengkap suasana nyaman untuk pasien maupun keluarga yang damping tenaga kesehatanya baik dan ramah lokasi yang strategis dan mudah jangkau sangat rekomendasi bagi warga sekitar yang cari layan sehat yang percaya,Positif
layan jkn baik,Positif
selalu langgan di rumah sakit ini karena dekat dengan rumah layan ramah fasilitas sudah baik sukses selalu,Positif
rumah sakit an nimah wangon milik fasilitas lengkap suasana yang bersih dan nyaman untuk pasien maupun unjung tenaga sehat yang ramah dan profesional lokasi strategis dan mudah jangkau sedia area parkir yang cukup luas bagi masyarakat wangon dan sekitar yang cari layan sehat yang percaya ke rumah sakit an nimah saja,Positif
layan bagus awat nya sangat ramah,Positif
layan instalasi gawat darurat cepat dan ramah tugas sangat cekat awat dan dokter beri informasi yang mudah di paham,Positif
rumah sakit yang selalu terap 5s,Positif
layan prima ramah,Positif
layan terbaikk,Positif
rumah sakit umum an nimah wangon milik bangun yang modern dan letak yang strategis meski saya belum pernah guna layan sehat di sini cara langsung keluarga saya sudah sering rawat dan dapat layan yang sangat baik dokter dan awat ramah dan profesional lingkung rumah sakit juga sangat bersih dan nyaman saya sangat percaya dengan kualitas layan di sini moga sukses terus dan tetap beri layan baik untuk masyarakat,Positif
layan cukup baik,Positif
anak saya pernah obat jalan di rumah sakit umum annimah 2tahun lalu sampai anak saya sembuh alur layan yang jelas runtut dan muas dokter dan awat yang tangan juga ramah ruang yang nyaman bantu pasien tidak jenuh ketika tunggu antri mudah2an rumah sakit umum annimah makin kembang aamiin,Positif
rumah sakit an nimah wangon adalah salah satu rumah sakit besar dan baik di daerah wangon fasilitas sangat lengkap mulai dari instalasi gawat darurat rawat inap rawat jalan laboratorium radiologi hingga apotek 24 jam gedung bersih dan tata rapi suasana nyaman untuk pasien maupun unjung layan dari tenaga medis maupun staf administrasi sangat ramah dan profesional lokasi strategis dan mudah jangkau sedia juga area parkir yang cukup luas sangat rekomendasi bagi warga wangon dan sekitar yang cari layan sehat yang percaya,Positif
fasilitas rumah sakit sangat bagus tenaga sehat sangat ramah dan bagus layan,Positif
puas,Positif
rumah sakit umum terabaik layan ramah tempat bersih nyaman dan baik,Positif
bagus layan,Positif
layan rumah sakit umum an nimah baik staff tenaga medis profesional fasilitas cukup pada,Positif
lokasi strategis layan ramah profesional moga bisa kerja sama sini beri layan yang manfaat untuk masyarakat,Positif
layan baik dan ramah fasilitas juga bersih dan nyaman moga terus tingkat kualitas layan,Positif
layan ramah bagus peftaran online bantu ada tugas sendiri sangat bantu sekali terima kasih,Positif
tempat nyaman dan bersih,Positif
baguscuma lagi dalam bangun,Positif
rumah sakit umum an nimah wangon bersih dan layan bagusperawat ramah ramah,Positif
rumah sakit baik dan bagus,Positif
rsnya nyaman dan bagus,Positif
rumah sakit umum an nimah satusatunya rumah sakit di camat wangon dengan lokasi yang strategis dan gedung yang modern meski saya hanya lihat kilas tetapi sudah asa nyaman dan bersih,Positif
layan dan tangan di rumah sakit an nimah wangon ini sangat muas karyawannya ramah ramah dan sigap bantu tempat pun sangat nyaman dan bersih,Positif
tempat nyaman,Positif
saya sangat puas dengan layan di rumah sakit umum annikmah staf medis dan awat ramah profesional dan sigap bantu proses administrasi cukup cepat dan tidak rumit fasilitas juga bersih dan nyaman buat pasien rasa tenang dokter beri jelas yang jelas dan sabar dalam jawab tanya terima beri atas layan sangat rekomendasi,Positif
rumah sakit an nimah wangon adalah salah satu rumah sakit besar dan baik di daerah wangon fasilitas sangat lengkap mulai dari instalasi gawat darurat rawat inap rawat jalan laboratorium radiologi hingga apotek 24 jam gedung bersih dan tata rapi suasana nyaman untuk pasien maupun unjung lokasi strategis dan mudah jangkau sedia juga area parkir yang cukup luas sangat rekomendasi bagi warga wangon dan sekitar yang cari layan sehat yang percaya,Positif
layan di rumah sakit umum animah wangon bagus tugas ramah dan cepat tanggap dokter juga komunikatif dan sabar jelas kondisi pasien lingkung rumah sakit bersih ruang tunggu nyaman dan suasana tenang rumah sakit yang cukup lengkap untuk wilayah wangon dan sekitar,Positif
layan baik luar biasa,Positif
di rumah sakit umum an nimah layan sangat bagus baik dari daftar sampai layan awat dan tenaga medis lain sangat profesional dan fasilitas sangat pada dan sangat nyaman,Positif
tempat yang bagus untuk asah skill,Positif
rumah sakit yang sangat nyaman tangan cepat dan ramah,Positif
rumah sakit an nimah wangon adalah salah satu rumah sakit besar dan baik di daerah wangon fasilitas sangat lengkap mulai dari instalasi gawat darurat rawat inap rawat jalan laboratorium radiologi hingga apotek 24 jam gedung bersih dan tata rapi suasana nyaman untuk pasien maupun unjung layan dari tenaga medis maupun staf administrasi sangat ramah dan profesional mereka tanggap sopan dan selalu usaha beri layan baik proses daftar dan urus administrasi juga cukup cepat dan tidak bingung lokasi strategis dan mudah jangkau sedia juga area parkir yang cukup luas sangat rekomendasi bagi warga wangon dan sekitar yang cari layan sehat yang percaya,Positif
layan baik sangat muas nakes ramahfasilitas lengkap dan tangan tindak cepat,Positif
layan ramah dan mudah,Positif
rumah sakit umum an nimah sangat bersih dan layan sangat baik,Positif
rumah sakit umum an nimah memberikanbpelayanan yang muas rumah sakit dengan fasilitas yang lengkap luas bersih dan nyaman,Positif
rumah sakit an nimah milik layan yang profesional tenaga sehat komunikatif dan orientasi pada selamat pasien,Positif
layan bagus dan nyaman,Positif
rumah sakit umum annimah rumah sakit dengan lokasi strategis,Positif
rumah sakit besar dan fasilitas oke di wangon dan jatilawang layan juga ramah baik baik tempat nyaman dan bersih,Positif
rumah sakit umum an nimah rupa rumah sakit yang punya dokter dan awat yang sangat komunikatif dan informatif sehingga buat nyaman dan puas obat sana selain itu fasilitas yang nyaman dan bersih terima beri sudah beri layan baik,Positif
good,Positif
rumah sakit nyaman layan ramah bersih,Positif
rumah sakit an animah wangon tawar fasilitas lengkap mulai dari instalasi gawat darurat 24 jam laboratorium rawat jalan hingga ruang rawat inap yang bersih dan nyaman layan ramah dan profesional dengan dokter serta awat yang sigap bantu pasien ada di lokasi strategis di wangon rumah sakit ini mudah jangkau dan milik area parkir yang luas jadi pilih yang sangat recommendasi untuk layan sehat yang cepat dan percaya,Positif
rumah sakit nya bersih layan cepat dan ramah,Positif
rumah sakit umum an nimah wangon fasilitas nya bagus layan baik karyawan nya ramah bersih dan nyaman untuk depan moga tambah sukses rumah sakit umum an nimah wangon,Positif
rumah sakit umum an nimah wangon adalah rumah sakit yang letak strategisterbesar dan baik di daerah wangon dengan fasilitas yang sangat baik dokter dan tenaga medis pun profesional dan sangat ramahramah,Positif
layan nya bagus dan tambah maju rumah sakit nya,Positif
rumah sakit yang sangat strategis dan layan sangat pada,Positif
rumah sakit an nimah layan sehat bagus dan muas ramah tempat nya bersih dan nyaman,Positif
layan sehat dan fasilitas bagus,Positif
layan rumah sakit an nimah sangat muas fasilitas di rumah sakit ini lengkap dan pada gedung modern bersih dan rapi dokter dan awat sangat ramah dan profesional masya allah sukses selalu rumah sakit an nimah,Positif
layan bagus rumah sakit nyaman dan bersih,Positif
layan dan tunjang medis sangat baik lokasi yang strategis dan mudah jangkau oleh masyarakat sekitar,Positif
rumah sakit nya bagus dan bersih baik di wangon dan sekitar,Positif
rumah sakit an nimah wangon adalah salah satu rumah sakit besar dan baik di daerah wangon fasilitas sangat lengkap mulai dari instalasi gawat darurat rawat inap rawat jalan laboratorium radiologi hingga apotek 24 jam gedung bersih dan tata rapi suasana nyaman untuk pasien maupun unjung lokasi strategis dan mudah jangkau sedia juga area parkir yang cukup luas sangat direkomended bagi warga wangon dan sekitar yang cari layan sehat jamin dan percaya,Positif
rumah sakit ini rumah sakit dengan layan baik layan dari tenaga medis maupun staf ramah dan profesional gedung pun tata rapi dan lokasi pun strategis sekal area parkir luas,Positif
layan bagus dan muas ramah tempat bersih,Positif
rumah sakit an nimah wangon adalah salah satu rumah sakit dengan fasilitas sangat lengkap mulai dari instalasi gawat darurat rawat inap rawat jalan laboratorium radiologi hingga apotek 24 jam rumah sakit an nimah selalu jaga bersih gedung dan tata letak ruang yang rapi selalu usaha jaga kenyam untuk pasien maupun unjung layan dari tenaga medis maupun staf sangat ramah dan profesional mereka tanggap sopan dan selalu usaha beri layan baik dan sesuai dengan sop proses daftar dan urus administrasi juga cukup mudah cepat arah dan tidak bingung lokasi strategis dan mudah jangkau kendara umum sedia juga area parkir yang cukup luas dan aman sangat rekomendasi bagi warga wangon dan sekitar yang cari layan sehat yang terpercayadan amanah 1,Positif
rumah sakit sudah kembang dan makin bagus,Positif
rumah sakit umum an nimah milik fasilitas yang pada dalam beri layan kepada pasien milik tenaga medis dan non medis yang profesional ramah dan sigap,Positif
layan sangat baik dan ramah,Positif
rumah sakit an nimah wangon adalah salah satu rumah sakit besar dan baik di daerah wangon fasilitas sangat lengkap mulai dari instalasi gawat darurat rawat inap rawat jalan laboratorium radiologi hingga apotek 24 jam gedung bersih dan tata rapi suasana nyaman untuk pasien maupun unjung,Positif
rumah sakit an nimah wangon layan sangat ramah dan tempat strategis,Positif
layan di rumah sakit an nimah sangat muas staf ramah proses tertib dan fasilitas lengkap tempat juga bersih dan nyaman dokter dan awat komunikatif moga selalu jadi rumah sakit andal masyarakat dan terus beri layan baik pada masyarakat,Positif
pernah obat sini alhamdulillah layan baik,Positif
sudah beberapa kali anak sakit dan rawat inap di rumah sakit annimah wangon masya allah layan bagus tidak tunggu lama di instalasi gawat darurat kontrol poliklinik pun senang dokter anak kooperatif jadi anak bsa tenang dan tidak takut moga terus kembang dan maju,Positif
rumah sakit yang terus kembang dan layan baik,Positif
layan sangat muas tolong tahan layan,Positif
rumah sakit umum an nimah rupa salah satu rumah sakit yang dekat sekali dengan rumah lokasi jangkau dan mampu beri layan dengan baik,Positif
pelayananan baik dulu pernah nganterin anak sodara ke rumah sakit umum animah awat juga baik dulu pernah diceritain juga sama ibu kalo saya lahir di animah jadi kalo kesini rasa vibenya positif pol,Positif
rumah sakit umum an nimah wangon layan sangat baik dukung dengan fasilitas yang penuh standar,Positif
rumah sakit yang milik fasilitas yang sangat lengkap dan tenaga medis yang sangat cekat dan ramah,Positif
bintang layan di rumah sakit ini sangat muas staf medis dan awat kerja dengan sigap dan penuh empati hadap pasien layan penuh beri sayang fasilitas lengkap serta terap standar bersih yang tinggi,Positif
rumah sakit percaya,Positif
rumah sakit umum an nimah the bagus,Positif
layan di rumah sakit umum an nimah sangat baik dokter dan awat ramah serta sigap bantu pasien fasilitas juga bersih dan nyaman,Positif
rumah sakit an nimah wangon rupa salah satu rumah sakit besar dan baik di daerah wangon saya puas dengan layan sini awat ramah cepat tanggap kamar kamar juga bagus bersih rapi turut saya dari dokter tenaga medis layan maupun staf administrasi sangat ramah sekali dan profesional sekali dengan itu saya rasa puas mereka tanggap sopan dan selalu usaha beri layan baik proses daftar dan urus administrasi juga cukup cepat dan tidak bingung lokasi rumah sakit umum ananimah sangat strategis serta mudah sekali jangkau oleh masyarakat saya lihat ada area parkir yang sangat luas dan bisa tampung mobil serta motor rumah sakit umum an animah turut saya bagus rekomendasi bagi warga wangon dan sekitar yang cari layan sehat yang percaya hebat,Positif
rumah sakit umum an nimah milik layan yang baik tempat bersih dan nakesnya ramah,Positif
sangat ramah dan bersih lingkung rumah sakit umum animah,Positif
belum saya temu denganya saya hanya gelap malam tampa bulan,Positif
tugas jkn layan dgn ramah,Positif
layan bainjknnya ramah,Positif
tugas ramah,Positif
tugas ramah jknnya,Positif
rumah sakit yang lokasi dekat ari rumahpendaftaran juga gpang bantu ptugas jkn,Positif
layan di rumah sakit annikmah sangat muas dan pegawai sangat ramah fasilitas sangat baik dan mudah jangkau dari segi mana sukses terus untuk rsnya moga tetep beri layan yang baik,Positif
layan jkn ramah,Positif
fasilitas lengkap bersih karyawannya ramah,Positif
tugas jkn ramah layan ruang nyaman,Positif
rumah sakit umum an nimah milik layan yang sangat muas fasilitas rumah sakit yang lengkap bersih dan nyaman sangat jelas dalam beri informasi dari bagi daftar sampai proses akhir,Positif
tugas jkn baik,Positif
plpetugas jkn ramah,Positif
layan mudah jknnya,Positif
tugas jknnya baik dan ramah,Positif
tugas jkn ramah ruang juga nyaman,Positif
rumah sakit dengan fasilitas pada tengah kota wangon strategis dengan fasilitas umum lain staff dan dokter ramah dan komunikatif,Positif
jkn staffnya ramah,Positif
tempat layan dan fasilitas nya bagus,Positif
layan jln ramah,Positif
rumah sakit an nimah wangon fasilitas sangat lengkap mulai dari instalasi gawat darurat rawat inap rawat jalan laboratorium radiologi hingga apotek 24 jam suasana nyaman untuk pasien maupun unjung lokasi strategis dan mudah jangkau sedia juga area parkir yang cukup luas sangat rekomendasi bagi warga wangon dan sekitar yang cari layan sehat yang percaya,Positif
kembang rumah sakit dari tahun ke tahun yang sangat luar biasa ikut rumah sakit an nimah dari tahun 2018sekarang benar2 buah rumah sakit yang kembang dengan cepat selain itu di dukung oleh tenaga ahli yang kompeten dari tahun ke tahun sangat mudah guna fasilitas yang sedia di rumah sakit dan juga tidak rumit ketika laku obat,Positif
tugas ramah dan layan bagus,Positif
tugas jkn satset ramah,Positif
tugas jknnya ramah,Positif
tugas jkn ramah dan aplikasi mjkn mudah,Positif
tugas ramah,Positif
sangat bantu utama tugas onlen jkn ramah dan bantu sangat baik,Positif
tugas jkn ramah sekali,Positif
ramah dan bagus,Positif
layan bagus nersa ramah ramah sekali padahal bpjs sehat,Positif
petgas jkn ramah daftar jadi gampang,Positif
lahir bulan mei di rumah sakit umum an nimah saat dateng sudah buka 6 bidan2nya gercep2 bangetpelayanannya ramah banget buat kkkiaakte juga gratis hehe kamar nyaman banget bersih dan anak dapat free photoshoot baby newborn juga hehe terima kasih,Positif
rumah sakit dekat dan sangat bantu,Positif
dokter dan awat sangat ramah gedung nyaman bagus bersih,Positif
layan baik sangat muas,Positif
layan sangat baik tugas dan awat sangat ramah tempat bersih dan nyaman,Positif
biasa saja memang sekarang lagi renov bangun belah jadi berisik bikin kaget saja tiap ada suara benda jatuhlainnya tugas ramah dokter beberapa kompeten dan beberapa asal periksa saja diburu2 lantai kotor sekali sampai telapak kaki jadi hitam saking tebelnya debu di lantai masih kurang kursi untuk unjung di lantai khusus pasien rawat inap beberapa kamar mandi asa pengap dan sangat bau pesing,Positif
adminstratifnya sangat belit belit tidak ramah jawab seeadanya,Negatif
tugas jkn baik dan ramah,Positif
tugas jkn ramah bantu sekali,Positif
tugas ramah ramah,Positif
sangat kecewa dengan layan sini saya bagai ex pasien celaka yang rujuk kesini karena tangan saya sakit sekali saat di instalasi gawat darurat lama banget tangan telah itu dironsen hasil baik semua dan suruh pulang dan telah di ronsen ulang di rumah sakit lain karena masih terus sakit nyata hasil ada tulang yang patah dan retak sangat sangat sayang dengan jadi yang saya alami sampai tidak bisa kerja karena lalai tugas rumah sakit yang kurang teliti moga depan rumah sakit annimah bisa lebih baik lagi karena ini jelas rugi oranglain utama saya terima kasih,Negatif
beri layan baik,Positif
pertama periksa ke rumah sakit inimohon layan di koreksi lagi dari layan dkt inisial h poliklinik d mau periksa ke poliklinik s kata layan dkt inisial h saya urut pertama kalo mau periksa poliklinik saraf sudah di daftarin tinggal di tensi sudah sampai sana eh antri nomor 48 yang perlu di tanya kenapa tidak ada konfirmasi jauh hari di jelasin saat belum ikut antri pada hari itu bahwa ibu saya urut 48 itu juga saya sama ibu saya nanya kok saya tidak di panggil kata layan situ mungkin layan dkt inisial h belum tau bahwa sudah ada banyak antri saya sudah tunggu dari jam 12 sampai jam 3 tunggu dkt poliklinik saraf harus nya di beri tau sama layan situ beri tau bahwa ibu saya urut nomer 48 astaga astaga tapi dari layan dokter bagus sekali bagi saya yang kurang hanya layan dari pihak rumah sakit itu,Negatif
ini review jujur bukan paksa atau krena mau lamar kerja di rumah sakit ini untuk kalian atau siapa yang sedang upaya sehat kalian atau kluarga kalian hindar rumah sakit anikmah kacau buruk tidak kompeten tim medis kalao nulis sini panjang lah sayang kluarga kalian jangan rawat di rumah sakit buruk ini,Negatif
rumah sakit dengan layan yang kenal profesional fasilitas lengkap dan lingkung bersih serta nyaman staf medis dan nonmedis milik reputasu baik dalam tangan pasien dengan ramah dan efisien,Positif
tanggal 31 desember siang jam 12 baru dapat rujuk langsung daftar online dan bisa daftar online aplikasi terang estimasi layan jam 5 sore tetapi jam tengah 5 sore datang nyata diberitahu dokter ada pagi tidak ada dokter sore kenapa aplikasi masih bisa daftar jika tidak ada dokter lalu diberitahu bisa daftar untuk tanggal 5 masa ya peeiksa tangan jatuh tunggu 5 hari kenapa di aplikasi masih biisa daftar aneh sekali tidak jelas susah orang sudah jauh jauh tapi malah tidak layan suruh tunggu 5 hari,Negatif
ada salah satu awat jaga malam di instalasi gawat darurat yang tidak ramah blastolong di baik biar lebih services excellent,Negatif
mohon tambah prosedur untuk layan yang sakit dadak seperti salah urat saraf terjepitdan insiden lainnyayang tidak sempat daftar online dahulukarena buruburu alam hari jumat 19 desember 2025 satpam cegat layan umum buka jam 1030padahal saat itu sudah jam 1028belum boleh ke layan daftar di daftar tanya apakah sudah daftar onlineketika jawab belum dan tanya apakah tidak bisa daftar langsungdijawab dengan senyum tipis kalau ingat 67 tahun yang lalu ketika belum covid mungkin juga management lamalayanan yang terima jauh lebih baik zaman dulu jadi inget slogan pak harto penak zaman ku tho sedikit usul baik buat prosedur layan yang non online untuk serta umumatau harus ke instalasi gawat darurat nya saja ya,Negatif
bagi daftar kurang cekat antri lama,Negatif
di rumah sakit ortopaedi nang sangat cepat dan awat baik dan ramah,Positif
saya pasien bpjs sehat klas 1orthopedic hospitalmendapat layan terbaiknyaperawat dan dokter ramah dan komunikatif makan nya enakruangan nya bersih pokokke dandan tulang di kene bae yo lurrorthopedic hoapital ter the bestt di purwokerto,Positif
puas dengan layan awat dan dokter sangat ramah,Positif
sangat muas pasien datang anamnesa tugas konsul dari spesialis langsung instruksi di rongsenthasil rongsen sudah jadi tinggal tunggu panggil dari spesialis,Positif
sangat baik terima kasih rsop sokaraja purwokerto,Positif
layan ramahtempat nyamanbersih tangan bagus,Positif
layan yang ramah awat dan tugas yang cekat sangat puas,Positif
layan yang prima kami terima,Positif
layan tangan cepat satset ramah pokoke the bagus,Positif
layan sangat baik,Positif
awat ramah supeer ramah,Positif
sangat rekomendasi layan maksimal pegawai ramah ramah cepat dan tanggap hadap pasien,Positif
tangan cepat tepat dan akurat,Positif
kami rasa puas atas layan di sini prawatnya baik dan apa dokter juga baik,Positif
dokter danpetugas nya ramah sekali dari bagi depan juga ramah dan sangat bantu bagi saya yang pertama kali kunjung jadi tidak bingungrs nya wangi bersih,Positif
terima kasih rumah sakit orthopedi pwt dar awal masuk sudah layan dengan baik walaupun pada tengah malam serta kasih jelas singkat tentang apa dan bagaimana aluralur lanjut tidak hanya itu makan sini cukup gugah selera dan luar jendela suguh pandang yang buat hati nyaman mungkin lihat sepele tapi ini yang buat pasien rasa bikin betah walupun ini adalah rumah sakit sekali lagi terima kasih saya bahkan tidak perlu tekan tombol bantu karena memang layan sudah bilang bagus tetap tahan,Positif
layan sangat cepat dan baik terima kasih banyak,Positif
layan bagus rumah sakit bersih nyaman terima kasih rsop purwokerto terima beri dokter yudit yang sudah bantu operasi fraktur tibia,Positif
alhamdulillah hirobbil allammiin berkat rahmat allah swt hari ini kondisi anak saya dalam jalan obat sehatsukses dan lancar berkat kerja profesional yang luar biasa seluruh karyawan rumah sakit orthopaedi purwokerto saya dan keluarga ucap terima beri yang tidak hingga moga rumah sakit orthopaedi depan jadi rumah sakit baik dan percaya,Positif
dokter awat dan staf lain sangat ramah layan sudah baik,Positif
layan muas,Positif
layan baik bagus tapi langgan service online sangat lambat untuk balas sudah baca pesan tapi masih belum balas juga mana salah paham maksud kalimat langgan,Negatif
alhamdulilah lama rawat inap dan kontrol selalu puas dengsn layan service exlenty luarbiasa jarang sekala jumpa rumah sakit yang seperti rsop,Positif
alhamdulillah tangan cepat dan awat sangat ramah,Positif
rumah sakit yang sangat2 buruk yang saya alami,Negatif
layan muas ramah dalam layan juga saya baru pertama pandu dgn baik,Positif
segala fasilitas pada dan layan muas,Positif
ramah bersih wangi,Positif
rumah sakit buruk yang saya alami,Negatif
layan ramahtempatnya nyaman ada danau buat,Positif
terima kasih rsop 1th sama anak saya dalam sembuh patah tulang tangan kanan kiri anak saya selesai sudah obat ituterimakasih kepada dokter dan awat yang sudah beri obat yang baik khusus dari surya dan dari novra awat yang super ramah dan sabar hadap anak saya yang masih usia 5th suasana rumah sakit tetapi bukan seperti rumahsakit ada umum sangat nyaman untuk layan bpjs sehat kelas 3 sukses selalu dan sehat selalu untuk keluarga rsop untuk awat lantai dua yang agak gendut dan awat lantai 3 yang kurus muka sudah tidak agak muda jangan judes2 yaayang kalian hadap waktu itu anak kecil jadi dia tidak tau gimna harus nahan sakityang ada anknya tkud tetapi lebih rsop baik si,Positif
staf ramah utama dokter bag radiologi fisioterapis sat set profesional siram rohani ustad saat awat buat hati tenang,Positif
keluar dari rumah sakit ortopedi tidak ada tugas yang seberang jalan lumayan jalur cepat bahaya,Positif
nyaman dan respon tugas yang tanggap serta tempat yang bersih jadi rsop unggul untuk rumah sakit ortopaedi di wilayah banyumas dan kabupaten sekitar sukses dan jaya selalu rsop,Positif
semua baik kecuali mba2 cs yang tidak hijab dan mba2 jaga loket parkir wa slow respon dan tidak balas sekali balas informasi tidak sesuai dengan nyata bertele2 jutekbintang 1 pokok kalo mba2 jaga loket parkir jadi saya masuk kondisi gate parkir sudah buka saya pikir error seperti di gerbang rumah saya jadi saya tidak ambil karcis waktu keluar mba2 loket minta karcis parkir saya tidak ambil malah saya yang marah sudah saya jelas kalo gatenya buka jadi saya pikir eror tidak perlu ambil karcis tapi mba2 nya bilang bapak harus tetap ambil pak ya mana saya tauu saya tidak kesitu tiap hari jugaa akhir saya tetap bayar 14000 untuk parkir 10 menit nah waktu sudah keluar dari rumah sakit saya liat spion gate parkir pintu masuk yang mula buka langsung tutup lah arti tidak ada masalah sama gatenya tapi orang,Negatif
dokter nya ramah dan tempat nya bersih dan cepat sembuh,Positif
langgan care nya care sekali maksud saya carenya beneran sekali doang tanya tidak jawab,Negatif
layan staff sangat baik dan ramah tempat sangat bagus walaupun rumah sakit tapi nyaman ada taman untuk anak2 2 kali tindak di rumah sakit sakit ini dengan dokter adi surya sangat baik ramah dan sangat mudah di paham ketika jelas,Positif
2 bulan lalu nungguin suami opnam dsni subhanalloh layan baik sekali kmrnya juga bagus dan nyaman untuk bpjs sehat kelas 1 masuk luas dengan view danau dan ac yang dingin hanya sdkit masuk untuk kantin agar kdepannya lebih bnyk mnyediakan mknan rames jadi kalau siang dan mlm mau mkn masih ada stok,Positif
awal kunjung ke rsop purwokerto untuk periksa anak karena patah tulang layan dan informasi yang beri oleh semua karyawan mulai dari security tugas informasi admisi receptionist awat hingga apoteker the bagus informasi dan jelas medis dari dokter surya juga mudah untuk paham buat keluarga pasien rasa aman dan tenang sukses selalu rsop purwokerto,Positif
terima kasih layan di rumah sakit arthopedi sangat baiksemua tugas juga ramah dan baikpokoknya sangat muas,Positif
layan cepat dan tugas ramah,Positif
sopir jutek jutek dan tidak mau bantu ngangkat pasien plus sering ngilang kalau lagi butuh kasihan mba awat ndorong dan ngangkat pasien sendiri,Negatif
pasien dari poliklinik klinik dari mas,Netral
layan paripurna mulai dengan sambut tugas aman yang sigap ramah dan friendly bro lukman terima kasih tempat bersih layan baik tahan dan kembang semua tugas harus terus perhati dan timbang sehat fisiologis dan sejahtera psikologis ikan motivasi dan sugesti positif pada semua pasien tingkat komunikasi yang efektif dengan pasien dan keluarga pilih katakalimat yang tenang dengan penuh harap semangat untuk rsop untuk terus kontribusi dalam sembuh dan pulih pada pasien yang cedra atau patah bahkan ketika mereka sempat patah harap terima kasih,Positif
layan lama di rumah sakit bagus dokter dan awat ramah dan gercep dan ada pimbingan rohani islam ustad haedar,Positif
layan cepat ramah fuul senyum,Positif
rsop the bagus dari iman solichin baik,Positif
luar biasa tangan cepat kurang dari 10 menit hasil rongent sudah ada sehingga pasien dapat tangan sesuai hasil diagnostik untuk masyarakat purwokerto dan sekitar rsop adalah rumah sakit rekomendasi untuk trauma atau cedera sangat baik pokok,Positif
alkhamdulillah akhir ketemu dokter tulang khusus lengan langsung terima kasih dokter alam rahmat kusnadi jelas dgn detail dan mudah di paham,Positif
alhamdulillah lama anak kami dalam tangan dan awat di rumah sakit orthopedi layan sangat muas nakesnya luar biasa terima kasih rumah sakit orthopaedi purwokerto,Positif
terima kasih atas layan nya lama di rawat di rsop layan sangat ramah bagus profesional dan maksimal moga rsop depan makin bagus lagi,Positif
sangat bagus kualitasnua tapi lama,Positif
layan sangat ramah dan sahabat,Positif
semua ramah dan administrasi nya cepat,Positif
masya allah tabarakallah layan muas dan ada yang mendoan jazakallah khaiir karena sedang sakit sakit nya alhamdulillah jadi adem karena ada bimbing rohani,Positif
sangat bagus pelayananya ramahcepattanggap jangan ragu jika ada masalah tentang tulang lansung ke rumah sakit saja,Positif
layan bagus cepet nyaman,Positif
alhamdulillah tangan pasien cepat,Positif
baru sempat beri ulas th 2020 anak saya rawat di rumah sakit ortopedi karena tulang pada th 2023 ibu saya juga di rawat layan ramah mulai dari pendaftaranyg bagi nensi asistendikamar inap cleaning servicelab radiologi baik semua terima kasih juga ada karyawan yang pernahh beri nasi goreng gratis kantin untuk suami saya laki2 tapi tidak tau bagi apa telah selesai kontrol dan tidak kontrol lagi seperti hilang saudara yang baru di temu karena semua orang2nya baik semua terima kasih rumah sakit ortopedi atas layan yang bagus anak saya dan ibu saya bisa baik moga rumah sakit ortopedi makin maju dan sukses,Positif
kemarin sore cucu saya tulang jari kelingking kaki kanan retak jam 1430 masuk rsop sambut tugas dengan ramah sampai daftar dan sampai ketemu dokter 1530 dan jam 2100 selesai pasang pen dengan baik terima kasih rsop,Positif
ramah layan nya,Positif
tuju,Positif
kecewa sama pelayananya yang suka bohong,Negatif
layan nya cepat awat ramah the beast lah inti,Positif
dokter team igdpetugas radiologipendaftarankasir dan apotik pelayananya cepat dan baik tugas ramah2terimaksih atas layan yang di ikan untuk bapak kami maju terus untuk rsop,Positif
layan nya ramahdokter surya apalagi ramah enak untuk konsultasi jarang2 dokter ngasi jelas sampai pasien ny betul2 paham,Positif
layan ramah murah senyum dan bantu dengan baik,Positif
layan yang luar biasa semua tugas usaha layan butuh pasien atau keluarga pasien tanpa pandang pilih baik umumbpjs sukses selalu,Positif
saya bawa anak saya affan arafat malam hari saat masuk dari pihak awat langsung tangan dan tanya bagi yang rasa sakit kemudian langsung di rontgen dan lain sampai ke kamar dengan ramah dan cepat terima kasih atas tangan yang cepat meski kami datang malam hari,Positif
terimakasi saya sembuh,Netral
layan rumah sakit cara seluruh sangat baik dokter juga sangat baik ramah anak dan jelas saat jelas sangat puas laku tindak operasi sini dan untuk kontrol juga tidak antre karena sudah tentu estimasi waktu sesuai antri terima kasih rsothopedi purwokerto,Positif
layan muas dokter dan awat ramah informatif responsif thd keluh pasien fasilitas juga lengkap bersih nyaman tugas aman juga sangat bantu dalam beri informasi dan arah terima beri mas lukman,Positif
layan nya sangat memuaskann mulai dari awat staf dan dokter spesialis jugaasaya oprasi fraktur distal fibula full bpjs sehat tidak sulit langsung tindak tidak beda layan sama yang umum dan gercep sekali pokok joss sukses selalu rumah sakit ortopaedi,Positif
bagus sekali layan dokter dan obat sangat bagus,Positif
layan ramahhasilnya muas terima kasih rsop,Positif
nyaman walaupun antre panjang tapi masih bisa sambil santa d kantin,Positif
lama sekali layan pdhl sya pake asuransi mhon untuk kece screening awal sblm ke dokter diprbnyk jumlah tugas,Negatif
poliklinik padma bagus rapi bersih nyaman,Positif
respon cepatperawat ramah2penjelasan juga mudengin,Positif
layan cepat,Positif
saya dan keluarga baru pertama kali datang ke rsop purwokerto datang langsung ke instalasi gawat darurat di sambut dengan ramah sama suster nya proses daftar di mudah tidak ada yang rumit mau pakai umumbpjssemoga proses operasi bp saya di beri lancar sangat baik rsop purwokertoterimakasih banyak rsop purwokerto,Positif
layan baik dan ramah makin ditinggkatkan dan rekam medik pasien jos sekali saya pasien lama sekali masih ada jejak,Positif
layan muas mulai dari staf awat hingga dokter spesialis sangat ramah meski pasien bpjs sehat administrasi sangat seamless tidak perlu bawa2 kertas hasil rontgen langsung integrasi ke dokter kirim ke wa tidak perlu tunggu lama,Positif
sangatt cepat tanggap dan ramah,Positif
layan selaluu okecepat dan akurat,Positif
layan dokter tangan fasilitas sangat muas,Positif
layan rsop selalu muas,Positif
saya baru pertama kali datang di rumah sakit orthopaedi purwokerto saya rasa sangat puas dengan segala layan baik dari dokter maupun tugas tugas yang kerja di bagi masing mereka sangat ramah sekali dan beri arah dan informasi yang baik untuk pasien moga para pasien yang datang ke tempat ini rumah sakit orthopaedi purwokerto lekas beri sembuh aamiin yra terima kasih banyak yaa jaya selalu rumah sakit orthopaedi purwokerto,Positif
layan cukup baik nyaman,Positif
mohon bantu bisa ngobatin mata minus tidak,Netral
tenang dalam proses tuju pulih karena tidak ragu dalam putus mudah informasi nyaman dalam sarana terima kasih kepada seluruh team orthopedi purwokerto,Positif
layan sangat baik fasilitas lengkap awat dokter juga sangat ramah,Positif
alhamdulillah saya bawa eyang uyut kami yang jatuh depan mushola saat akan tunai ibadah sholat subuh dan kondisi sangat kesakitankami putus rujuk ke rumah sakit orthopaedikesan pertama tangan cepat dari baik para suster juga ramah moga lekas sehat eyang kami terima kasih,Positif
tangan sangat lama padahal saya sudah sangat rasa sakit beberapa kli omng ke suster untuk tangan tetapi sangat lama untuk datang dokter nya,Negatif
awal saya pribadi nuridin hawatir kena biayaternyata di rsop ini sangat flexible dapat atas masalah dan kehawatirantriimakasih kepada semua team medis rsop purwokertokalian sangat ramah sangat manusia manusiaterimakasih,Positif
alhamdulillah tangan cepat,Positif
antri manusiawi tidak seperti di rsud yang tumplek blek saran saja kalau misal ke poliklinik mata lebih baik pilih rumah sakit ini,Netral
layan sangat baik seluruh tugas awat dan dokter sangat informatif,Positif
layan ter bagus lama jadi pasien di beberapa rumah sakit apalagi dgn dari alam barokalloh untuk rsop pwt,Positif
plyananya di rsop purwokerto sgt baik dan tidak rumit dokter dan staf sgt respontsif awat juga sgt sangat ramah banget pokok trimksih bnyak bwt rsop purwokerto,Positif
parkir motor 5 ribu parkir mobil 10 ribu anak opnam keluar masuk hari 5x bayar parkir tok sudah 50 ribu per hari mahal sekali pak lah,Positif
layan cepat dan ramah terima kasih oprthopaedi,Positif
layan ramah fasilitas lumayan bagus untuk antri di daftar lama karena tugas hanya 1 orang,Positif
jujurawalnya ragu2 mau ke rsop purwokertotakut tidak terima karena hanya jatuhtapi nyata dari awal masuk instalasi gawat darurat langsung ditanganipelayanan cepatpetugas ramah2dan dokter juga kalau jelas detail terima beri atas pelayanannyadokter dan seluruh staf rsop purwokerto,Positif
layan sangat bagis dan penuh dengan ramah baik itu karyawandokterperawat ruang inap bersih dan fasilitas cukup moga ke depan akan lebih makin baik lagi dan fasilitas di kelas 2 mudah2an bisa kasih tv biar pasien tidak jenuh pokok is the bes rumah sakit orthopaedi sokaraja purwokerto,Positif
terima kasih rsop,Positif
layan sangat baik dalam layan maupun tindak hadap pasien,Positif
sangat puas sekali layan luar biasa awat ramahramah sopan banyak senyum yang pasti dokter juga baik bisa ajak konsultasi sampai pihak pasien puas pokok sangat baik markotop,Positif
an pasien agus supriyanto layan exelence dari dokter awat paramedis dan staf administrasi tahu advance tentang sakit kait tulang dan ortophaedi agar terus tahan dan kembang sesuai ai dan kembang teknologi sehat sangat baik,Positif
layan primacepat tanggap terima kasih atas layan,Positif
dari segi layan baik rontgen cepet dokter surya baik dan ramah dengan pasien fasilitas lengkap ada masjid kantin dan di bagi belakang ada taman yang bawa anak2 bisa main jadi tidak bosan suasana nya nyaman sedikit saran untuk mbak2 yang bagi pendaftaraninformasi tolong senyum donk mbak biar tambah cantik hehehe terima kasih moga sukses selalu untuk rsop purwokerto,Positif
layan bagus awat dokter dan walaupun saya non muslim suka sama bimbing rohani dan saya dengar kan tugas bimbing roh,Positif
masya allah tabarakallah jazakallah ust haidar yang selalu doa dan buat hati seperti siram air salju adem sekali,Positif
layan ramah sopan dari resepsionis satpam awat dan dokter gercep sekali bersih kantin bersih ada taman juga untuk tunggu pasien tidak bete juga the bagus rumah sakit yang ada di sekitar kab bms,Positif
pernah patah tulang langsung bawa ke sini dengan harap langsung dapat tangan tau dibiarin lama 12 jam tidak kasih suntik atau obat reda nyeri sama sekali memang benar rumah sakit di indonesia isi kapitalis tidak akan tindak belum bayar payah doa saya ingin punya rumah sakit yang tidak mempermasahkan biaya urus biaya belakang bayar bisa cicil yang penting sembuh dan sehat dulu,Negatif
layan bagus dan akurat sukses untuk semua crew rsop purwokerto,Positif
staff nya sangat baik dan cekat dalam laksa tugas jelas yang beri mudah di paham serta beri motivasi beri tenang saat akan op,Positif
trimaksih kepada seluruh karyawan rsopdan trimaksih kepada ustadz haidar yang bimbing ketika belum oprasi benar kata beliau di balik musibah ada hikmah barakallah fikum rumah sakit ortopedi purwokerto,Positif
layan baik dan ramah terima kasih rumah sakit orthopedi,Positif
layan sangat bagus pegawai sangatt ramahh dan baik sekali,Positif
jos,Positif
bagus rsop purwokerto tangan cepatpegawainya ramah ramahada juga cerah rohani oleh ustadzhaidaryang sejuk dan beri semangat pada pasienterimakasih rsop moga makin jaya dalam beri layan sehat untuk kabupaten banyumas dan sekitar,Positif
layan gercep ramah tamah ruang pasien luas jaga kebersihany karyawan sllu arah solusi yang baik untuk pasien n keluarga pasiensabar dalam tunggu putus yang mau ambil tindak oleh pihak keluarga pasien moga semua baik karyawan rsop di ikan kesehatanbarokahlancar rezekipanjang umuramiin moga sukses selalumakin maju,Positif
terima beri atas layan di rsop dari staf juga dokter nya sehingga ibu kami dapat di operasi dengan lancar dan baikteruslah beri layan baik kepada semua pasien yang datangsemoga allah selalu lindung kita semua,Positif
rumah sakit dengan layan prima ramah dan senang masuk ke dalam suasana serasa di hotel bukan seperti rumah sakit rumah sakit yang sangat rekomendasi untuk jadi tuju pertama jika ada masalah tulang orthopaedi nyeri dan trauma moga allah subhanahu wataala selalu kah rumah sakit ini,Positif
layan bagus dokter awat dan tugas bimbing rohani buat cair suasana,Positif
terima kasih kepada ust haidar yang selalu nasehat kami dan sangat kesan,Positif
bimbing rohani motivasi sekali masyallah,Positif
layan bagus dokter dan karyawan ramah dan jelas cara detail,Positif
alhamdulilah tindak cepat layan baik dokter dan awat sangat ramah ruang rawat inap bersih dan nyaman makan jamin fasilitas pada semua di rsop sangat memuaskanterima beri rsop,Positif
dokter dan awat alhamdulillah sangat ramah dan sigap dalam tangan pasien,Positif
bru pertama kali masuk rumah sakit dengan layan yang supeerperawat super ramahtim bersih juga sopan2 bgdtempate bersihnyaman,Positif
layan di rsop sangat muas,Positif
sangat puas layan,Positif
kontrol habis main bola ke dari rifky the bagus ada layan humas jadi lebih mudah bantu kak essa,Positif
layan sangat baik edukasi awat dan dokter juga sangat jelas,Positif
bimbing rohani bangus dan sangat sejuk hati,Positif
puas bnaget,Positif
nang cepatpelayanan baik cepat dan tepat susterdoktersecurity semua ramah,Positif
layan nya sangat bagus staff nya profesional kami bagai kel pasien sangat senang dan sangat baik atas jelas yang dokter 2 ikan dengan jelas,Positif
bintang 5,Positif
layan bagus sekali sangat baik,Positif
bagus ramah ramah muas,Positif
saran tambah lif terima kasih layan muas dokter awat bimbing rohani masya allah sekali jajarang jarang di rumah sakit yang ada bimbing rohani,Positif
baik bagus tangan cepat dan akurat sesuai sop awat ramah dan sabarsemoga sukses berkah selalu rsop purwokerto amin,Positif
sangat puas,Positif
layan cepat pokok sangat baik,Positif
baik,Positif
layan ramah ada atribut papan nama tugas yang baca oleh cust selain name tag,Positif
layan cepat dan ramah,Positif
layan sangat muas dokter dan awat ramahramah,Positif
alam saya yang sangat sentuh hati adalah saat tani ibu rawat inap adalah kultum yang bawa sangat bantu dan saji hati sehingga inspirasi kan saya tahan kultum nya karena yang bawa kultum juga sangat baik jati da sopan,Positif
alam baik bagi saya tentang obat dan layan utama masalah patah tulang,Positif
layan ramah humble selain design bangun unik juga mudah paham,Positif
baik baik,Netral
trimaksih untuk layan rumah sakit ortopedi yang sangat baik kami sangat puas,Positif
28 januari anak saya an rahadian zaynmahdi masuk rsop lalu jalur instalasi gawat darurat untuk tindak gips alhamdulillah proses lancar dan cepat layan dari dokter awat daftar kasir farmasi cukup baik dan ramah makan pun enak walaupun kesan gedung agak jadul tapi bersih baik anak saya paling suka ketika ajak jalan pakai mobil listrik kuning wkwkwkwk btw terima kasih untuk seluruh tim medis maupun tim non medis rsop puertorico sukses terus foto view dari kamar rawat inap femur,Positif
layan muas sangat ramah dokter tim medis profesional tingkat layan,Positif
puas sekali,Positif
ramah ramah kayan bagus,Positif
good service good doctor good food and always success for the hospital note tolong kalau ada org tua yang tidak bisa baca tulis jadi wakil pasien suruh sign di bantu ya kasi,Positif
baik sekali pelayanannyabimbingan rohani tenang pasien,Positif
luar biasa,Positif
tangan cepat respon baik dokter jelas edukasi pasienya,Positif
masya allah ta barakallah ada yang motivasi dengan katakata yang indah by ust haidar allah cipta mendung untuk cantik pelangi yang indah allah cipta musibah pasti ada hikmah jazakallah khair ustadz,Positif
bagus layan awat dokter dan bimbing rohani menang hati masya allah terima kasih rsop,Positif
semua staff rumah sakit sangat ramah proses dari daftar sampai ambil obat cepat,Positif
juara kualitas prima waktu tunggu tidak lama mau pakai bpjs sehat atau umum tetap layan dengan maksimal,Positif
pertama kali ke rsop untuk periksa ibu saya alhamdulillah layan ny ramah bagus tidak sulit,Positif
layan ramah bantu dengan sabar dari proses instalasi gawat darurat tangan administrasi hingga pulih terima kasih rumah sakit orthopaedi purwokerto,Positif
kami bisa beri dukung yang baik untuk ibu kami cinta ketika ibu kami yang lanjut usia 71 tahun dapat musibah jatuh di rumah dan rasa sakit pada pinggul kami antar ke rsop untuk dapat tolong kami rasa senang pada saat pihak rsop beri layan yang baik kepada ibu kami sehingga kami keluarga bisa punya harap yang lebih baik hadap sehat ibu layan pada saat tindak medis yang beri kepada ibu kami sangat muas bagi seluruh keluarga moga rsop bisa lebih banyak beri harap hidup yang lebih baik untuk semua orang utama para orang tua yang sudah lanjut usia terima kasih banyak kepada team rsop yang telah kerja dengan baik mungkin untuk para pasien moga amal bakti kepada sama dapat pahala yang lipat dari alloh swt purwokerto 05 januari 2025 hormat kami keluarga besar ibu supini binti harjo dwi anjarsarianak,Positif
alhamdulillah baik,Positif
layan muas bagus dokter awat dan alhamdulilah ada yang tugas bimbing rohani sejuk hati mirim muka seperti mayor tedy kalo nda peci hehe,Positif
layan ramah semua dari security administrasi awat dan dokter ramah walau saya pake bpjs sehat perintah terus dokter juga jelas cara detail dan jelas jadi bagai pasien lebih mudah paham dan tangkap apa yang dokter jelas terima kasih rsop moga sukses selalu,Positif
layan sangat muas walau faskes 3 bpjs sehat,Positif
rumah sakit orthopaedi purwokerto ini fasilitas komplit dokter mutu awat ramah dan selalu beri solusi yang baik untuk pasien baik itu mampu maupun yang papahsuccess selalu salam dari lombok,Positif
layan cepattanggap,Positif
selain view nya yang cantik nakes dan seluruh pegawai di sini bagus baik sekali,Positif
tidak bisa bilang alam yang kesan karena yang nama musibah pasti tidak enak tapi ibu saya tangan oleh rumah sakit orthopedi hati kami rasa lebih tenang dan kurang rasa khawatir staffnya profesional cekat dan komunikatif tiap aspek perhati dan jelas dengan detail bagi adminitrasinya juga mudah memang tingkat ahli dokter mumpuni,Positif
rasa bantu dengan rsop semua satset tidak rumit,Positif
tidak salah pilih dokter sini mostly sudsh sub spesialis sangat baik,Positif
layan sangat baik dokter ramah,Positif
sunat modern,Netral
pertama kali kami ke rumah sakit ortopedi kami baru tau nyata rumah sakit ortopedi the bagus tempat nyaman layan bagus tenaga medis sangat ramah sop bagus mohon di tahan,Positif
layan sangat baik prima rekomendasi untuk spesialis orthopedi di banyumas dan sekitar,Positif
alkhamdulillah hasil muas,Positif
muas,Positif
sangat bagus turut saya staffnya ramah ramah dan pelayananya sat set tidak rumit dan jelas,Positif
tidak bisa bilang alam yang kesan karena yang nama musibah pasti tidak enak tapi saat anak kami tangan oleh rumah sakit orthopedi hati kami rasa lebih tenang dan kurang rasa khawatir staffnya profesional cekat dan komunikatif tiap aspek perhati dan jelas dengan detail bagi adminitrasinya juga mudah walaupun terkadang antri saat akan priksa ke dokter agak lama tapi bisa maklum karena memang tingkat ahli dokter mumpuni tapi mungkin perlu siap isi waktu antre selain hp karena sinyal telsel agak minim di bagi ruang tunggu utama,Positif
obat sini sangat muas awat nya ramahramah cepat tangan jelas pak dokter nya juga gampang paham bangun rumah sakit khas sekali seperti bangun jadul dengan tangga lingkar suasana obat juga sangat nyaman dan tentram sangat rekomendasi untuk obat sini khusunya keluh tulang dan syaraf,Positif
waktu ibu saya rawat di rsop tgl 191124 dan akan jalan pasang gipps oleh awat suruh jalan ke roperasi sedang kondisi ibu saya usia 76th jalan dengan alat bantu kok suruh jalan saya bagai anak marah apa rumah sakit tidak ada kursi roda saya tanya pada awat itu akhir awat itu ngambil kursi roda,Positif
layan ramah terang dokter gampang di paham ramah,Positif
layan luar biasa sesuai dengan slogan yakni profesional dan senang,Positif
tangan cepat ramah bersih satisfaction pokok thank you,Positif
rsop is the bestpelayanannya ramah hasil sangat muas moga sukses selalu,Positif
ramah cpt di tangan wlpn pake bpjs sehat,Positif
tangan cepatpelayanan,Positif
tangan buruk sekali tau ada org habis jatuh diagnosis patah tulang malah marah marahin sama bagi administrasi instalasi gawat darurat nya mana tangan di angkat angkat tangan bukan kasi bantal sat set malah lama pasien laku kasar bentak tau masih tengah sadar lemes malah laku kasar bentak pernah rasa sakit tidak si yang periksa itu dari awal dateng jam 23an baru kasih obat jam 78 malam mau minta obat reda nyeri dulu suruh konfirmasi rawat inap dan lama itu tidak kasih anestesi dahulu tolong evaluasi ya karena kmi juga bayar,Negatif
layan cepat dahulu yang sakit perlu tangan segera tugas medis dan non medis ramah dan perhati terima kasih atas layan yang muas,Positif
sangat puas layan baik bagus ramah sopan dari dokter awat instalasi gawat darurat rongsen bapak satpam sama awat rawat inap sangat ramah cekat,Positif
baik ramah,Positif
layan bagus dan sangat muas semua pasien layan dengan ramah sopan terima kasih,Positif
layan ramah dokter jelas cara detail,Positif
puas sekali sini selalu di update untuk jadwal kontrol dokter tidak ada juga di beritahu h1 ruang tunggu nyaman alur juga sistematis,Positif
cepat di tangan nya,Positif
terima kasih rohaniawan sangat terkesansemogajd hikmah bg saya,Positif
tempat nyaman jelas dari nakes atau non nakes alhamdulillah jelas jadi kami bagai pasien tidak bingung namun bersih kamar mandi yang masih perlu benah,Positif
rsop tangan dengan cepat dan administrasi yang tidak rumit,Positif
respon cepat,Positif
gercep satset komunikatif,Positif
saya pasien katrin ruang lavender pasien dokter anton layan baik dokter ramah,Positif
saya pasien atas nama ibu sri wahyuni pasien dokter anton layan sangat bagus dan muas,Positif
pasien dari arinton ruang anyelir 1 layan bagus dan sangat baikpasien nyaman karena kebersihanya,Positif
pasien dari arinton ruang dahlia 4 layan dokter dan awat awat bagus dan tidak lelet dokter good sekali kalo ada bintang 10 saya beri ini bintang dokter humble langsung tanggap untuk rumah sakit bunda moga makin sukses terus ya,Positif
pasien dari arinton ruang m 3 layan dokter dan awat baikada keluh cepet datangdr awal datang cepat tangan,Positif
ibu saya pasien dokter arinton ruang melati 3 layan dokter sangat amat baik awat merespon keluh dengan cepat ruang bersih dari awal datang cepat tangan,Positif
pasien dari arinton ruang dahlia 4pelayanan dokter dan awat ramah ramah bagus bersih bersihmakanan enaksmoga tambah maju rumah sakit umum bunda,Positif
rumah sakit nyaman tempat bersih layan juga ramahdokter anton juga layan bagus dan kalo ada keluh langsung tindak untuk biaya mas wajar kalo pake umum,Positif
layan bagusdokterperawat dan staffnya sangat komunikatiffasilitasnya baik dan ruang bersih,Positif
perawtnya ramah tangan cepat bagus sekali tangan disni hehe,Positif
layan baik dokter dan awat ramahramah,Positif
layan jos dan tingkat lagi,Positif
saya pasien dari anton prihandanaspog dari awal hamil sampai lahir dengan beliau jelas sangat mudah paham dan orang sangat ramah,Positif
layan sat set ruang tunggu bersih adem nyaman suster ramah pooll,Positif
pertama kali kesini bawa anak usia 11 bln kesini keluh demam bapil dan belum tumgi sama sekali kesini pagi biar ketemu dari dikky kesan dgn layan baik banget ramah ramah asisten dari dikky ramah sekali ada playground juga dari dikky enak ajak konsultasi nenangin banget jawab jawab tidak mudah judge ke saya yang baru jadi ibu bhkn dari dikky beri masuk masuk kaya merek vitamin yang saya pakai terlalu mahal bisa ganti dgn merek yang lain lbh murah dan kandung tetap sama kaya nya baru nemu dsa se peduli ini lah saat nebus obat juga kasih tau harga sekian bayar dulu baru tunggu obat jadi kita tidak kaget kalo misal nominal nya sekian moga cepat sembuh anak insya allah mau langgan,Positif
keluarga ibu riski dokter anton sangat baik nggk pernah libur gercep layan sangat baik dan muas,Positif
pasien dokter anton layan baik,Positif
pasien atas nama ibu elma pasien dokter anton layan ramahsangat baik,Positif
pasien dokter arinton ruang thulip 4 pelayananrespon dokterperawat sangat cepat ramah jelas mudah di erti terima kasih rumah sakit umum bunda,Positif
pasien ny sangidah dahlia 4 dpjp dari arinton awat dan dokter bagus pelayananya ramah dan cepat ruang bersih,Positif
pasien dari arinton ruang anggrek 2 layan dokter dan awat layan nya baik dan cepet bila ada keluh langsung di samperin untuk ruang kamar bersih dan selalu jaga bersih sangat baik lah pokok,Positif
elia pasien dokter anton spog layan baik dokter sangat ramah dan baik,Positif
tolong kalau ada ubah apa di beri tau di informasi karena tadi saya ke sana nyata ada ubah khusus bpjs sehat rujuk nama tempat di perhati sekarang nama tempat rujuk jadi rumah sakit khusus mata purwokerto biar tidak bolakbalik,Netral
pasien dokter arinton ruang melati 3 dokter n awat sangat responsifteliti dalam periksa pnyakit pasien walaupun saya pake bpjstapi saya mndapatkan layan yang sangat ramah dari semua bagi yang ada di rumah sakit umum bunda purwokerto sedikit saranmasukan khusus ruang melati 3km mndi tlong d sih lagiutama kloset rumah sakit umum bunda smga smkin maju n sukses serta smkin baik lagi pelayanannyaaamiin yra,Positif
layan dokter dan awat baik keluh cepat datangpertama datangj uga cepat tangan pasien dokter arinton ruang flamboyansmmkeoga makin maju rumah sakit bunda purwokerto,Positif
layan baik cepatramah,Positif
layan cepat dan ramah,Positif
istri saya pasien dari sutrisno lahir di rumah sakit bunda layan sangat muas,Positif
pasien dokter arinton ruang melatipelayanan ramah ruang bersihsukses selalu rumah sakit umum bunda,Positif
pasien dokter happy ruang dahlia 4 ruang baik layan baik cepet makan enak bersih jamin saat ngeluh langsung di tangan terima kasih rumah sakit bunda,Positif
istri saya pasien dari sutrisno rawat di ruang aglo 2 sangat puas akan layan di rumah sakit ini dokter ramah bgtt dan jelas nya sangat jelas,Positif
sangat baik saya pasien dari anton,Positif
saya ibu afi pasien dokter anton di kamar sakura saya sangat puas dengan dokter dan bida karena ramah dan baik baik,Positif
saya ibu saputri pasien dokter sutrisno untuk dokter sutrisno sehat slalu dokter karena dokter baik ramah dan bidan bida juga baik ramah trimksih rumah sakit bunda,Positif
saya pasien dokter sutrisno ibu rosiana habis lahir untuk dokter baik tugas ramah ramah,Positif
1 kali lahir cesar dan 2 operasi kista oleh dokter anton masyaa allah dokter nya sangat ramah dan hebat pelayaan rumah sakit bunda dari admin respon chat semua awat baik2 tahan ya,Positif
ruang bagus rapi bersih untuk layan juga bagus gercep ramah ramah sekali tugas,Positif
bagi instalasi gawat darurat layan bagus tapi awat kurang tau situasi dan kondisi dalam obrol para awat bicara dan obrol dengan suara keras dan teriak sehingga menganggu nyaman pasien masalah ini adalah instalasi gawat darurat yang isi pasien yang ada darurat tidak harus mereka menganggu nyaman pasien dengan suara yang keras bahkan hari ini instalasi gawat darurat untuk tempat buka puasa sama,Negatif
dokter ramah enak jadi tidak canggung untuk tanya2 dokter saya kemarin sama dari sutrisno ruang bersih dan nyaman layan juga cepat dan tanggap,Positif
layan okedokter anton dan awat ramah dan komunikatif,Positif
dengan dari anton bagus sekali informatif sangat bantu sekali sangat baik,Positif
layan cepat pasien dari dokter sutrisno,Positif
respon cepat tangan pasien terus tingkat,Positif
pasien dari arinton ruang edelweis 2 alhamdulillah layan sangat muas respon cepat tangan cepat awat ramah untuk makan jamin bersih ruang cukup the bagus pokok,Positif
layan baik dan tugas ramah periksa kandung dan opera caesar dengan dokter trisno hasil bagus dapat layan yang baik jelas detail dan sampai mudah erti dsa dokter dikky juga ramah dan enak untuk konsultasi,Positif
layan nya ramah dan cepat tanggap istri saya lahir cs dengan drsutrisno dari awal hamil sampai lahir layan dengan baik dede bayi juga rawat dengan baik dan periksa oleh dari dik terima kasih rumah sakit bunda,Positif
alhamdulillah oprasi jalan lancar layan dari dokter sutrisno sangat memuaskandokternya ramahdan cepat tanggap atas apa yang jadi keluh pasien untuk para awat dan bidan pun sangat ramah sangat welcome pokok terima kasih rumah sakit bunda purwokerto tetap jaga percaya pasien dan makin sukses dan jaya selalu,Positif
layan dari sutrisno sangat baik,Positif
saya pasien bidan ibu rani di kamar anggrek 2 dengan dokter sutrisno pelayananya tuas dan ramah ramah,Positif
tangan oleh dari sutrisno muas keluarga dan rileks,Positif
ama nyaman ramaah,Positif
saya puas dgn layan dari dari sutrisno beliau ramah mudah untuk konsultasi puas dengan layan,Positif
terima beri dokter anton telah damping jalan hamil saya dari periksa usg hingga proses salin kami sangat syukur atas bantu dokter sehingga salin saya jalan dengan baik dan berkat dokter bayi kami bisa lahir dengan selamat,Positif
saya dari keluarga bu vina pasien dari sutrisno layan bagus cepat tanggap untuk referensi dokter bisa ke rumah sakit bunda dgn dari sutrisno,Positif
saya pasein dari sutrisno dari ruang lavender kayan baik ramah sopan dan dokter juga sangat sopan,Positif
pasien dokter arinton ruang dahlia 5 layan dokter baik awat baik makan enakbersih ruang bersih,Positif
pasien drarinton ruang anyelir 1 untuk layan rumah sakit sangat baik,Positif
alam lahir di rumah sakit bunda sangat nyaman bersih bagus apalagi dengan dari sutrisno layan sangat muas dokter sangat sabar dalam layan nya,Positif
dari usg sampai lahir sini nyaman sekali sama dari hanantyo dokter ramah humble nakesnya juga humble baik dan sabar lahir sini alhamdulilah enak sekali cepet sembuh,Positif
alhamdulillah istri lahir sini aman dan nyaman dokter dan awat juga ramah sekali dan yang paling penting harga sahabat,Positif
layan sangat baik fasilitas baik,Positif
pertama kali usg 2d sini dengan dokter hanan untuk dokter jasa detail tetapi sangat sayang untuk layan lumayan kurang,Negatif
langgan selalu di rumah sakit budhi asih memang layan trbaik rekomend banget untuk bunda2 yang lain,Positif
mau periksa anak kecil boleh ikut masuk tidak ya ka,Netral
rumah sakit ibu anak baik di purwokerto layan baikramah dokter pun humbble pokok the bagus pasti bakal rekomendasiin ke temen dan saudara yang lain yang lagi hamil,Positif
layan muas rumah sakit bersih dokter ramah enak d ajak konsultasi anak k 1 dan 2 selalu usg d sini,Positif
layan yang ramah tempat nyaman jangan ragu untuk semua control check up ibu dan anak ya di rsia budi asih,Positif
dokter ika,Netral
layan baik ramah,Positif
pelayananya bagus,Positif
layan baik,Positif
layan baik dokter baik asik bisa tanya luar jam kerja,Positif
alhamdulillah dari anak pertama sampai hamil ke 3 selalu priksa sini layan muas bagus dokter baik humble banget,Positif
kerenn sekali layan dokter santai enak baik pasien jadi nyamann,Positif
pelayananya ramah dan baik,Positif
layan ramah dan muas,Positif
layan baik dan ramah tempat nyaman dan bersih,Positif
dokter hanantyo istebest,Positif
rsia budhi asih purwokerto bagus sekali dokter dan para medis sangat ramah semua drhan dranam drnenden ramah baik semuapernah salin sini sangat nyaman dan puas menejemen nyeri bagus sekali moga rsia budhi asih maju dan jaya selalu,Positif
dokter ramah sekali dan komunikatif,Positif
lumayan,Netral
sangat bintang 5 layan dokter han sangat bantu saya dan istri saya terima kasih sebesar2nya dokter han dan jajar,Positif
maaf saya dari kebumen mau kesitu mau tanya biaya rontsen gigi berapa soal di pipi ada benjol kecil dan saya pgn tau itu sakit apa mohon balasanya terima kasih pak bu,Netral
pertama kali datang ke sana untuk usg 2d sama dari hanan biaya jangkau rumah sakit nya juga tidak terlalu ramai kemarin hanya ada yang mau usg ajah tempat bersih,Positif
tempat nyaman saran kalau mau janji temu sama dokter daftar lewat online dlu liat saat hari h nya udh brp antri biar tidak kelamaen antre staf nya sangat ramah udh gtu free wifi sama minum cemilan dan 1 bayar usg nya juga murah yang jam pagi tahan selalu,Positif
awal dari ragu karena rating 38 nyata realitanya tidak buruk itu malah justru balik saya rasa puas saat saya tidak bisa daftar usg di rumah sakit belum karena waktu daftar offline nya pagi sedang tiap pagi saya kerja sini saya bisa daftar cara online dengan mudah sampai di tempat langsung ke daftar dapat cemilan minum juga cara gratis tidak lama langsung panggil untuk cek bb tensi dan lain - lain lanjut masuk ruang periksa dokter super ramah jelas cara detail dan telah sampai rumah kita masih bisa konsultasi via whatsapp balesnya pun tidak asal bales singkat meski beliau adalah orang sibuk tapi sungguh benar balas cara detail kena apa yang kita tanya untuk harga juga jauh lebih hemat banding rumah sakit yang saya kunjung belum ekspresi kaget puas sekali pokok,Positif
bismillah layan sini ramah komunikatif gercep dan modern alat apalagi ada coffee breaknya tiap pasien yang datang kesana pasti di beri jadi makin happy nyaman dan bikin betah datang lagi rasa hamil lahir sampai priksa anak sini alat usg sini bagus dokter juga kenal semua dengan ramah dan komunikatif baik dokter hanantyo maupun dokter anggita alhamdulillah dokter anggita pro normal jadi kemarin lahir normal dengan induksi sini alam lahir juga senang walau dengan bidan sini yang belum pernah interaksi belum apalagi saat dapat promo jadi di budhi asih ini juga banyak promonya ada kelas2 ajar yang gratis juga usg gratis juga masya allah saya juga rasa cocok sekali sama dsanya dokter agus beliau enak di ajak konsultasi sabar si tentu karena kita banyak tanya dan banyak parnonya jadi orangtua baru beliau tidak hanya periksa saja tapi juga beri bekal ilmu pondasi2 yang sesuai di usia yang harus di bantu stimulus di rumah walaupun awal sempat ragu pertama kali kesini karena ratingnya di google masih 38 moga makin bagus ratingnya makin besar tempat karena lagi di bangun gedung baru juga juga makin sejahtera pegawai dokter dan urus sana yang di purwokerto banyumas cilacap pinggir rumah sakit ini saya rekomendasi kan untuk kalian mana harga juga jangkau moga bisa singgah kesini aamiin,Positif
dokter yang tangan anak saya sangat ramah dan profesional beliau jelas kondisi anak saya dengan jelas dan beri saran yang manfaat selain itu layan di poliklinik anak sangat muas staf medis di poliklinik anak sangat ramah namun saya alami ketidaknyamanan saat proses ambil sampel darah staf yang tugas tampak kurang kompeten dan alami sulit dalam ambil sampel darah anak saya hal ini sebab anak saya rasa sangat tidak nyaman,Negatif
usg dari awal hamil sampai mau lahir selalu sini sama dari han yang ramah dan beri jelas detail,Positif
layan baik dan feel like home dokter ramah ruang bersih,Positif
anak saya lahir disiniproses administrasi sangat baikdokter dokter sangat friendly dan tenang sekali serta ruang rawat inap yang sangat nyaman dan bersih,Positif
usg pertama kali di budhi asih sangat muas dengan dari hanantyo yang baik dan humble di jelas cara detail rekom banget untuk bumil2 yang ingin liat dedek nya yang gemuyy,Positif
dokter dan awat ramahramah sabar rekomendasi,Positif
layan dokter ramah hanya saja antri tidak jelas masa saya urut 12 antri sudah ke 10 eh malah balik ke nomor 5 lagi padahal di 1 dokter yang sama harus kalo saat panggil tidak datang di skip ke antri lanjut bukan sudah 2 antri lagi malah dibalikin ke antri ke 5,Positif
murah sahabat dokter baik,Positif
banyak yang bilang dokter ramah ya saat pertama saya juga rasa gitu eh saat ke 2 kali dateng dokter bilang ngalor ngidul nada di tinggi pula udh gitu denger2 banyak yang di suruh sc kalau normal tidak ada duit si ya,Negatif
rsia baik dan amah di purwokerto mungkin duludulu banyak yang review rendah tapi nyata tidak gitu juga terima kasih khusus untuk dari han,Positif
layan cukup baiksaya kesana untuk pertama kali karena lebih dekat dan sudah jamin ada dokter spesialis nya dan sana tidak terlalu antri karena yang obat juga tidak terlalu banyakdokter yang tangan betul cwomasih bilang muda tetapi orang cukup tegasramah dan super komplit ketika beri penjelasandan saya senang karena bisa dapat sempat untuk tanya apa yang sekira masih jadi unegunegjika rasa masih ada pertanyaandokter juga beri kartu namanomor wa yang bisa hubung hanya via chat untuk konsultasi luar jam kerjabiaya usgobat lumayan price tetapi banding kok sama kualitas layan dan periksa yang dokter dan pihak daftar lakukanrasanya tidak nyesel periksa disanakualitas bagus dan jarak tidak terlalu jauh dari kos saya,Positif
telah nyobain usg di beberapa tempat akhir nemu yang paling cocok periksa sama dari hanantyo ramah pol dan santay sekali bawa jelasin detail sekali bahkan kasih sempat kalo masih ada yang mau tanya bisa konsul via wa saya nyoba usg ambil yang paket dan sudah dapat vitamin juga dongg mana usg nya murah buangett jagat banyumas terima beri rsia budi asih atas layan yang sangat muas,Positif
jauh2 sudah tunggu lama suruh ganti jadwal padahal bayi yang sakit kecewa,Negatif
cukup muas,Positif
lahir anak pertama 31okt22 alhamdulillaah tangan sama dranggita veterina dokter recommend sekali pokok saya salin sc pake bpjsalhamdulillaah tidak rumit rsnya semua mudah awat sana juga super ramahramah,Positif
antri tidak jelas lompat2 dan lama banget wasting time,Negatif
layan kurang ramah mata lihat tidak ikhlas,Negatif
layan bagus banget dokter awat bidan dan staf lain baik banget ruang nyaman dan bersih cesar di sini benar tidak rasa sakit sama sekali dan ahirnya temnpun pada ikut lahir d sinicesar dan rekap merasakn hal yang sama tidak sakit sama sekali ky tidak habis oprasi recomded banget anak k2 pokok mau lahir d budi asih lagi terimakasi dari hans dan team,Positif
suka,Positif
layan kecewa,Negatif
pagi kak maaf mau tanya di rumah sakit siaga medika ada praktek dokter spesialis paru anak tidak ya kak,Netral
the bagus,Positif
masa tunggu dokter harus jm set 7 sampai jm set 8 belum dateng kata sudah di jalan tapi tunggu sampai ber jam jam parah sekali,Negatif
baik lagi fo nya,Negatif
tempat parkir nya ada cctv ya aman untuk hem sayang ha ha joss,Positif
terima kasih,Netral
terima kasih atas layan rsia budi asih yang amat sangat sangat baik istri saya pada hari jumat tgl 29 juli 2022 pukul 1000 periksa dengan dari hanantyo dari beliau kondisi janin tidak bisa laksana salin cara normal karena ada kendala medis kami beri waktu sampai telah shalat jumat untuk ambil putus dari pihak keluarga akan ikut saran dari beliau dari han agar laksana pada tindak medis bissmillah kami mantap hati dan kurang lebih pukul 1350 istri saya masuk ruang operasi tidak sampai 10 menit anak dua kami lahir dengan sehat dan bb 33kg49cm selisih 2 jam telah recovery istri saya sudah pindah di ruang dan alhamdulillah berkat bijak dari han kami pasien bpjs sehat kelas 1 beri ruang inap vip dan telah 6 jam istri saya sudah bisa duduk bahkan sudah bisa jalan ke kamar mandi kami hanya rawat inap selama1x 24jam saja dan boleh pulang telah 10 hari bahkan istri saya sudah bisa naik motor sendiri alhamdulillah anak dan istri kami sehat semua sekali lagi terima beri kpd segenap nakes rsia budi asih khusus dari hanya maturnuwun dok moga berkah,Positif
overall good job pelayananan yang baik,Positif
layan ramah sayang saya datang 4 x daftar usg gratis gk dapat antri,Negatif
sangat puas dengan layan,Positif
alhamdlh dokter ramah,Positif
good hospital,Positif
pertama kali periksa sini dengan dari hanan atas rekomendasi temen nyata dokter nyaman dan santai jelas perihal hamil dan kondisi kandung untuk rumah sakit saat ini belum ada masalah lah hanya agak repot nyata bagi administrasi dan bagi farmasi sistem bayar beda salah satu poin yang perlu tambah tidak mau tambah atm center,Positif
pertama kali usg dengan dari han jelas lumayan detail sekarang daftar usg bisa lewat wa dan fast respon juga pernah pesan langsung lewat instagram kena salin apakah bisa dicover bpjs sehat sangat baik up dan jawab juga fast respon akan beri bintang 5 jika besok layan nya sudah jelas bagus,Positif
ya memang buruk sekali ini layan orang tanya malah bolak balik bikin bingung,Negatif
2x salin sini usg tiap bulan sering hanya bayar obat saja usg sering digratisin terima kasih ya dokk dengan dokter han layan ramah sangat baik yang jelas tidak buru buru mau tanya apa saja layan awat juga sabar ramah dan sangat bantu dalam salin untuk kamar juga rapi tiap hari bersih jadi tidak bau kecoa mau lahir normal bisa cecar juga bisa,Positif
layan instalasi gawat darurat harus 24jammasa dateng jam 9 pagi tidak ada dokter yang stay padahal dalam kondisi darurat kecewa,Negatif
parah benar dalam ada darurat masa tidak ada dokter yang stainbay nama juga butuh instalasi gawat darurat harus ada yang stay lah masa mau sakit harus jadwal konyol sungguh benar kecewa,Negatif
lebih penting hari ulang tahun rumah sakit ketimbang pasien parah benar si ini udh lairn hanya bidan doang ngeceknya harus bangunin si bidan debay mau mandi tmpt mandi malah untuk ngurusin siap ulang tahun rsnya benar parah,Negatif
pertama kali usg di budhi asih dengan dokter hanantyo dokter baik humble jadi kita mau tanya juga tidak sungkan layan okee kalo mau usg harus daftar via wa belum hari h ya gaess,Positif
mau swab ke rumah sakit ini tempat nya di luar deket parkir tugas juga sigap,Positif
bagi yang ingin periksa atau obat perihal sakit di mulut bisa datang ke sini,Netral
sudah telpon untuk daftr priksaminta pagiktanya suruh datang jam set 10 begitu sudah datang nyata daftar soreadiminnya lada lede dokter sudah baik pdahaltolong baik untuk bagi fo nya,Negatif
layan baik beberapa kali rawat di ba tidak kecewa dokter baik banget optimis dan sungguh benar usaha untuk selamatin debay awat baik2 masakan juga enak,Positif
antre nya lama waktu adalah uang bos,Negatif
ramah juga,Positif
dokter tidak ontime tidak tepat waktu,Negatif
akeh dokter ora percaya coba bae,Positif
tempat nya nyaman layan bagus dokter suster bidan ramah dan cepat tanggap,Positif
pelayananya baik sekali saya dari sidareja jauh2 untuk konsultasi dengan dokter han harus sabar tunggu karena apa tiap pasien akan konsultasi bisa sampai 14 jam sungguh benar sampai tuntas terang juga jelas untuk ibu2 yang bilang ah lama nunggunya saya baru pertama nemuin dokter yang konsiltasinya bisa lama ini tuntas ini usg dan dokter alhamdulillah gratis dimana2 saya ke dokter kandung apabila sudah usg dan jelas lalu akan suruh keluar love sekali ini sama dari han dan layan rumah sakit nyam,Positif
pertama kali kesini istri baru buka 1 suruh tunggu sampai jam 12 tanpa pacu dan periksa hanya 1x alhasil suruh caesar padahal kalau di rumah sakit lain ada yang sabar sampai tunggu buka 10 anak pertama sudah caesar padahal saya yaqin itu bisa normal ini bukan soal biaya tapi efek depan dan itu obat luar bpjs sehat yang saya tebus kenapa sama dengan pasien belah istri yang tidak tebus obat luar bpjs sehat minggu kemudian telah pulang habis salin suruh kontrol daftar dulu via telp h1 sudah daftar kata ibu dan anak bisa pagi eh waktu ke sini nyata anak waktu sore adminnya adal edel,Negatif
pertama kali priksa kandung disinipelayanannya lama banget4x hamilbelum pernah nemuin layan yang lelet disinisaya kecewa dengan layan disinisangat sangat sangat lama,Negatif
rumah sakit baik dan bagus layan hadap pasien baik dan cepat,Positif
salah tulis nama pasien sehingga buat pasien tunggu lama sudah tanya konfirmasi di suruh tetap tunggu tempat antre pasien tidak cukup tampung antri ac tidak nyala ada di ruang tunggu sangat panas,Negatif
neng sekali di rsia budi asih awat baik dan cantik2,Positif
awal was2 lahir istri sesar anak pertama alhamdulillah lancar dokter pak han pun ramah dari awal usg smpe lahir tangan cepat cepat pulih juga 3hari pulang terima beri pak han rumah sakit budi asih,Positif
layan ibu salin bagus tempat bersih,Positif
dokter ramahpelayanan baik,Positif
layan ramah ruang tunggu nyaman,Positif
ke penak dan cocok dan pncen dstu kumpul e ibu2 kandung dan lahir,Positif
salah satu pilih untuk salin usg juga jangkau,Positif
layan mata untuk masyarakat banyumas,Netral
lama sekali nunggunya mana ruang tunggu ac tidak nyala amit2 jabang bayi,Negatif
layan nya ramah tamah,Positif
3x mondok sini wc selalu kotor lantai kuning gprnh di sikat kurang higienis selalu nemuin kecoa d kmr mandi semut d kamar banyak,Negatif
lahir anak pertama harus di beri tindak sesar saya sudah panik tapi suster selalu tenang dan dokter pun ramah,Positif
rumah sakit budi asih itu tidak strategis tempat,Negatif
sangat baik one stop service,Positif
bagus si hanya pelayananannya lama bilang nya jam 3 tunggu sampai jam 4 baru mulai layan agak sedikit kecewa,Positif
dari awal hamil sampai anak saya lahir selalu periksa disinipelayanan ramah dan dokter humble sekali,Positif
jazakumullahkhair,Positif
rumah sakit mahal tidak sesuai dengan fasilitas yang beri ruang bau saya pasien umum tidak pakai bpjs sehat secar paket 13500000 tidak bisa bayar pakai atm mesin rusak nyesel rujuk kesini,Negatif
awat yang layan di bagi administrasi tidak jelas dokter pun tidak on time kasihan pasien yang mau kontrol bersih luka telah sesarmenunggu sampai 5 jam lebih,Negatif
layan sangat baik dokter awat security semua ramah tamah puass banget sama layan tempat baik punya gk bising jauh dari suara kendara seliwer dari hanantyo is the bagus,Positif
tempat nya sangat nyaman tenang tidak bising tidak panas dokter serta staf karyawan sangat ramah hamil ke 2 mau kesini lagi inti sangat suka dgn layan dan tmpt nya saya beri bintang 5,Positif
ramah,Positif
tempat kurang strategis tapi bikin pasien nyaman karena tidak bising drnya friendly banget bisa pake bpjs sehat sini,Positif
layan sangat muas dokter dan pegawai sangat ramah,Positif
rumah sakit ibu dan anakpelayanan baik dan ramah,Positif
sangat kecewa dengan security yang jaga pada malam itu tidak laku tugas bagai mana mesti,Negatif
rumah sakit ibu dan anak ini sangat responsif tangan pasien cepat manusiawi dan mudah pasien laku baik mungkin tanpa diskriminasi awat dan dokter yang tugas juga ramah cekat dan profesional fasilitas yang sedia cukup lengkap seperti ruang pulih ruang operasi toilet umum musala ruang tunggu yang nyaman serta lahan parkir yang cukup dan dapat pos aman kamar rawat yang sedia juga bersih rapi dan lengkap ac lokasi tempat ini bisa bilang kurang strategis karena masuk ke jalan kecil jauh dari jalan umum tetapi lebih ialah tempat ini cukup senyap dan tidak bising buka tiap hari 24 jam dan selalu ada dokter atau awat yang jaga feel free to follow me on instagram gooardian terima kasih,Positif
ramah seperti rumah sendiri,Positif
this is my first time rawat inap anak di rumah sakit sinar beri overall layan nya muas terimaksih untul dokter awat dan ibu dapur yang udh bantu dalam proses sembuh anak ku,Positif
layan dokter dan awat semua ramah,Positif
alam obat di rumah sakit sinar beri cukup muas dokter dan awat ramah serta komunikatif lingkung rumah sakit bersih dan nyaman waktu tunggu masih bisa tingkat tapi cara seluruh layan baik dan bantu pasien,Positif
layan baik mulai dari sedia makan untuk pasien tepat waktu layan bersih kamar yang baik perwat juga mudah untuk minta bantu terimaksih untuk swmuanya,Positif
layan ramah cepat tanggap,Positif
awat dan laku sikap dan lain - lain nyaman alhamdulillah puji tuhan,Positif
fasilitas dan layan ist the bagus pokoe,Positif
layan bagus suster nya juga sangat ramah bagus si,Positif
layan nya sangat bagus dan awat sangat ramah,Positif
tunggu daftar 5 menit periksa 5 menit tunggu antri 55 menit bahkan lebih perlu ingat saya guna asuransi tapi layan nya seperti ini why is a beginner being assigned to work alone in the pharmacy room i am aware that this person is still inexperienced which naturally limits their ability to make decisions related to the responsibilities involved continuing this practice is inappropriate and should not be maintained,Negatif
layan dangat bagus baik dan ramah sekali,Positif
tugas cs nya ramah nada bicara halussopanperawat nya rapi dan ramah dokter juga ramah biarpun saya pasien guna bpjs sehat tetap di sapa dan perhati terima kasih rumah sakit sinar beri moga rumah sakit sinar beri makin maju dan jadi yang baik dalam layan,Positif
layan ramah baik,Positif
suka layan disinijadi critanya hbs ooerasitrs saat awat ada darah sampai 3x dan yang bikin suka itu dokter malem2 sampai bela2in dtg kesini periksa pasien lagithe besst lahh,Positif
baikdan ramah,Positif
untuk layan dan fasilitas di rumah sakit sinar beri purwokerto sangat bagus dan muas moga tetap seperti itu terus moga makin maju terus terima beri rumah sakit sinar beri,Positif
layan cepat,Positif
layan baik dan cepat,Positif
semua baik sekali layan dokter ramah dan jelas cara detail para awat juga baik sabar dan ramah banget para tugas makan dan bersih di rumah sakit sangat jaga bersih area dan jaga higienis makan semua tugas sini sangat ramah dan bantu sekali terima kasih rumah sakit sinar beri moga makin kembang dan makin banyak dokter spesialis,Positif
baik,Positif
terima beri dokter suster dalam layan sangat ramah baik sopan,Positif
pelayanantindakan tenaga medis cekat ramah layan awat sangat bagus dokter2 nya welcome banget untuk shering tempatny bersih wangi terima kasih dokter ma suster yang telah rawat ibu,Positif
mba farmasi baik sekali jelas obat dengan detail terima kasih,Positif
rumah sakit siki sangat ter baik,Positif
layan sangat baik tempat nya nyaman dan bersih,Positif
rumah sakit ini beri layan yang sangat baik tenaga medis yang sini ramahramah dan hangat senang sekali bisa obat sini,Positif
layan baik dokter profesional,Positif
layan sangat bagus,Positif
layan baik bisa rawat inap guna bpjs sehat,Positif
layan sudah sangat baik dokter sangat baik dalam jelas dan beri layan suster sangat ramah sabar dan telaten terima kasih tuhan kati selalu,Positif
alhamdulillah hari ini sudah boleh pulang terima kasih rsusinar beri layan sangat baik dan ramah lingkung rsusinar beri sangat bersih,Positif
sangat muas layan,Positif
bagus bangett layan,Positif
layan sangat ramah,Positif
layan nya ramah,Positif
layan sangat baik ramah dan bersih terima kasih,Positif
layan dan dokter sangat sigap dan ramah,Positif
rumah sakit sinar beri bagus layan tidak sulit,Positif
layan ramah dan dokter cepat tanggap,Positif
dokter baik dan ramah awat baik dan tidakembeda beda pasien,Positif
bagus tapi perlu tingkat dalam layan pasienbpjs khususnyayg masuk instalasi gawat darurat,Positif
awat sama dokter ramah,Positif
terima kasih atas layan muas dokter dan awat smuanya ramah dan tempat nyaman sekali maju dan sukses terus untuk rumah sakit sinar beri,Positif
tangan pasien dengan sangat baik,Positif
rumah sakit ini si bagus lama ini yahdan ini bukan yang pertma juga sudah ke sekian kali keluarga ada yang di rawa di sini jadi untuk keseluaruan si bagus lah terima kasih untuk pelayananya moga depa makin bagus lagi makin maju lagi,Positif
awat gigi anak sama drgcindy sangat muas dokter sabar sekali cekat dan tidak bikin anak trauma ke dokter gigi terima kasih,Positif
ruang sekarang bersihterang dan tugas sangat ramah sinar beri terus tingkat layan ya,Positif
layan di semua yunit bagus,Positif
rumah sakit nya bagus layan baik moga makin kembang dan dokter spesialis makin lengkap,Positif
ekspresi kagum rumah sakit sinar kasir sekarang tambah bagus layan nya juga bagus,Positif
layan bagus awat baik ramah dokter ramahtenaga yang lain juga ramah murah senyum ruang bersih tetap terus tahan layan yang sudah baik,Positif
alam opname dan operasi di rssk sangat muas layan baik dan komunikatif,Positif
rumah sakit andal di purwokerto,Positif
layan baik di semua unit,Positif
lama obat di rumah sakit umum sinar beri layan bagus karyawan nya ramah overall its good makin tingkat lagi agar kita bagai pasien lebih nyaman untuk obat sini,Positif
rumah sakit dengan layan baik di kab banyumas,Positif
tugas daftar ramah baik,Positif
joss,Positif
layan nya kurang,Negatif
layan ramah baik sesuai awat maupun dokter tempat rawat inap nya bersih,Positif
layan sangat muas dan perawatanya ramah,Positif
layan dan ruang bagus dan tidak kecewa,Positif
tolong fasilitas layan di baik di tiap ruang beri kursi sofa jangan bangku duduk kayu kasi orang yang mau tunggu pasien rawat inapudah lantenya kotor bangetbanyak hewan kaki ribu di ruang jordan padahal bpjs sehat kelas 1 masih saja layan buruk dokter banyak yang cuek ban bila di suruh ganti inpus padahal sudah mau habis malah banyak omongyang akhir keluhanya adalah obat mana jangan peritunganlah masa obat kontrol suruh di ambil lagi saat rawat inap pasien sudah ngedrop tinggal beri yang baru kenapa bikin rumit buruk sekali pokok ini rumah sakit,Negatif
layan sangat muas dan ramah sekali dokterperawat dan karyawannya,Positif
3 hari anak rawat sini layan baik semua ramah dan profesional terima kasih rumah sakit sinar beri purwokerto,Positif
rawat inap di sini sangat muas cepat penangananya awat ramah dan baik tempat nya nyaman dan bersih,Positif
sangat profesionaldan layan nya sangat bagusdokter perawat2dan layan yang lainorng nya sangat ramah,Positif
mau nanya kepada pihak rumah sakit ananda kalau dokter kodri spesialis anak praktek tiap hari apa saja ya,Netral
pelayananya bagus dari awat ramah tempat bersih rapi,Positif
layan rawat inap baik awat ramah terima kasih atas layan,Positif
dapat rujuk rawat jalan sini layan nya sangat kesan semua tugas ramah kalo tidak erti dijelasin dgn detail bahkan mau kemana2 dianterin kasih tau tempat misal ke lab atau ke poliklinik tunggu lama juga di konfirmasi terus awat nya pokok alam pertama obat sini kesan,Positif
ini kenapa humas marketing nya di whatsapp kok tidak balas ya padahal ada yang mau di tanya soall daftar dan nomer antri nya tolong donk di respon,Negatif
layan bagus ramah kamar bersih rapi dan penanganya sat set gx pake lama,Positif
berobt d rumah sakit sinar beri memuaskndoktr ny sangat ramah perawtny jgtrimksh sukss sllu,Positif
dokter ramahdetailperawat ramahthe bagus sing ora the bagus tukang parkir ahahah lagi rawat inap mtor bolak balik kluar masuk bayar melulu 1 hr ada kali 20rb lbh di tarik melulu udh ngmng kalau saya lagi rawat inap ttp saja tidak di denger,Positif
layan,Positif
dokternyaa sabar dan ramah sekali,Positif
sebenernya ini rumah sakit langgan saya dari saya kecil selalu bayar umum dan tidak ada masalah layan baik dan tangan dokter juga baik ramah bahkan kadang juga nawarin treatment untuk cepat sembuh sampai saya mau manfaat bpjs sehat ku untuk periksa bahu karena udh cukup ganggu saya pilih sinar beri ya karena alam dari dulu baik sekali jadi saya tidak takut di judge nyata putus yang salah haha dari awal saya daftar lewat jkn dan nyata harus pake finger mon maaf kampung karena gatau harus finger dan itu alam pertama rujuk pake bpjs sehat saya gatau finger yang daftar pake jari mana situ staf adm nya narik nafas panjang waktu saya jawab gatau pake jari mana baik dimaklumin karena mungkin udh sore dan dia udh lelah hadap banyak pasien habis dari situ suruh untuk langsung ke poliklinik sama adm sampai tengah nyata ada nurse stasion saya lewatin ya karena saya suruh naruh berkas langsung masuk di poliklinik situ saya diteriakin sama suster dengan nada sengak mau mana saya dh jawab suruh kepol langsung ini ke ortopedi dari aris situ dia masih nanya gatau tidak denger apa gmn tapi nada tinggi sekali sampai saya sendiri malu dan malas untuk jawab karena 3 kali nanya sampai ada suster lain yang bantu jawab mau ke orto dari aris trus dia jawab oh tensi dulu mba duduk dulu nanti panggil dengan nada suara yang sangat tinggi dan sengak trus panggil lah saya saya udh dekat tapi ada kakek kakek yang juga bingung dia motong jalan dan saya diem dulu karena mau beri waktu kakek beri berkas tapi si satu suster ini entah kenapa panggil nama kali kali padahal saya dh depan kek makan kamu kerja sambil ngeliatin sekitar coy jangan hanya ngadep komputer doang sudah itu tensi saya dateng juga udh agak telat tambah misskom di adm dan nurse station nyata dari belum dateng begitu dari dateng saya periksa tidak di pegang sama sekali hanya tanya kenapa dan liat hasil rontgen nya trus jawab ini normal sambil ketawa tanpa dijelasin hasil rontgen nya gmn dsb diagnosanya apa kena sendi kah otot kah saraf kah kalo bilang kenapa tidak inisiatif nanya pertama dari awal udh rasa di sepelein karena dari nya benar benar ketawa dan say it ini gapapa begitu saya tanya trus diagnosanya apa dok karena saya jga butuh untuk fisio mandiri si dari hanya jawab ya ini karena frozen shoulder jadi ya gimana pasien yang tidak cerdas dan tidak didik ini bisa tau sakit tanpa kasih liat hasil rontgen nya baca hasil dan lain - lain heran sekali si hanya karena move dari umum ke bpjs sehat saja gin layan wkwk gws lah sinar beri benar benar di ruang dari nya sampai ken bilang saya bayar umum saja lah dok at least saya dapat jawab dan tangan yang proper dripada diginiin dari awal sampai akhir biarin kata lebay tapi saya bayar bpjs sehat tiap bulan di usaha itu 93 rb dan kaya kepake taun sekali juga engga tapi pegang saja engga tunggu dari nya jam periksa tidak genep 5 menit,Negatif
custemer service di daftar cowok layan buruk sekali saya harus kontrol tgl 1 agustus daftar lewat jkn tidak bisa dengan terang dokter tidak ada jadwalsaya wa ke kontak center dengan keluh sebut di beri solusi jadwal kontrol maju tgl 30 juli di jkn sudah terang daftar dengan no 24 gilir ke mau daftar ke cs tidak bisa dengan alas sudah daftar tgl 1 saya tidak ada masalah dengan jadwal yang saya masalah si cs tidak bisa beri solusi dengan enteng jawab saya juga tidak tau tugas kalian bagai cs kan harus bisa dingin suasana bukan tambah emosi sayapaling tidak ada kata maaf saja sudah cukup ini sudah tidak ada solusi tambah emosi ya,Negatif
harus sesuai antri apa guna di jkn no 14 kalah sama nomor 18 proses lama di kira tidak ada kerja bolak balik ke rumah sakit hanya nambal gigi antri juga lama sekali mushola kaya toilet kecil pol,Negatif
tangan cepat karyawannya sopan,Positif
layan lama sekali suruh kontrol jam 1400 ini jam 16 lebih masih saja tunggu depan saya sudah masuk katane sebentar lagi beh lama pol,Negatif
dokter gigi ramah awat nya juga alat semua bersih tempat nyaman,Positif
rumah sakit paling tidak jelas bapak saya celaka dironsen bilang retak bagi punggung pihak keluarga suruh untuk segera ditanganin bilang alat tidak lengkap langsung bawa saja ke margono ya kita bingung transportasi lah minta pake ambulance tidak kasih kata ntar bayar jadi jatohnya mahal padahal berapa pun kita bakal bayar ada lagi darurat kayagitu suruh pindah ke margono tapi tidak dianterin tidak kasih rujuk juga sampai ke margono kata tidak kenapa aman malah di sinar beri bayar 400 rb tidak ada hasil tidak ada tangan apa apa ujung suruh pulang nyesel lari kesini,Negatif
jauh ini layan baik,Positif
daftar rawat jalan harus buka jam 0730 tugas datang jam 0745,Netral
rawat inap sini kelas 1 nya enakk kamar sendiri terus awat dan staffnya sangat ramah,Positif
usg sini tidak nyampe 5 menit selesai dari nya tidak jelasin apa2 kira kita sudah paham kali ya kait gambar2 usg sungguh benar sesal usg sini kata dapat file video tapi malah tidak dapat video nya agak syok si baru kali ini usg dapat dokter yang tidak komunikatif dan zonk sekali inisial dokter a moga segera baik lah cara layan usg nya yang mau usg pikir2 lagi lah mending cari rumah sakit atau dokter yang lain,Negatif
bagus layan ramah,Positif
layan bagus birokrasi tidak rumit awat ada yang ramah sekali tetapi ada beberapa yang jutek apa karena muka memang jutekminimal muka lihat ada senyum lalu untuk parkir masa tiap kali kita keluar masuk harus bayar parkir kalau bisa ada kartu parkir untuk yang rawat inap jadi tidak harus bolak balik bayar parkir karena kita pernah bilang nanti balik lagi tukang parkirny bilang gpp yang penting byr dlu nah apakah memang dari manajemen hendak sperti itu atau karena tukang parkir yang bikin atur sendiri moga bisa di benah hal2 kecil sperti itu supaya tidak rusak bagi besar qualitas layan yang sudah sangat bagus,Positif
layan bagus dan memuaskanberobat sini sembuh cocok banget,Positif
layan poliklinik paru sangat muas dokter dan awat sangat baik hati dokter sangat komunikatif,Positif
layan rumah sakit sinar beri sangat baik sekali semua staff dari daftar poliklinik sampai dengan farmasi semua ramah dan baik,Positif
nginap di rumah sakit ac kurang dingin suster ramah banget,Negatif
semu layan baik ramah dan nyaman,Positif
layan saat ini sudah baik dan muas tingkat terus kualitas layan moga semua pasien rasa puas dengan layan rumah sakit sinar beri,Positif
layan sangat muas dari daftar sampai ke periksa dokter dan awat sangat ramah sat set banget,Positif
layan bagus saya sudah daftarkontrol di mobile jkn tetapi telat untuk daftar offline tetap layan dengan baik dan ramah alhamdulillah awat yang tensi juga baik minta ulang cek tensi layan kontrol ke dari untung sps dokter halus baik jelas enak dengar moga saya lekas sembuh dan dokter sehat2 selalu,Positif
layan cepat dari administrasi dokter dan awat para karyawan nya pun sangat ramah dalam layan pasien serta dalam terang atau jelas sangat mudah erti moga makin sukses dan makin tingkat lagi dalam layan nya supaya makin bagus salam hangat dari pasien watini,Positif
layan bagusdokter juga ramah,Positif
untuk layan ramah bagus dan rekomendasi meski pakai bpjs sehat,Positif
layan dari mulai daftar sampai bayar sudah bagus alangkah lebih nyaman jika ruang tunggu ke dokter spesialis lebih lega,Positif
untuk layan di rawat inap nya baik sekali dokter nya ramah dan jelas cara detail untuk awat juga baik dan ramah suasana nya pun nyaman dan tenang cocok sekali untuk pasien yang butuh banyak istirahat untuk ruang pun nyaman karena selalu di update untuk makan dan bersih seluruh rumah sakit sangat jaga dan higienis untuk rawat jalan sudah jauh lebih baik dari belum yang mana tidak ada tumpu pasien seperti belum,Positif
terima kasih rumah sakit sinar beri purwokerto dokterperawat semua staff ramah sangat bantu untuk sembuh anak saya layan baiktempat nyaman,Positif
layan cepat dan fasilitas lengkap,Positif
layan sangat muas dan tugas awat dan dokter semua baik,Positif
rumah sakit sinar beri layan baik sekali dokter ramah awat juga baik proses administrasi cepat jadi tidak bikin rumit tempat nyaman dan bikin tenang rekomendasi sekali untuk yang butuh awat,Positif
kereen,Positif
tangan cepatdokter dan suster gercep baik pokok,Positif
helm hilang di parkir,Negatif
salah satu rumah sakit di purwokerto yang layan cukup muas dan tempantnya lumayan nyamanrekomended dech,Positif
unjung rumah sakit ini untuk perlu tanya praktek dokter i made sayang nya saat dengan cuti beliau pulang ke bal jadi harus tunggu awal tahun karena beliau dokter pribadi ibu orang tua pasang,Positif
terima beri rumah sakit umum sinar beri atas layan lama ini moga tambah sukses depan,Positif
kecewa sekali sistem buruk first in first serve tidak laku sudah dateng agak sore karena nomor daftar agak tua yang nomor daftar muda datang malah lebih sore tapi layan duluan tidak harga orang yang datang di waktu yang lebih saat tidak kaya di rumah sakit lain yang lebih bagus ya harga nggawa rupa si memang,Negatif
layan yang sangat baik dan ramah terima kasih,Positif
layan mudah dan cepat tugas ramah dan beri arah cara jelas terima beri moga layan yang baik dapat tahan,Positif
baik dalam layan,Positif
bagus si layan sangat ramah dokter pun ramah engga sombong alam saya si bersih juga bersih engga bau,Positif
pertama kaliny cabut gigi di rumah sakit umum sinar beri dengan drgcindy juwitanyaman skliramahpelayanan baik,Positif
pagi2 jam 7an antar ibu ke ugd karena kondisi sudah lemas muntah2 terus vertigo posisi saya nyetir bawa anak kecil umur 3th dan ibu kondisi sakit depan pintu ugd ada awat lakilaki 2 org sedang duduk manis ngobrol terus tanpa duli pasien patut ya tanya apa yang bisa bantu atau beri kursi roda kek atau minimal diri saja tidak usah bantu ngomong apa2 hanya tunjuk rasa empati sama manusia jadi saya telah nyetir langsung turun buka mobil dan papah ibu saya masuk ke ugd sampai tempat tidur tanpa bantu mereka dua yang sedang asik ngobrol depan kenapa saya tau 2 orang tsb awat karena salah satu yang sunti obat telah ibu saya tidur di ugd untuk jadi ajar banget ketika kasus urgent seperti ini tidak akan saya kinja kaki di sinarkasih lagi kenapa awal saya putus untuk ke sinar beri karena hari tsb saat sekali dengan jadwal praktek dokter untung gunarso benar di jih juga ada jadwal dokter untung tapi tidak hari tsb saya kesini hanya karena kejar jadwal praktek dokter untung bukan karena spesial sinar beri yang bayar pribadi saja sepele gmn yang bpjs sehat masuk ugd padahal lama ini saya nilai baik sinarkasih karena lama obat jalan dan beberapa kali akupuntur layan bagus tapi kali ini benar2 kecewa karena hal urgent tapi di sepele,Negatif
layan baikramahkomunikatifterbaik,Positif
manajemen baik,Positif
terima kasih rumah sakit umum sinar beri layan nya ramah dan cepat mulai dari daftar awat dokter sampai bagi farmasi rawat inap sini juga sangat di utama pasien laku tindak lebih dahulu dan bantu untuk admnya layan bpjs sehat dan non bpjs sehat juga tidak di beda sangat baik,Positif
layan sangat baik dokter ramah begitu awat layan pasien gercap juga tidak antri,Positif
operasi abses sini cepat lancar dan awat lanjut rumah,Positif
rumah sakit sinar beri layan saya dengan baik mulai dari awat dan dokter tetapi biaya obat di rumah sakit ini turut saya agak mahal moga bisa ke depan bisa lebih murah,Positif
layan yang ramah dan juga bersih ruang tunggu yang nyaman,Positif
layan staff administrasi rawat jalan sudah bagus beberapa kali orang tua opname di sini layan juga baik hanya kecewa dgn layan dari dari patogu cerita orang tua obat ke dokter umum lalu suruh ke sp dalam karena sudah 2x ke dari umum belum ada ubah dan saat itu ada dari patogu saat sesi konsultasi ibu saya mau jelas dari awal kondisi malah potong oleh dokter dan suruh bilang saja skrng gimana keluh kesan yang beri sangat tidak senang dan tidak ramah dari keluh yang sampai juga tidak dapat solusi atau jelas yang baik dan jelas mohon untuk bisa jadi perhati terima beri,Negatif
layan gercep utama di instalasi gawat darurat langsung ditanganin awat atau dokterwalau dateng jam 12 malam tetapi msih prioritas good job,Positif
rekomenn untuk dranak ya gaes drnya baik ramah sll cari solusi untuk ksembuhan anak awat juga sangat ramah pada anak kecil sehat2 semua,Positif
layan baik dan muas,Positif
rumah sakit sinar beri layan bagusperawat ramahdokter penangananya sat set,Positif
ke sini untuk obat anak sama dari jaya layan dari jaya bagus lah hanya mungkin karena banyak langgananya jadi untuk waktu konsul 1 pasien lama bangetsaya dateng jam 9 ngurus administrasi masuk terus selesai obat jam 12 padahal antri no 4 di depan terus saat ke dari nya malah jadi antri no 5 tidak tau gimana bisa kaya gitu tolong lebih di perhati lagi untuk antri pasien saat saya tanya ko jadi no 5 kata sesuai datang pada dari no1 ke 4 saya liat orangorangnya antre bareng saya yang no5 dateng telah saya malah yang no 5 di dahulu kata awat tadi ijin makan siang dulu padahal di daftar saya liat datang telah saya dan ikut antre di daftar terus yang perlu di baik untuk layan satpam lebih ramah lagi senyumsapasalam lebih di tingkat lagi,Negatif
proses ugd samapai pindah ruang awat tidak perlu waktu lama awat ramah cekat dan paham butuh pasien dokter ramah dan komunikatif cleaning service catering ramah dan sopan,Positif
parah sekali perihal tidak bayar parkir sekali karena keluar beli barang bentar saja dan langsung balik lagi tidak lama saat lagi jaga pasien malah bilang dari kemaren gapernah bayar parkir kata sampai di cek cctv padahal inget jelas kalo tiap keluar rumah sakit langsung bayar parkir astaga,Negatif
awat ramah ramah dan murah senyum terima beri telah layan dengan baik satu lagi dokter juga ramah dan komunikatif,Positif
layan ramah baik bersih nyaman sekali sukses selalu untuk rumah sakit sinar beri,Positif
alhamdulillah muas awat sama dokter gesit,Positif
kemarin habis dari sini layan sangat ramah mulai dari layan saat daftar trus nurse yang ngarahin harus mana mana dokter layan sangat baik markotop terima kasih rumah sakit umum sinar beri pwt,Positif
layan ramah jos,Positif
layan nya cepat suster nya baik dan ramah ramahdokternya datang tepat waktu dan sigap dalam tangan pasien,Positif
layan baik dokterperawat staf lai sangat ramah,Positif
fasilitas dan layan bagus tapi untuk bapak bapak kaca mata yang tugas di loket daftar kurang sopan dalam beri informasi jadi singkat ingin daftar tetapi internet sedang eror harus beri informasi dengan lebih sopan saya belum sampai ke loket untuk daftar bapak bapak sebut langsung minta untuk antre dan bilang internet eror dengan nada kasar alangkah baik lebih sopan untuk fasilitas dan bagai sudah bagus alangkah lebih baik untuk lebih sopan,Negatif
terima kasih atas layan ibu saya di ruang kresna,Netral
jujur saya lebih suka rumah sakit swasta banding dengan rumah sakit perintah untuk layan saya rekomendasi rumah sakit sinar beri masuk dalam layan baik juli 2023 2x anak saya rawat inap dan beberapa kali rawat jalan selalu baik kesan sept 2023 saya sendiri 1x rawat inap stlh ops juga layan sangat baik untuk dokter suster satpam ob ahli gizi semua pegawai ramahramah dan sangat erti butuh pasien saran saya hanya 1 baik untuk air dari tangki mungkin keluar dari kran itu kok sering kotor dan ada cacing kecil jadi saya harus bolak balik kuras dan kadang seperti bau karat smg depan lebih baik terima beri rumah sakit sinar beri sukses dan moga sll ada continuous improvement selalu beri service excellence dalam layan pasien,Positif
kurang informasi kait tarif parkir dan system parkir yang masih manual untuk mobil dan motor saran saya guna sistem parkir bayar bas mesin agar parkir lebih efisien dan kontrol,Negatif
chat daftar pasien untuk obat jarang balas kalo bales jutek sekali mohon baik komunikasi karena rumah sakit masuk di sektor layan,Negatif
terima kasih rumah sakit sinar beri sudah rawat anak saya dengan layan yang baik dan ramah,Positif
alam saya lama anak saya rawat inap disinipelayanan cukup memuaskandokterperawat staf lain juga ramahperawat juga gercepngga salah saya pilih rumah sakit ini untuk rawat anak saya,Positif
layan semua karyawan dan dokter yang jadi pasien akan kluwarga sendiri itu yang bikin saya dan moga akan selalu seperti itu,Positif
ac kamar pasien kurang dingin seperti perlu service layan baik sekali,Positif
layan di rumah sakit sinar beri sangat baik semua tugas dan dokter ramahtidak ada beda layan antara pasien bpjs sehat dengan umum anak saya sedang jalan pengobatandokter spesialis anak sangat maksimal dalam pantau kembang kondisi pasien terima kasih rumah sakit sinar beri,Positif
salah satu rumah sakit dengan layan yang sangat baik dari segi administrasi maupun tenaga medis semua gercep saat saya tulis ulas ini anak saya dalam awat di rumah sakit untuk dua kali pasca operasi usus buntu moga para dokter dan awat beri mudah untuk sembuh anak saya cara tuntas terima beri moga rumah sakit sinar beri makin maju dan kualitas dalam bantu masyarakat excellent service,Positif
alhamdulillah rumah sakit sinar beri purwokerto tetap tahan layan prima dari dulu hingga saat ini sukses selalu untuk rumah sakit sinar beri purwokerto,Positif
layan baik tugas ramah fasilitas cukup baik,Positif
lumayan pelayananya,Positif
obat nya manjur sekali ana minum obat lngsung minta main hanya waktu itu tunggu dokter lama bangettapi baik untuk konsultasi juga moga makin sukses terus,Positif
sangat baik ramah,Positif
layan hadap pasien cepat dan awat ramah terima beri,Positif
selalu puas obat di rumah sakit sinar beri layan cepat administrasi tidak belit awat dan karyawan ramah dokter juga kompeten semua,Positif
alam saya karena anak saya d rawat d rumah sakit sinar beri layan ramah walaupun saya guna kis dan d klas 3 tapi para dokter dan karyawan semua ramah untuk saran yang ruang kelas 3 terlalu panas saya maklum mungkin karena d kelas 3 tapi nyaman jadi faktor penting pasien bagi nurse station rawat inap baik si awat ramah trus cekat hanya kalo ngobrol sama ketawa terlalu keras tetapi gpp lah awat juga butuh ngobrol dan canda biar tidak sepaneng ya kan sus dokter anak beh bagus bagus jelasin k satu pasien benar jelas dan lengkap simpul saya rekomendasi rumah sakit sinar beri karena layan mereka sungguh sangat ramah dan tidak terlalu banyak mahasiswa yang praktek sekian terima kasih,Positif
layan awat administrasi bagus hanya bintang 1 untuk satpam suruh agak sopan lagi,Negatif
bangun dan layan sekarang sudah sangat bagus,Positif
layan ramah walaupun teman saya di opname di kelas 3 dan guna kis para awat dokter dan karyawan sana ramah lalu untuk bersih juga bagus saran saya hanya satu untuk ruang kelas 3 cukup panas ya saya maklum karena hanya kelas 3 tapi nyaman jadi faktor penting bagi pasien musholanya ada saya hanya saran beri satu lemari kecil saja untuk wadah sarung sekian terima kasih,Positif
rumah sakit sangat nyaman layan cepatpara dokter dan awat sangat ramah,Positif
layan nya bagus,Positif
layan daftar online mulai bulan maret ini sudah baik dokter spesialis sakit dalam yang sangat ramah dalam layan pasien disuport oleh tim paramedis yang handal bisa lebih tingkat dengan ramah dan senyum yang tulus agar pasien juga bisa lebih rileks tunggu antri meski pasien dengan layan bpjs sehat bersih rumah sakit sangat baik dan koordinasi antar layan solid suka dengan peduli yang cukup maksimal,Positif
bagus hanya tukang parkir minta 2000 kalo bolak balik ya tekor,Positif
terima kasih bu dokter gigi cindy ramah dan sabar sekali dengan anak kecil,Positif
sangat muas mungkin harus ada benah di bagi parkir kendara saja khusus untuk tunggu pasien rawat inap biar tidak bolak balik bayar parkir,Positif
layan ramah dan mudah di jangkau,Positif
tugas daftar nya ramah bantu dalam aplikasi pertama serta finger untuk daftar di poliklinik ramah untuk tanya keluh pasiennyadr made juga ramah jelas panjang lebar kepada pasien dengan jelas untuk rujuk balik tugas antar sampai ke loby rumah sakit istimewa dan layan apoteker nya cepat,Positif
tempat bersihpelayanan cepat dokter dan awat sangat ramah terus tahan,Positif
alam saya rawat inap anak bulan januari 2024 kemarin sangat muas dan tidak kecewa mungkin jika ada review negatif itu ada yang sudah lama kalau untuk sekarang sudah banyak benah yang aga kurang sreg itu sistem parkir masih kurang canggih karena bayar manual tanpa tiket dan kalo keluar selalu harus bayar lagi jadi kalau hari 5x keluar bisa 10rb sndr untuk parkir tetapi gpp sii yang penting parkir nya aman dan jok motor tutup terpal oya area yang ada atap nya kurangluas mohon luas biar motor dan helm tidak hujan awal pintu masuk satpam dengan ramah sapa dan tanya tuju serta bantu bagi antri administrasi juga ramah dan tidak terlalu lama kok next ke bagi suster poliklinik juga ramah banget walaupun crowded suasana tunggu pol anak lumayan lama karena dokter bagus jelasin ke satu pasien sungguh benar jelas dan lengkap jadi ya maklum saja urus rawat inap juga sangat mudah dan cepat untuk anak banyak suster yang bantu dan arah tentu dengan ramah yang poll bagi cek darah agak terburu2 org2nya mau satset tetapi kan nama anak kecil harus bujuk dan diomongin pelan2 dulu bagi radiologi ramah dan sabar mau interaksi sama anak jadi anak tidak takut dan nang bagi nurse station rawat inap fine fine saja lah ramah cekat kalau ada lapor infus habis dsb hanya memang benar sihh kata review yang lain kalau suka ngobrol dan kadang terlalu keras tetapi tidak papa lah kan suster juga butuh ngobrol dan canda biar tidak spanneng overall untuk fasilitas memang belum terlalu lengkap dan sarana prasarana seperti gedung dan ruang memang sudah umur tetapi bersih kok dan nyaman2 saja simpul saya rekomendasi rumah sakit sinar beri karena layan mereka sungguh sangat ramah dan sana tidak terlalu banyak mahasiswa praktek suster nya udh yang umur jadi jelas profesional dalam tangan tidak kaya rumah sakit yang itu yang isi mhs praktek,Positif
layan ramah layan cepat dan muas terima beri rumah sakit sinar beri masih jadi yang baik dari saya kecil smpe sekarang sukses terus rumah sakit sinar beri,Positif
ramah dan bersih tempatnyaharga terjangkaudokternya baik dan ramah utama dokter anakrecommended,Positif
layan baik ramah dan tiap ruang nya bersih,Positif
layan dari daftar perawatdokter kasirapotek muas tangan oleh dokter yang muda profesional moga makin maju dan kembang untuk depan,Positif
layan gercep,Positif
layan sangat baikcepat dan muas terima kasih,Positif
bersih rapi,Positif
layan cepat nyaman ramah parkir juga luas terima kasih,Positif
rumah sakit sedang yang cukup kompetenlayanan baik parkir luas,Positif
ruang ada ac televisi tabung set sangat baik box tidak bisa nyala dan tonton layan sehat sangat sopan santun dan ramah untuk rawat orang sakit lama inap sini dan mungkin bisa sembuh dari sakit sampai pulang ke rumah,Positif
layan cepattempat bersihperawat dan dokter ramahterus tahan,Positif
dokter nya hebat pnjelasan detail ank2 jadi g takut lagi kalau ktmu dokter,Positif
ke igdnya dokter sama kasir ramah cepet juga nanganinnya,Positif
kamar kls 1 ac nya tidak dingin berisik dokter asal periksa mau keluar tunggu admin mau byr lama sekali sampai saya bentak kasir banyak nyamuk meski saya kristen saya ragu untuk ke sana lagi meski pake umum tapi lanjur kecewa,Negatif
maaf satpam tidak ramah ibu saya dimarah2 apalagi saat tau pasien bpjs sehat tambah remeh,Negatif
all layan bagus awat ramah ramah hanya sangat di sayang bel di ruang untuk panggil awat mati dari awal masuk smpe pulang bel ttep tidak di betul,Positif
rumah sakit swasta baik sie turut sya layan sat set dokterperawat sangat ramah semua obat rawat inap selalu sini,Positif
agak kecewa orang tua saya dapat kamar yang tirai tidak tutup rapat padahal butuh guna pispot untuk buang air apa harus gin sekali ya,Negatif
tempat betsih ramah pelaayanannya,Negatif
layan bagus bangett,Positif
telah renovasi jadi lebih baik salah satu rumah sakit swasta yang bagus dan tarif yang jangkau,Positif
murah dan ramahtidak antre,Positif
layan cepat tidak perlu jam jam selesai layan,Positif
rumah sakit tidak terlalu besar tapi bersih tugas sangat ramah layan bagus sangat manusiawi dan ramah untuk pasien bpjs sehat baik untuk rawat inap maupun rawat jalan recomended,Positif
layan kurang,Negatif
layan cepat dan bagus,Positif
glne biyunge,Positif
layan ramah terima beri,Positif
rumah sakit andal keluarga utama saat ada darurat seperti beberapa hari yang lalu layan dan fasilitas nya muas terima kasih rumah sakit umum sinar beri purwokerto cw,Positif
layan nya sangat baik muas,Positif
layan muas drdan awat sangat ramah lanjut,Positif
respon cepat terima kasih rumah sakit umum sinar beri,Positif
kemarin saya ngantar ibu saya kontrol dokter madeobat nya habis suruh ambil besok nya tanya an ku kenapa ambil obat saja yang sakit harus ikut saya datang ke situ sore2 mau ambil obat sama ibu ujan2 jauh2 dari baturraden sampai situ tidak di beri kata harus sama dokter madedokter made nya tidak ada ahir nya pulang jauh2 ujan2,Negatif
layan baik dokter dan awat sangat ramah guna bahasa nya sangat sopan dan halus krama inggil tempat nya juga bersih,Positif
layan sangat bagus dan ramah suka sekali,Positif
layan ramah poolthanks untuk dokterperawat dan sfat sinar kasihgbu,Positif
terima beri untuk pelayananya,Positif
layan baik dan ramah cepat dan cekat dalam tangan pasien,Positif
layan baikdoktersama awat baik dan sangat ramah,Positif
terima kasih rumah sakit umum sinar beri dengan layan yang muas moga selalu sukses dan beri layan yang baik,Positif
layan prima dokter awat staff semua ramah pasien bpjs sehat atau umum semua layan dgn hati,Positif
layan baikcekatan dalam tangan pasien,Positif
nang sangat baik semua ramah moga selalu jaga,Positif
layan cepat dan ramah rumah sakit yang rapi dan bersih sudah berkali2 anak saya periksa di rumah sakit ini,Positif
baru pertama ke rumah sakit umum sinar beri purwokerto palayanan baik ramah tempat nyaman dokter dan awat juga ramah dan baik,Positif
layan dengan beri,Positif
rumah sakit bagus dan ramah semua,Positif
nang pasien dengan siap baik dari security lanjut tugas nakes sangat istimewa,Positif
layan ramah sigap cepat mulai dari depan security awat sampai dokter terima beri banyak rumah sakit sinar beri purwokerto,Positif
terima kasih untuk rumah sakit umum sinar beri untuk layan dari dokter awat dan krywn bersih sangat ramah dan baik respon cepat dan tempat bersih serta nyaman moga sellu beri layan baik untuk pasien,Positif
layan cepat tanggap dan ramah ramah tugas dan dokter,Positif
cepat tanggap,Positif
bagus experience layan di sinar beri lanjut,Positif
tulus layan layan baik,Positif
saya suka obat di rumah sakit umum sinar beri awat dan dokter nya sopan dan sabar,Positif
terima kasih untuk rumah sakit umum sinar beri pwt karena telah beri layan baik kepada guna bpjs sehat pbi seperti saya moga rumah sakit umum sinar beri pwt tetap beri layan baik dan selalu beri senyum yang ramah dan hangat kepada pasien moga makin sukses rumah sakit umum sinar beri pwt,Positif
layan sangat bagus dokter ramah ramah pokok maksimal layan,Positif
layan di instalasi gawat darurat cukup baikpengalaman di kls 3 dengan kls 2 knp lbh di perhati yang kls 3di kls 2 untuk ktmu dokter saja susahpemeriksaan kurang teraturtolong di tingkat lguntuk awat ramah,Negatif
layan ramah2dokternya juga goodwlpn kita pake bpjs sehat tetapi tidak membedakancuma ruang tunggu poliklinik saja yang kurang lebar,Positif
layan ramah baik gercep tapi ruang inap kurang bagus,Positif
layan yang sangat baik dokter2 yang sedia juga baik smua staf ramah dalam negeri layan sepenuh hati biaya obat sangat jangkau dalam negeri wajar yang jelas gk bikin tambah sakit lagi makkum gk pake bpjs sehat smg terus improve untuk baik semua,Positif
layan bagus tempat bersih awat ramah dokter ramah dan komunikatif,Positif
cepat tanggap n ramah depan lebih ditinggatkan lagi jadi lebih baik dan sukses terima kasih,Positif
sesuai dengan motto nya layan dengan sepenuh hati tidak membeda2kan pasien semua layan dengan baik,Positif
rumah sakit yang sangat baik cepat dalam pelayananprosedur yang mudah dan yang pasti semua pegawai sangat ramah,Positif
selalu layan dgn sepenuh hati ya pak dokter anak saya selalu cocok obat di rumah sakit sinar beri smg selalu tingkat kualitas rumah sakit demi nyaman para pasien sukses selalu rumah sakit sinar beri,Positif
kontrol tiap bulan sini dokter super baik dan ramah sahabat banget dengan pasien layan juga baik,Positif
layan baik awat dan dokter ramahterus tingkat kualitas layan rumah sakit sinar beri,Positif
hallo mau tanya untuk daftar apakah bisa online untuk usg syarat pakai bpjs sehat apa saja ya,Netral
layan dan sikap ramah selalu tingkat hal sebut karena pengaruh dengan tingkat sembuh pasiengbu,Positif
layan di poliklinik sakit dalam dokter dan awat ramah dan fast respon,Positif
tempat bersih dan rapi layan ramah dan cepat,Positif
moga layan makin lebih baik dengan penuh beri,Positif
pada tanggal 2712023 saya jalan kuretdr ibnubidan retno dan bidan lain layan ramah ramahbahasanya alus dan tenang matur nuwun sanget kagem doyo mawon njihtetap jaga kualitas dan pelayanansemoga sukses selalu,Positif
kak apa ada nomor wa untuk langgan service,Netral
alhamdulillah untuk klg kami dari anak cucu kami telah rasa nyaman ats pelayann dari rumah sakit sinar beri sangat ramah suster juga dari nya smg rumah sakit sinar beri akan jadi rumah sakit unggul di bms,Positif
layan nya bagus dari satpam sampai dokter ramahrumah sakit nya bersih,Positif
awat ramah,Positif
terima kasih untuk layan di rumah sakit umum amanah dokter dan awat ramah instalasi gawat darurat nya juga bersih dan nyaman satpam dan cleaning service nya juga sopan moga tetap amanah,Positif
pegawai ramah dan bertanggungjawab,Positif
layan sudah jamin beri baik untuk layan,Positif
rumah sakit the bagus pelayanannyaa,Positif
untuk layan bagus dokter nya juga baik ramah,Positif
perawatya ramah,Positif
terima kasih sudah bantu salin anak ke dua kami dari iqbal yang sabar kooperatif saat di tanya tanya awat cewe ruang operasi ngelawak terus yang awal saya takut untuk sc sampai tensi 140an saat masuk ruang operasi nyata di ajak ngelucu terus tidak ada takut takut sc sama mereka karena hibur moga mereka ngelucu ke semua pasien yang akan di operasi agar rasa takut bisa di ganti dengan rasa hibur moga rumah sakit amanah makin maju,Positif
alhamdulillah istri saya lahir di rumah sakit ini layan sangat muas bidandokter awat bayi ramah layan muas dapat gratis foto newborn jgsemoga depan rumah sakit umum pku muhammadiyah amanah sumpiuh makin maju,Positif
alhamdulillah pku muhammadiyah punya rumah sakit umum yang representatifmohon tingkat lagi fasilitassekarang sudah ada atm bsimungkin nanti kalo mungkin buka bsi cabangagar saya tidak usah ke sokaraja untuk buka rekeningsaya ingin usul agar tugas lebih gercep responsif minimal seperti kerja rumah sakit umum siaga banyumasdemikian usul dan saran untuk maju kita sama sebab banyak harap warga masyarakat hadap ada rumah sakit inimaaf belum sempat unggah foto dan video,Positif
alhamdulilah layan sangat muas kinerjana sangat kooperatif,Positif
hari ini saya medical check up di rumah sakit pku amanah tugas baik dan sangat ramah alur layan jelas tugas lab nya juga baik saya tunggu hasil laborat tidak lama sudah jadi,Positif
alhamdulillah bagus sangat baik smg lebih manfaat untuk warga sekitar,Positif
alam sampai saat ini muas turut saya pribadi,Positif
sangat muas layan gercep bagus banget,Positif
hampir nyawa orang tua saya layang sini sangat kecewa dgn layan nya cuci darah salah arah gagal buat buluh darah kaki bapak saya pecah mana tanggung jawab kalian olah kalian tidak mau aku salah untung saja di rujuk ke rsud banyumas bisa baik walaupun cuci darah 2x kalau bukan dokter spesialist tolong nyawa orang jangan untuk main nama rumah sakit amanah sudah kenal buruk di desa kami layan yang kurang baik beri obat pun tidak punya atur selang beberapa menit di beri terus untung saja di cermat obat belum di minum sudah mau di suntik lgi awat di beri tau pura2 lupa kalo kaya gin mending backlist saja rumah sakit ini tidak layak sembuh orang malah tambah parah bahkan nyawa hilang,Negatif
nyaman moga rumah sakit umum amanah sumpiuh makin maju,Positif
awat dan dokter ramah layan bagus sekali,Positif
layan bagus saya puas lama rawat disinisemua awat dokter baik tolong jaga nyaman ini yah,Positif
alam lairan di sini cukup muas dokter bidan dan awat bayi ramah dan cekat ruang juga bersih selain itu dapat layan bpjs sehat bayi foto bayi dan akta gratis terima kasih amanah,Positif
layan nya sangat ramah ite the bagus,Positif
rumah sakit kecil yang kembang drastis makin lengkap layan serta sarana prasarana,Positif
saya yang tadi konsul di gebyar tambak layan sangat baik dan sangat bantu terima kasih,Positif
layan sangat ramah baik dan sopann,Positif
bagus,Positif
layang sangat baik suster dan dokter ramah dan jelas dalam terang ke pasien tempat juga bagus kamar bersih,Positif
layan dari awal nasuk sampai pulang layan yang baik dab sangat ramah,Positif
di rumah sakit amanah palayananbaik cepat tangan,Positif
layan di rumah sakit amanah baik,Positif
untuk obat di rumah sakit khusus mata purwokerto datang belum jam 0700 wib supaya dapat nomor antri kecil sehingga dapat layan lebih awal rsk mata loket daftar buka jam 0705 wib untuk rawat jalan telah periksa dari kemudian tunggu panggil obat selesai,Netral
ramaah dan baik layan,Positif
layan di rumah sakit amanah sumpiuh bagus dan muas,Positif
layan muas ruang nyaman,Positif
masya allah layan sangat sempurnaa ramah dokter baik,Positif
sangat baik sekali ini rumah sakit nya satpam dan tugas daftar ramah layan awat dan dokter baik makan enak cleaning service bersihin kamar kita dua kali hari alam operasi sini tidak kecewa layan cepat operasi hemoroid dengan teknologi laser adalah pilih baik tanpa darah tanpa rasa nyeri langsung bisa duduk jalan dan bab,Positif
alhamdulillah selalu beri layan yang baik awat dokter sangat sabar dan ramah,Positif
minggu yang lalu anak saya di rawat di ruang vip shafa layan memuaskanproses dari baru masuk ruang instalasi gawat darurat sampai pulang layan dengan baik kamar dengan fasilitas lengkap awat yang baik ramah dan sat set,Positif
operasi mata katarak sembuh total hasil saya bisa lihat kembali terima beri dokter spesialis mata,Positif
layan cukup muas dokter beri informasi dengan jelas,Positif
layan muas dokter baik awat dan tenaga sehat lain ramah,Positif
bulan kemarin rawat inap 4h3m krm pneumoniaruangan shafa kls 1 sangat nyaman luas karena isi 1 pasien layan awat bagus gercep walau saya panggil jam stgh 3 pagi tetapi tidak lama lgsg datang untuk benerin infus yang lepas karena memang saat tidur gera anak tidak kontrol pdhal sudah bain begadang ttp sj colong maaf terima kasih y,Positif
layan bagusbisa request tempat untuk satu keluarga di jadi satu ruangankebersihan di utama,Positif
masya allah sungguh benar nyaman dapat awat rawat inap di rumah sakit amanah sumpiuh dokter spesialis ramah dan awat semua sangat ramah ruang bagus nyaman baik pokok view pandang bagus jadi tidak bosan di ruang dalam masa pulih maju selalu amanah sumpiuh jadi yang baik selalu ya asa staycation di hotel bintang 5,Positif
dulu saya pernah lahir di amanah awat ramah dokter ramah fast respon fasilitas baik jadi saya rekom kan ke keluarga kalau ada yang sakit betul anak saya sakit juga rawat di amanh good job pokokmen depan moga rumah sakit umum pku muh makin amanah dan makin jaya terima kasih rumah sakit umum pku muh amanah sumpyuh,Positif
tolong lift diperbaruii masa tunggu mau naik saja stgh jam sendiri,Negatif
tadi saya beri bintang 5 tapi nyata layan di ruang kurang ada salah fatal jadi sama saya awat ruang salah beri jenis cair infus yang tidak anjur dari dpjp sampai saya konfirmasi langsung kepala dpjp nyata murni salah awat padahal nakes ada kode etik yang harus patuh dan paham pasti obatterapi sesuai anjur dokter dan tepat moga layan depan lebih baik lagi,Negatif
alhamdulillah layan baik sekali terima beri,Positif
cepat tanggap ramah,Positif
terima kasih untuk layan sahabat amanah lama saya sakit telah di rawat dengan baik sampai bisa pulang hari ini terima kasih semua moga depan rumah sakit umum pku muhamadiyah amanah sumpiuh makin maju aminn,Positif
layan cepat dan ramah bersih jaga,Positif
ruang bagus ac dingin dan layan baik,Positif
alhamdulillah alam saya lama rawat jalan dan rawat inap di rumah sakit pku amanah sumpiuh sangat bagus awat dan dokter sangat ramah tanggap darurat untuk pelayananpelayanan bpjs sehat nya pun terima tidak beda pasien bpjs sehat maupun umumrecommended sekali untuk obat kesini pastinyatetap tahan layan untuk rumah sakit pku amanah sumpiuh jangan ragu untuk obat kesini ya,Positif
rumah sakit umum pku muhamadiyah amanah sumpiuh dokter bagus percaya layan juga bagus,Positif
layan kurang sekali jadwal jam 7 kontrol tetapi tugas belum ada yang datang sama sekali,Negatif
di dalam proses sembuh pasien ada doa pasien dan keluarga pasien yang baik juga untuk semua tugas yang kerja dari dokter awat tugas farmasi tugas bersih tugas gizi satpam jadi komunikasi yang baik dan santun untuk jembatan hal itu komunikasi yang sama hak antara kelas vip kelas 1 kelas 2 kelas 3 makin maju rumah sakit amanah aamiin,Negatif
layan bagus professional walaupun hanya operasi ringan tapi tetep dilayanin dengan sepenuh hati kaya pasien pada umum,Positif
layan sangat ramah,Positif
walau rumah sakit di desa tapi turut saya sangat recomended untuk layan staff admin dokter awat semua ramah informatif helpfull poliklinik nya bersih nyaman,Positif
layan ramah dokter juga baik,Positif
sangat baik,Positif
dokter tidak sesuai jadwal mulur lama,Negatif
di rumah sakit umum pku muhammadiyah amanah sumpiuh milik layan yang baik fasilitas yang pada serta tenaga sehat yang ramah,Positif
layan dan fasilitas sangat baik dulu bapak mondok sini dari ruang tugas dan fasilitas layan dengan sangat baik moga makin bagus dan makin sukse,Positif
nemenin keluarga obat semua aman dan nyaman sampai saat ketemu awat untuk tanya2 eh tidak ramah sama sekali pada sibuk ngobrol jadi saat awat tanya susah dengar kecil bet suara atau mungkin salah dengar saya saja hm moga bisa lebih baik lagi layan padahal tempat baik bangett,Negatif
lama di rawat layan bagus tempat bersihramah tamah terima kasih banyak untuk semua,Positif
tempat nyaman layan nya juga baik moga depan makin sukses,Positif
kamar di gedung baru bersih nyaman layan alhamdulillah baik muas dokter spesialis juga mau jelas dengan baik smg amanah makin maju aamiin,Positif
alhamdulillah pelayananya muas terimakasi untuk dokter dan awat sudah bantu awat kami,Positif
layan baik daftar cepat terima kasih,Positif
sangat baik betul layan,Positif
layan ramah sekali dan cepat,Positif
pelayanyan sangat baik,Positif
rumah sakit bersih dan layan ramah,Positif
pelayananya baik gesit tugas ramah ramah sus di ruang marwah,Positif
alhmdulillahkemarin salin di rumah sakit amanah sumpyuh sungguh benar di layan dengan sangat baik semua staff dan pegawai sangat ramah saya operasi tapi asa lagi denger dagel hahaa karena dokter dan awat nya nglawak terus so jadi kurang banget rasa sudah dig dug derr sukses selalu untuk rumah sakit umum amanah sumpyuh,Positif
tolong lah ac ruang cuci darah ditambahin dibenerin yang hormat wahay management rumah sakit mohon perhati rating hapus kalo sudah tambah ac terima kasih,Negatif
layan bagus saat usg dokter jelas dengan jelas dan ramah,Positif
tiga bulan lalu lahir normal sidi damping bidan yang ramah dan sabar dari buka satu sampai lengkapdokter spog nya juga sangat ramahdan komunikatifakhir bulan lalu rawat lagi sini dan selalu puas dengan layan sana mulai dari awat dan dokternyaruangannya juga bersihtapi sayang ketika datang ke poliklinik pagi dokter kurang on time dan ketika datang kesana pernah tanya ke security lantai 2 tapi sangat sayang securitynya kurang ramah dan sombong,Positif
apakah sini bisa bersih karang gigi,Netral
beberapa tahun lalu pernah periksa di poliklinik gigi untuk bersih karang gigi scalingsetelah tunggu tidak sampai tengah jam periksa dokter gigi dan proses scaling gigi atas bawah langsung cepatdokter gigi wanita profesional jalan tugasnyapada saat bayar administrasi rsuangvsaya kurang sebab hanya bawa 200kternyata kurang 65 tapi kasir rumah sakit salah bacasebab angka 5 dan 6 miripia tidak baca kuitansi yang pake tulisanpertama kali bicara kurang 55 jadi saya bawa uang pas60 nyata tulis yang tera enam puluh limasebab salah pada kasir jadi ia ngalah saya boleh bayar kurang hanya 60,Positif
rumah sakit bagus tapi sayang sistem cek up rutinkontrol hari klinik dalam kenapa tidak ada saat jam kerja normal pagi sampai sore untuk malam hari mungkin kurang efisien karena malam hari waktu istirhat untuk tunggu antri atau cek up rutin lambat dokter juga perlu perhati atau disiplin waktu pasien mungkin tidak berani keluh terima kasih,Negatif
ruang rawat inap bersih nyaman menu enak nakesnya ramah dan gercep,Positif
fasilitas rumah sakit udh bagus hanya kenapa layan lama sekali ya ade saya mau pulang ajah tunggu lama sekali dari rawat inap tolong lah layan lebih effisien dan tidak lama nunggunya terima kasih,Negatif
jadwal dokter selalu telat,Negatif
lama jam 5 sampai jam 11 dokter baru dateng gada ubah sama sekali kira gapunya gawe apa kita suruh tunggu itu dokter,Negatif
layan muas awat dan bidan sangat ramah,Positif
dua anak saya lahir di rumah sakit umum dadi keluarga layan baik,Netral
layan nya baik,Positif
layan tidak gercep terlalu lama layan banyak yang kurang respect hadap pasien akibat hal fatal sampai tinggal seperti anak saya,Negatif
perawtnya sangat ramah,Positif
layan,Netral
awat hd nya galak2 mohon bisa di beritahu,Negatif
untuk ibu hamil priksa dan ambil obat lama bisa ber jam,Negatif
layan di rumah sakit pku muhammadiyah amanah sumpiuh sangat baik dan profesional dengan ruang pasien yang nyaman sangat bantu sembuh pasien,Positif
layan baik sekali,Positif
guna bpjs sehat kamar nyaman ada 3 pasien di dalam kamu luas ada wastafel ac space untuk yang nemenin juga luas layan bagus dan sigap makan dateng tepat waktu terima kasihsemoga sukses selalu,Positif
terima kasih dokter riena rubbyana sudah periksa dengan baik bawa tenang tidak buat tegangsangat ramah maasyalloh smoga sehat selalu dan panjang umur,Positif
ramah dan tangan cepat,Positif
fasilitas semua layan bagus ramah the bagus,Positif
layan nya maksimal dan sangat ramah sukses selalu untuk rumah sakit pku amanah sumpuih,Positif
layan dokter dalam yang baru sangat amat buruk dia baru datang jam 11 malam sedang pasien sudah tunggu dari habis magrib mana banyak lansia apa tidak kasi udh gtu layan nya jutek nge gas gabisa di ajak diskusi santai,Negatif
alhamdulillah sudah boleh pulang layan baik tugas nya baik ruang bersih,Positif
layan muas terima kasih icu sudah rawat mbah saya sampai akhir hayat ruang bagus bersih modern awat dokter cekat,Positif
ibu saya obat lewat jalur umum bukan bpjs sehat dan sudah ke 3x di dokter sp sakit dalam tapi dokter datang selalu ngaret di daftar terang buka praktek jam 1800 tapi akhir kemarin datang jam 2300 kalau sekira enggak sanggup buka praktek jam segitu tolong rubah jadwal atau enggak gk usah ada praktek sekali dari pada pasien suruh begadang nungguin datang dokter yang enggak pasti kasi org2 yang datang dari jauh sudah sepuh2 harus pulang malam karena lambat jam praktek dokter yang enggak normal,Negatif
alhamdulillah layan nya bagus baik ramah tamah fasilitas ruang nya baik,Positif
layan ramah dan nyaman,Positif
layan salin di rumah sakit umum amanah muas,Positif
alhamdulilah semua jalan lancar dan aman kendali layan bagus marurnuwun,Positif
mohon maaf ya untuk layan dari awat di ruang rawap inap sungguh sangat tidak baik anak saya bocor infus jam 3 pagi bukan di ganti malah kata tunggu sift pagi saja soal si mba awat ini lagi banyak pasien sungguh jawab yang tidak sangat baik keluar dari mulut orang awat,Negatif
untuk rumah sakit amanah layan awat bagusbaiknamun di apoteker lambat sekalicape banget nunggunyabanyakin apoteker nya yamakasi moga makin jaya,Positif
layan bagus awat dan bidan ramah semua ada foto baby juga tempat bersih dan nyaman,Positif
ruang bersihbarunyamandingin awat ramah dokter kompeten rekomend pokok moga rumah sakit pku amanah sumpiuh makin sukses dan manfaat bagi umat,Positif
dokter sangat lambat tidak sesuai jadwal antri di acak tidak sesuai urut datang pasien,Negatif
asalamualaikummaaf kalo kata kurang naka saya tidak puas,Negatif
lebih tingkat lagi untuk kebersihanya,Positif
rumah sakit yang sangat luar biasa terimkasih atas pertolonganya,Positif
sangat ramah dan memuaskanpelayanan juga bagusbersih dalam negeri yaman,Positif
wktu anak saya masuk ke rumah sakit ini jm 2355 masuk hari jumat malam jm 2355 padahal selisih 5 menit udh hitung satu hari sdngkan harga sewa kamar malam 200rb ya mngkin sudah bijak dari rumah sakit si hanya yah kalau tanggung sprti itu masa hitung 200rb hanya 5menit kasi untuk mereka yang sedang susah dalam segi finansial yang tidak memakaiblm punya bpjs sehat oh ya kalau fasilitas sya aku luar biasa bagus awat banyak yang ramah hanya ada 1 awat yang sgt sepele sekali dan tengil moga depan lebih tingkat lagi dan makin maju note tetap harga semua pasien mau yang umum atau yang bpjs sehat,Negatif
layan bagus muas,Positif
layan di rumah sakit ini bagus dan muas rumah sakit juga bersih nyaman moga rumah sakit ini makin maju,Positif
rumah sakit pku amanah layan muas tugas ramah serta fasilitas yang pada ruang turut saya sangat nyaman dan pasien perhati dengan baik,Positif
rumah sakit dengan layan yang baik dan tenagaa medis yang ramah,Positif
fasilitas sehat yang lengkap tenaga sehat yang profesional semua karyawan ramah dan baik,Positif
rumah sakit dengan layan yang unggul,Positif
masih ingat cecilia,Netral
saya pernah lahir di rumah sakit pku amanah sumpiuhdan layan sangat baiksemua tugas jga ramahsekaliterimakasih untuk driqbal sudah beri tangan yang terbaikdan terima kasih untuk mba etipoli kandungandan mba sumbidansudah membantudan sangat ramahdan petugasyg lain terima kasih banyak moga rumah sakit pku amanah sumpiuh lebih majudan sukses untuk depan,Positif
terima kasih untuk layan di ruang mina awat ramah dokter sumeh terima kasih,Positif
rumah sakit umum amanah sumpiuh banget layan cepat bgus tempat juga bersih bagus di sana walau pasien guna kis yang dari perintah tetapi ttp dapat layan yang bagus kamar rawat inap ber ac dengan kamar mandi di dalam makan untuk pasien jamin dan yang trpenting pasien benar di rawat sampai sembuh walaupun guna kis tidak ad batas hari di sana,Positif
6 jam antrine,Netral
layan sangat maksimaldokterperawat dan tenaga lain sangat ramah2ruangan sangat representatif,Positif
terima kasih meski saya pasien bpjs sehat saya laku sangat baik sana,Positif
saya operasi wasir dengan dari kiki rizkia sp bdengan metode laseralhamdullilah sangat puas dengan layan dari kikibeserta tim medis dan awat rumah sakit pku amanahalhamdullilah sangat ramahsantun dan tulus dalam melayaniterimakasih dan moga makin sukses dan manfaat bagi umatterimakasih sekali untuk dari kiki,Positif
terima kasih rumah sakit umum amanah sumpiuhdan terima kasih drkiki spb akhir saya bisa berani diri untuk laku operasi hemoroid dengan laser dengan hasil minim darah dan minim nyeri sukses selalu rumah sakit umum amanah sumpiuh,Positif
saya datang kesini jam 10 pagi hari senin tanggal 24 febuari sudah kontraksi dari malam dan saya sudah blg kalau saya waktu anak pertama riwayat sc tapi biar begitu saja bolak balik cek buka padahal udh diblg mau sc awat gk pinter pasang infus saya ditusuk2 67 kali beda sama rumah sakit hermina daan mogot perawata bawel banyak tanya urus pribadi org terlalu kepo dokter jaga bilang kalau rumah sakit amanah ini kredibilitasa masih d baru mau ke c jadi dia saran saya untuk pindah rumah sakit ke pku gombong padahal mah  tekan  dokter kandung lagi gk ada yang praktek dan gk mau dateng ke rumah sakit untuk operasi saya gk lagi2 saya kesini kalo ada rating 0 saya beri kalian rating 0 digoogle hanya gedunga yang bagus tapi dalema ancuur,Negatif
cukup bagus pelatananyaruanganya bersih,Positif
rumah sakit amanah memang yang terbaiktadi pagi saya tolong celaka di jalan raya tambak surupanambulan di kringlangsung meluncurtanpa tanya dan prosedurgercepcekatanramahsesuai dengan namaya amanahpokoke baik,Positif
layan di rumah sakit amanah baik awat baik rajin bersih bagussemoga selalu amanah,Positif
masyaa allah tabarakallah dakwah sehat untuk umat moga limpah berkah,Positif
kurang puas sama salah satu suster impus habis sudah ngomong suruh di gantiudah tengah jam tidak dateng dateng saat manggil lagi malah lagi cengengesan dan judes utama awat,Negatif
pernah periksa gigi sini saat temen mahasiswa lagi praktek jadi gratis lah,Netral
layan nya ramah sekali dokter dan suster baik baik banget usg di sana juga nyamanhanya saja antri ambil obat nya bisa sampai 3 jam sendri moga bisa lebih cepat dan tanggap,Positif
rumah sakit yang bagus dan tarik cara tampil tidak hanya tampil saja tetapi layan nya juga muas sangat bersih rapi awat dan dokter cukup muas tingkat,Positif
alhamdulillah malam di rumah sakit pku amanah sumpiuh rasa staycation tempat nyaman tugas ramah dan responsive fasilitas dan suasana baik serasa tidak sedang malam di rumah sakit hihi moga rumah sakit amanah makin maju dan kembang,Positif
terima kasih dokter nurul dan kawan2 tangan responsif dari instalasi gawat darurat awat kontrol tiap jam ruang bersih administrasi juga gampang tidak beda bpjs sehat atau non,Positif
layan nya sangat baik,Positif
layan farmasi sangat lambat banding dengan layan farmasi rumah sakit lain harus kelas rumah sakit yang besar bisa layan dengan cepat malah seperti puskesmas pasien banyak apoteker hanya dikit tiap resep butuh waktu lebih dari 10 menit tolong tingkat lagi ya kerja layan farmasi,Negatif
layan sangat muas tempat bersih rapi awat ramah tamah,Positif
terima kasih untuk layan di rumah sakit amanah sumpiuh bagus dan cepat tangan oleh tenaga medis untuk awat juga ramah ramah,Positif
sedikit cerita saat saya periksa di poliklinik bedah dokter masih muda dan baik beri informasi kait sakit saya jadi tidak takut untuk obat alhamdulilah bisa tanpa operasi terima kasih kepada tim rumah sakit amanah layan bagus dari awal sampai syy dapat obat informasi sangat jelas,Positif
terima kasih layan muas walo jadi pasien akhir tapi good dokter jelasin sakit saya detail awat baik daftar dan farmasi beri informasi yang jelas,Positif
baik untuk layan sehat nya cepat tangan,Positif
alhamdulilah terima kasih rumah sakit amanah sumpiuh layan baik dari masuk instalasi gawat darurat sampai boleh pulang muas dokter komunikatif awat jaga cekat terima kasih atas bantu rawat ayah saya,Positif
terima kasih rumah sakit umum muhammadiyah amanah sumpiuh layan bagus sekali tempat nyaman bersih sejuk tugas ramah mau jelas apa yang tanya pasien,Positif
layan ramah dan bagus bersih bersih,Positif
kalo dokter lah memang dokter alam baguscuman layan di daftar yang sangat burukjadwal kontrol anak tgl 13 februaritpi karena anak kaya diarejadi anak saya kontrol tgl 1pakai bpjs sehat ko malah di bilang di daftar tidak bisa di majuin tgl kontrolnyamalah di suruh bayargimana ini pelayanannyamohon maaf ini direktur rumah sakit amanah sumpyuhdi baik layan yang sangat buruk sekali,Negatif
layan yang sangat lama masa tunggu mau vaksin miningitis berjamjam kata bentar bentar doang sudah harga lbh mahal,Negatif
3 minggu lalu saya lahir di rumah sakit umum amanah alhamdulillah proses salin lancar suster dan bidan di sana sangat baik belum putus lahir di rumah sakit umum amanah saya juga biasa kontrol hamil sana dokter obgyn sana sangat baik jelas sangat detail dan muas tempat bersih layan sangat baik walaupun pake bpjs sehat perintah kamar nyaman berac juga seluruh staf sangat ramah sukses selalu rumah sakit umum amanah,Positif
daftar periksa awal lot sekali semua 1 pintu farmasi juga lot tolong loket daftar periksa awal farmasi tambah jangan hanya 1 pasien banyak rumah sakit sudah besar tapi layan tidak ubah awat juga mayoritas tidak sopan,Negatif
kapok sekali obat sini posisi bawa ke instalasi gawat darurat tetapi pelayananya reng banget wkwkw awat tidak sat set sama sekali udh tau luka badan kotor ada debu karena jatuh malah dibiarin saja minimal ya dibersihin dulu kek pasien bawa pindah ke ruang lain hanya ada 1 awat yang dorong terus minta tolong ke keluarga pasien awat yang lain ngapain si asa tidak sibuk2 sekali ada satu orang gatau jadi apa situ malah sibuk main ml mana volume lumayan keras di belah kamar2 instalasi gawat darurat saat sudah mau pulang juga sudah tau rumit gada itu yang bantuin dorong apa gimana hanya awat yang satu tdi saja yang lain malah ngeliatin sinis aneh sekali boro2 ngomong moga cepet sembuh atau apa wkwkwk kalo tidak dimintain tolong untuk resin luka juga seperti diem saja sudah moga selalu beri sehat biar tidak ke rumah sakit lagi aamiin,Negatif
bidan dan dokter cekat dan kamar nyaman banget terima kasih rumah sakit amanah mahmudah,Positif
jadwal dokter kandung jam 1700 tapi datengnya telat pake sekali kisar jam 1900 gelar doang haji tapi omong dokter nylekit sekali trus diketawain sama suster dan awat yang di ruang itu padahal saya tanya2 karena bingung masalah hamil yang pertama ini jujur sakit hati tapi cukup disabarin saja,Negatif
pelayanannanya ramah untuk tempat tunggunga juga nyama lah,Positif
layan administrasi kurang teliti sampai salah masukin data pasien dari spesialis anak malah jadi ke spesialis sarafdimohon jangan banyak bincang dengan rekan kerja saat layan pasien,Negatif
sumpah mau usg ajah tunggu dari jam 19 sampai jam 2245 itu juga masih belum dateng dokter,Negatif
layan antri terapi benar benar bikin kecewa kalo masih seperti ini yang dapat orang orang itu saja padahal kami punya hak yang sama dapat fasilitas terapi kasihan orang sepuh yang sendiri yang ketika mau daftar anrian harus tunggu angkut umum jam 6 di pasti lama tidak akan dapat terapi masuk harus ketika quota 30 habis maka sis nya d terima dan akan dapat gilir hari ikut nya jadi semua dapat gilir minimal 1 minggu sekali kasihan tadi ada yang sudah 4 x tidak dapat antri rasa adil nya mana karena sama sama bayar premi bpjs sehat sehingga yang hari ini sudah dapat anrian kan sudah tidak punya kertas untuk daftar dan baru dapat nanti telah terapi maka bisa langsung si tumpuk untuk hari senin depan karena untuk hari kamis besok sudah habis quita untuk yang sisa daftar hari ini jadi dengan sistem seperti itu semua dapat gilir alas sekuriti tadi kalo d tumpuk takut hilang haloww masa gitu saja minta d ajarin silah untuk paku lalu d ceplus kan seperti numpuk nota saya jamin mau 1 bulan pun tidak akan hilang kalo pun hilang situ bagai sekuriti kerja ngapain jangan lah kembali ke jaman jahiliah kaya dulu gasik gasikan jam 11 malam sudah numpuk beda sekarang ketika berangkat gasik tidak boleh pulang smpai jam 5 antri buka kalo dulu ketika habis numpuk bisa langsung pulang apakah sampean tau yang gasik gasik jam 4 kurang sudah d situ solat tidak jawabanya enggak karena takut tempat d masukin orang jadi mohon ini buat bahan renung sama amanah yang jadi pusat sehat d wilayan sumpiuh dan sekitar nya tapi belum bisa laku adil atas hak kami untuk mendaptkan fasilitas terapi gratis terima beri orang yang ikut antre tapi tidak dapat antri karena bela bain jamaah subuh,Negatif
doctor dan bida cepet nang ana dan kamar nya nya man banget,Positif
alhamdulillah terima beri atas layan yang beri 3hri ini dari dokter iqbal spesialis kandung serta bidan dari rumah sakit umum amanah saya sangat puas pelayann sangat ramah baik dan cekat terima kasih semua,Positif
layan cepatfasilitas baik,Positif
palayanan sangat muas,Positif
alhamdulilah layan ramah tangan sangat cepat dan tanggap,Positif
layan yang bagus terima kasih rumah sakit umum amanah sumpiuh yang sudah bantu salin anak pertama saya,Positif
layan bagus bersih amanah hanya saja di kamarmandinya tidak ada tisue kering moga depan ada,Positif
rumah sakit umum amanah sumpiuh layan baik awat juga ramah fasilitas baik,Positif
terima kasih rumah sakit umum amanah layan baik dari awal sampai selesai,Positif
karyawan sok sibuk layan buruk,Negatif
rumah sakit ini layan bagus dokter dan awat ramah tempat bersih dan semua cukup atur,Positif
layan di rumah sakit amanah sumpiuh baikpetugasnya ramah ramah tempat bersih tangan dengan cepat,Positif
terima beri rumah sakit umum amanah sumpiuh untuk pelayanannyasuami saya rawat di ruang shafa lama 3 harialhamdulillah sekarang sudah sembuhperawatnya sangat ramahtelaten dan fast respon jika minta bantuanjuga ruang shafa sangat nyaman dan bersihterima beri,Positif
layan yang sangat bagus,Positif
rumah sakit yang besar dan bersih serta layan yang begitu baik,Positif
layan makin bagus awat dsn staf ramahramah moga depan lebih sukses,Positif
rumah sakit amanah sumpiuh adalah rumah sakit dengan layan baik ramah dan saya akan selalu puas untuk kunjung ke rumah sakit ini,Positif
rumah sakit umum amanah sumpiuh sudah banyak kembang fasilitas sudah lebih lengkap lingkung nyaman layan sangat baik moga depan bisa lebih maju lagi,Positif
layan yang beri sangat baik pegawai ramah dan sopan,Positif
ramah dalam beri layan baik medis maupun non medis,Positif
poliklinik bidan dan kandung lama sekali tangan hanya minta surat rujuk lama sekali tidak panggil panggil,Negatif
layan sangat puas,Positif
ruang bagus dan bersih serta nyaman layan memuaskandokternya dan awat lumayan ramah karena masih dalam tahap bangun tempat parkire agak banjir lantai waktu hujan derasyang perlu baik cm alur untuk operasi bedah jangan pasien2 di tumpuk di depan ruang operasi jadi antri penuh otomatis yang datang akhir harus tunggu jam jam situ kalau bisa di tambah lagi ruang operasi nyaselebihnya semua sudah oksemoga makin maju rumah sakit pku muh amanah sumpiuh,Positif
terima kasih atas semua layan yang di ikan dari rumah sakit amanah sumpiuh kepada keluarga kecil kami,Positif
rumah sakit seperti hotel bangun bagus bersih tugas baik layan muas,Positif
luar biasa layan sangat baik,Positif
layan bagus tugas juga sangat ramah sopan sopan ruang nyaman bersih adem ber ac kaya hotel,Positif
bagus layan,Positif
alhamdulillah saya sudah kembali ke rumah mulai pulih dari sakit alhamdulillah saya kemarin dapat layan sehat di rumah sakit umum amanah sumpiuh lama 3 hr yang sangat muas mulai dari layan di daftar instalasi gawat darurat ruang awat sampai ke tugas parkir barokalloohu fiikum tetap beri layan yang tulus untuk pasien dan unjung lain,Positif
mohon maaf mau tanya usg di rumah sakit amanah sumpiuh jadwal hari apa saja,Netral
sangat tidak puas orgtua saya di rawat sini tetapi tidak ada dokter spesialis yang visit lama sana di hari akhir belum pulang kontrol langsung ke poliklinik kamar kotor bagi bed tunggu tidak bersih cs hnya bagi depan kamar kmr mndi saja suster nya yang pakai baju putih2 seperti tidak tau kalau dtnya jdwal dokter atau tanya ada pasien bgmn,Negatif
layan di ruang marwah baik ruang bersih alhamdulillah sudah boleh pulang,Positif
tolong perhati ramah dalam layan pasien utama di daftar tolong lebih ramah 5s nya tingkat utama mba2 yang sudah lama yang layan di daftar pada hari ini rabu 17 april 2024 sangat tidak ramah sekali lagi 5s nya perhati untuk jadwal dokter sakit dalam kalau bisa jangan sampai malam khusus yang jadwal praktek sore kasihan pasien yang obat tolong untuk awat yang jaga di bangsal kalau istirahat ganti dan utama pasien jangan game yang prioritas tolong perhati lagi terima beri,Negatif
layan ruang marwah baik alhamdramah,Positif
layan ramah bersih,Positif
layan sangat baik awat ramah,Positif
alhamdulillah layan di rumah sakit umum amanah sngat muas di bagi bangsal arofah dan bangsal bayi awat dan bu bidan sngat ramah tempat juga nyaman dan bersih,Positif
saya sangat puas dengan awat di rumah sakit umum amanah sumpiuh awat baik baik terapi bagus dokter ramah ramah ruang bagus bersih fasilitas lengkap sangat puas dengan layan yang di ikan di rumah sakit umum amanah sumpiuh,Positif
layan ruang marwah pelayananya baik semua,Positif
layan di ruang arafah its good suster ana heboh bagussuster jay baik,Positif
layan di ruang marwah dan hd muas,Positif
layan di ruang marwah baik,Positif
layan ruang sofa baik awat ramah ruang juga bersih nyaman,Positif
untuk pelyanan pasien cuci darah sangat minusudh perwtnya jutek saat trjdi msalah sama ibu saya saat proses cuci darah tidak ada yang menolongsmpai skrng tngannya msih sakitnyawa itu taruhannyamemng ibu saya pake bpjs sehat tetapi bpjs sehat itu byar bukan grtis,Negatif
layan di ruang sofa baguspelayanan salin cepat tanggap,Positif
wc yang sangat tidak nyaman di karena tidak ada bersih oleh ob saya sampai mual2 masuk wc di rumah sakit amanah karena lihat tinja cecer di lantai dan tidak di sih oleh staf ob di rumah sakit amanah,Negatif
layan di ruang marwah baik awat baik ramah dan sopan,Positif
layan sudah baik,Positif
layan bagus awat sangat ramah perhati,Positif
fasilitas lengkap awat ramah ramah,Positif
di rumah sakit amanah dari daftar instalasi gawat darurat smpe dengan rawat inap layan baikditangani dengan cepat moga makin sukses layan,Positif
sukses selalu untuk rumah sakit amanah sumpiuhpelayanan makin baik,Positif
layan rumah sakit amanah baik cepat tangan sukses selalu rumah sakit amanah sumpiuh,Positif
rumah sakit amanah lihat sangat kembang sangat puas dengan layan yang beri karyawan rumah sakit ini awat ramah ramah dan sangat informatif ruang tunggu rawat jalan sangat nyaman bersih ada mushola yang cukup luas selalu jadi pilih kalo ada keluarga yang sakit,Positif
layan bagus dokter sama awat ramah jelas cara detail tempat nyaman lingkung bersih dan fasilitas juga bagus so recommend,Positif
gedung megah layan ramah sukses terus untuk amanah dan muhammadiyah,Positif
layan sangat baik karyawannya ramah tamah untuk fasilitas sangat bagus,Positif
servis layan di rumah sakit amanah sumpiuh baik moga pembangunanya sukses capai apa yang diharapkanaamiin,Positif
alhamdulillah lama rawat d ruang shofa fasilitas bagusperawatnya ramah dan dokter baik,Positif
farmasi kurang sat set lola banget rumah sakit besar tapi kaya puskesmas,Negatif
layan sangat lambat loket daftar hanya dua orang masuk cetak skd juga di situ dua jam baru selesai di daftar loket farmasi sama lama dua jam lebih awat kurang ramah beri informasi simpang siur yang tidak harus ini rumah sakit lho sangkut sehat pasien,Negatif
layan ruang maarwah cukup baik tugas ramaah,Positif
layan di ruang marwah sangat baik apa yang pasien butuh langsung di respon dan gerak cepat layan,Positif
terima beri atas layan yang sangat muas untuk rumah sakit umum amanah sumpiuh karyawan ramah ramahtempat sangat bersih,Positif
lama bapak saya di rawat di rumah sakit umum amanah sumpiuh layan instalasi gawat darurat laboratorium radiologi cepat dan tanggap hadap pasien untuk layan rawat inap vip sudah sangat bagus dan nyaman sekali terima kasih rumah sakit umum amanah,Positif
layan di ruang marwah sangat bagus dan muas,Positif
layan di ruang marwah sangat baik terima beri atas layan baik,Positif
layan bagus tempat yang pada bpjs sehat pula good poko e e,Positif
layan ruang marwah baik dokter sangat ramah terima beri,Positif
rsnya sudah baguspelayanan sangat baik tugas ramahramah baik di rawat di ruang marwah gedung yang baru,Positif
arafah no 7 layan muas awat sangat ramah,Positif
layan ramah dan santunfast respon,Positif
ruang nyaman nakesnya sangat ramah moga sukses ya,Positif
layan di ruang marwah baikdari periksa dokter awat ramah ruang bersih alhamdulillah sudah boleh pulang,Positif
sangat recomended dari segi layan ruang dan semua staf sangat ramah tentu administrasi juga mudah di rumah sakit umum amanah sumpiuh di utama pasien di tangan baru kemudian administrasi moga layan yang di ikan makin prima depan nya terima beri rumah sakit umum amanah sumpiuh telah bantu salin istri saya,Positif
alhamdulillah sudah boleh pulangselama rawat ruang marwah awat ramah dokter nya baikruangannya nyaman,Positif
layan baik serta fasilitas bagus tugas ramahramah,Positif
layan ramah tindak cepat komperatif jangkau bersih area moga makin maju dan kembang,Positif
layan di ruang farmasi sangat lamasaya tunggu obat dari jam 10 pagi sampai jam 2 siang belum juga siapppadahal antri gk banyak,Negatif
rumah sakit umum amanah is the bagus dengan layan yang ramah service excellent tenaga medis dan non medis nya sopan dalam menyambutterima beri rumah sakit umum amanah sumpiuh,Positif
gedung baru lebih nyaman dan bersih,Positif
layan rumah sakit yang sangat baik awat dan staf rumahsakit yang sangat ramah,Positif
alhamdllh di rawat di ruang mina 7sangat baik untuk dokter juga sangat baik untuk awat semua juga sangat baik,Positif
tiap kontrol sini selalu lama nunggunya padahal tidak antre dan sesuai jadwal tapi kenapa malah harus tunggu sampai ber jam jam sangat heran saya moga depan bisa di baik lagi karena nungguinnya benar benar lama alangkah baik cepat,Negatif
mandan kurang sat set lah gole njiput na obat kesel le ngenteni laper mbarang selak bakul jagung rebuse ora ana wis bal mbok,Negatif
sudah dari lama pengin review kalau diingat2 sebel banget dengan layan rumah sakit ini saat saya lahir mei 2021 sungguh benar lama tidak pro njahit saja hampir jam makan untuk pasien juga lama banget datengnya smg telah akuisisi pku jadi makin bagus,Negatif
layan lama tidak tepat waktu,Negatif
mohon maaf untuk pelyanan instalasi gawat darurat rumah sakit umum amanah kurang muas sus di instalasi gawat darurat kemarin tgl 2 ank sya masuk instalasi gawat darurat jam 3 sore smpe pagi jam 8 tidak ada yang bisa pasang infus padahal kata dehidrasi berat sampai ahirnya sya harus pindah rumah sakit dan alhmdulillah bsa di pasang infus di sana jadi maleman di instalasi gawat darurat kata di obserfasi tapi tidak di apain padahal kondisi badan ank sya sudah dingin dari sore untuk itu mohon tingkat lagi skil para awat dan nakes yang ada di instalasi gawat darurat agar tidak ada kasus sprti ini lagi ulang takut mbok smpe ada jadi yang fatal dan ank sya sampai trauma karena banyak banget di tusuk jarum tapi tidak jadi,Negatif
lama awat d ruang marwah awat ramahdokternya komunikasi baik,Positif
luar biasa baik layan tangan dan obat smg sukses selalu u rumah sakit umum amanah sumpiuh enyonke bangga dadi wong sumpiuh duwe rumah sakit umum amanah sumpiuh,Positif
alhamdulilah anak habis operasi di rumah sakit amanah masuk di ruang shofa layan bagus muas terima kasih sudah beri layan baik untuk kami,Positif
untuk poliklinik kandung layan sudah bagus alam lahir cara normal di sini cukup memorable ruang vk dan kamar yang tempat masih gedung baru jadi masih enak tempat tenaga medis layan dengan profesional dsa yang tangan anak saya juga komunikasi cakap,Positif
terrible service went there around 5pm resepsionis daftar instalasi gawat darurat sikap kasar worst hospital ever padahal saya nanya dengan sopan tapi balas dengen intonasi sikap kasar dan tinggi the reviews this hospital seem to be dwindling by the time please train the young staff and tell them to be more humble how can staff with such stuck up attitude exist in amanah sigh,Negatif
mohon maaf belum untuk layan di rumah sakit amanah kurang muas kurang garcep layan terlalu lamasampai saya harus hilang bpk saya saya kecewa awat jutek dan ada dokter yang jutek kalo tidak tanya tidak mau njelasin hasil periksa untuk depan tolong lebih tingkat lagi layan apa karena layan umum bukan pakai bpjs sehat jadi lama bngtt harus kalo umum layan lebih utama saya bayar bukan palah sulit,Negatif
lama di layan di paviliun shafa sudah sangat baik awat dokter ramahramah untuk ruang juga sangat bersih,Positif
turut saya kalo ada kamar vip dan vvip rumah sakit ini bakal lariss sukses terus pku amanah,Positif
alhamdulillah sudah bosa pulang layan di ruang shofa muas dokter dpjp k0munikasi baik awat nya ramah dan cekat ruang bersih nyaman dan wangi,Positif
lama dapat layan ruang mina dokter periksa dengan baiksopanramahdan sigap,Positif
layan bagus ruang marwah,Positif
layan rumah sakit amanah bagus awat dan staff nya baik dan sopan di rawat di ruang shafa nomer 6 kelas satu ruang rawat nyaman karena nyata satu ruang satu pasien karena banyak kelas 1 2 pasien di rumah sakit lain serasa kamar vip,Positif
tempat nyaman dan bersih fasilitas komplit ruang bersih dan wangi para dokter dan awat sangat ramah terima kasih rumah sakit amanah sukses selalu,Positif
layan dirs sakit pku amanah ruang marwah no 9 sangat memuaskanuntuk dokter n awat layan baik,Positif
layan di ruang mina bagus awat dan staf layan dengan baik,Positif
lama rawat di rumah sakit amanah sumpiuh di ruang marwah layan sangat muas moga depa dapat tahan dan lebih baik,Positif
ruang nya nyamanbersihpelayanan nya pun baikdan suster ramah ramah,Positif
layan di ruang shofabaik muas,Positif
lama rumah sakit rumah sakit umum amanah sumpiuh ruang sangat nyaman awat sangat bagus dan moga depan makin sukses,Positif
untuk awat dan dokter yang tangan sigap dan ramah ruang marwah,Positif
perlu di tingkat lagi untuk datang dokter sial agar lebih tepat waktusupaya pasien nunggunya tidak terlalu lama,Negatif
layan bagus tempat bersih tangan sat set,Positif
bagus layan nya memumaskan,Positif
semenjak saya di rawat di rumah sakit amanah sumpyuh saya alhamdulillah sudah sebuh tentang kamar ya bagus lah yaman dan perawantnya sangat ramah ramah sudah baik,Positif
gedung baru yang bagus moga makin sukses,Positif
kecewa datang ke rumah sakit umum amanah sumpiuhpelayanan sangat burukudah lama antre gilir panggil dokter mlh tidak ada di rumah sakit,Negatif
terus dan tingkat layan sangat baik,Positif
rumah sakit umum yang sesuai nama amanah kembang sangat pesat layan bagus dan smoga sukses selalu depan amiinn,Positif
layan baik dari nakes sendiri kompeten dan cekat begitu fasilitas muas,Positif
bagus luar biasa,Positif
sangat bantu masyarakatsemoga rumah sakit umum amanah makin maju,Positif
sangat di anjur untuk sehat,Positif
saya rasa nyaman dengan layan di rumah sakit umum amanah sumpiuh,Positif
selamat tuju rumah sakit yang lebih amanah,Positif
layan baik bidan awat ramah gedung baru jadi lebih nyaman,Positif
rumah sakit umum amanah sumpiuh recomended,Positif
layan cepat ramah lengkap,Positif
layan ramah bgtt gedung juga nyaman,Positif
layan baik,Positif
saya tidak hasut untuk komentar buruk tapi kualitas benar2 sangat kurang saya antar anak sakit di instalasi gawat darurat pakai bpjs sehat sudah 1 hari lewat tidak direspon alas ruang penuh ketika kondisi di instalasi gawat darurat sudah baik minta mau pulang tidak boleh alas harus tunggu visit dari dokter spesialis per hari ini saya tidak rekomendasi masyarakat ke rumah sakit ini jika tidak ingin alami hal yang sama seperti saya terima kasih,Negatif
dokter prio tidak ramah sekali lagi kontrol tapi di buru2 di suruh keluar kata banyak pasien jadi kasihan orang tua sya,Negatif
maaf saya tidak beri bintang harusnyakarena se kelas rumah sakit amanah sumpiuh di bawah naung pku muhamadiyahkurang lebih pkl 2100 wib 11 mei 2024petugas instalasi gawat darurat dan tugas satpam tolak pasien dengan alesan ruang instalasi gawat darurat penuhmohon untuk pimpin rumah sakit pku muhamadiyah untuk di tindak lanjut itu,Negatif
biaya yang tidak ngotak 1 hari hanya infus tapi mahal,Negatif
para medis kerja dengan baik,Positif
rumah sakit dengan layan bagi kandung jelek kalo mau cek kandung jangan sini tidak rekomendasi,Negatif
rumah sakit umum amanah layan sudah cukup bagus tingkat selalu puas pasien,Positif
pegawai ramah ramah layan bagus cepat,Positif
moga rsnya amanah selalu,Positif
layan bagusramah dan tenaga medis sahabat,Positif
ramah bintang 5,Positif
sangat kecewa di instalasi gawat darurat hari malam belum dapat kamar lama 3 hari rawat inap tunggu dokter tidak datang kata dokter cuti dan tidak ada dokter ganti minta pindah rumah sakit sangat sulit ancam bpjs sehat akan di blokir sedang di rumah sakit umum amanah tidak ada tindak yang mumpuni pasien harus ct scan alat tidak ada minta pindah rumah sakit yang lebih besar tidak boleh tolong lebih utama selamat pasien,Negatif
telah saya baca baca ulas sebut oleh admin bahwa yang daftar online akan dahulu tetapi kenapa saya yang sudah daftar online tetap ambil nomer antri dan taruh paling belakang padahal saya daftar dari jauh jauh hari tolong tingkat lagi,Negatif
tangan segala macam kasus bedah umum,Netral
sistem layan masih beranta antri ular tidak layak rumah sakit buat pasien kontrolrawat jalan tunggu periksa 6 jam dan hal ini sekalipun sudah banyak komplain tetep saja gk ada ubah yang sakit jadi tambah sakit karena tunggu begitu lama dan gk jelas,Negatif
tunggu di instalasi gawat darurat hari lewat pindah ke ruang yang sisa pulang segera belum alam kami sana baik tapi yang akhir ini buat kami kecewa terima kasih,Negatif
kecewa sekali mohon untuk di tingkat lagi layan dan peduli dadap pasien2 kritis supaya lebih sigap lagi sesuai pandu sop yang ada terima kasih,Negatif
layan ramah dan dapat percaya fasilitas nya pada,Positif
rumah sakit yang bagussemakin maju dengan fasilitas yang lengkap rumah sakit yang makin kenal oleh masyarakat dengan layan yang bagus,Positif
layan rumah sakit baik cepat dan awat sangat ramah,Positif
fasilitas sudah pada dan layan baik n ramah,Positif
layan cepat pegawai ramah,Positif
sangat muas layan baik pegawai ramah fasilitas nya lengkap,Positif
layan di rumah sakit umum amanah sumpiuh sudah sangat baik,Positif
jos sangat baik,Positif
layan baik dan fasilitas lengkap,Positif
ruang tunggu nya panas sekali dan seperti overload harus ac nya di tambah dan ruang nya di besar terima kasih,Positif
padahal anak saya adalah pasien dari luar kotajakarta tapi layan d sinimulai dari igdperawatn warga rumah sakit umum amanah sumpiuhsangatsangat baik sekalibegitupun dengan bersih ruanganny terima kasih tuk rumah sakit umum amanah sumpiuhyang sudah bantu obat sembuh anak saya sukses n jaya selalu rumah sakit umum amanah sumpiuh,Positif
manajemen layan kurang baik,Negatif
layan di klinik gastro tugas baik dan ramah,Positif
alhamdulillah layan ramah ramah,Positif
layan sangat baik awat di ruang rosela khusus sangat bantu dalam proses awat ruang awat adem bersih dan nyamanterimakasih margono moga tugas semua beri sehat,Positif
layan cepat ramah,Positif
terima kasih awat teratai lantai 3 bu endri pak samkhan mba niken mas mujib mb fia dan semua saya pasien pak machid pasien dari sekti tht,Positif
alhamdulillah luar biasa baik layan terima beri,Positif
layan poliklinik nya buruk judes tidak jelas orang mau periksa tbtb suruh op hari ini padahal pasien belum ada siap dan tidak konfirmasi dulu malah suruh serah mohon maaf dokter tidak ada lembut mohon di evaluasi terima kasih,Negatif
pelayaybagus ramah respon cepat,Positif
layan lama dan staf jutek,Negatif
layan tugas ramah ramah sekali saya sudah 3 kali kontrol di orthopedi,Positif
layan rsud margono makin baik tugas baik dan bantu,Positif
layan baggus sekali sangat baik,Positif
alhamdullilah layan muas dan dokter pun muas,Positif
peyanan bagus cepat dan ramah tugas informasi sangat baik sudah bantu,Positif
terima kasih untuk layan nya lama kurang lebih 7tahun layan yang sangat ramah dan baik,Positif
baik dan ramah,Positif
layan,Positif
bagus sopan,Positif
makin baik layan tugas cekat dan ramah dokter febri nyaman untuk konsultasi awat poliklinik mbk yessy sigap ramah mas hangga bagi informasi cakep ramah sekali maju terus rumah sakit margono,Positif
baik ramah sopan adenium4,Positif
terima kasih mb riana layan sangat muas ya akhir saya punya jkn,Positif
layan baik ramah sabar,Positif
maaf bintang 1 untuk ibu2 bagi depan poliklinik thtdi name tag nya nmanya fitri tolong layan nya d baik nama pasienbelum tau alur layan tapi jawab nya judes banget boro2 senyum bicara juga tidak lihat lawan bicara nya dari satpam sampai tugas yang d kursi roda sangat ramah tapi untuk ibu2 yang satu ini turut saya d briefing untuk lebih ramah lagi ke pasien,Negatif
layan bagus dan ramah ramah,Positif
ruang teratai lantai 3pelatananya sangat bagus ramah,Positif
saya pasien rumah sakit margono soekarjo pwt saya derita kangker ovarium dan kangker servik dokter yang tangan saya adalah dokter adityono saat ini saya sedang jalan kemo yang ke 4 lama kemo saya tetap beraktifitas dan olahraga yang saya rasa lama kemo badan saya asa baik dan tetap suka makan badan asa fit alias kuat untuk yang,Positif
alhamdulillah layan baik,Positif
terima kasih margono atas layan dan perhati telah rawat kami semua layan anda memang baik dari mulai poliklinik ongkoloki anaktppridan ruang wijaya kusumawiku dan instalasi gawat darurat terima kasih atas layan sangat baik saya derita hlh saat rawat di sini ketika nyeri atau demam mencet tombol untuk panggil awat gercep nanggepin terus saya sering di tinggal sama orang yang jagain saya anu orang ada urus tapi sering di temenin sama awat nya jadi tidak sepi sekali lagi terima kasih atas layan kalian gercep nyaman dan amanterpercaya terima kasih untuk dokter agus fitrianto terima kasih juga untuk awat awat yang ada sini seperti bu agilbu ernipak ojanmba priskamba miskimba lintang mba melli mas irwanmas viktormas tulusmas david dan mas adit awat instalasi gawat darurat terima kasih semua mungkin ada yang belum saya sebut tapi saya hanya ingat segitu,Positif
bagus layan ramah,Positif
pasien sudah parah cek scan dan lab hasil lama dan harus tunggu kontrol lagi bulan depan ini lah sudah gila,Negatif
baik muas semua tugas ramah,Positif
bagi informasi cukup bagus ramah dan sangat bantu,Positif
baik dan ramah layan di rumah sakit margono,Positif
layan luar biasa sangat ramah sekali securitynya sangat sigapnakes nya karyawannya semua humble good job rsud margono,Positif
alhamdulilah awat nya baiksama awat sama dokter ramah,Positif
lama awat ibu di teratai lantai 3 allhamdullilah layan nya muas awat nya ramahbaikcepet,Positif
sangat informatif dan layan cepat dan nyaman,Positif
pelayana sangat baik dan muas tugas informasi bu riana juga ramah dan komunikatif,Positif
layan nya baik ramah,Positif
untuk satpam yang jaga sangtlah tidak ada etika baik sama sekalijam besuk sampai jam 2200 tapi sampai jam 2000 sudah suruh keluar sampai gomongnya juga ngegas tidak kaya satpam lain yang etika sepertitolong satam yang seperti itu di tindak lanjutiibuka hanya butuh yang galak tapi juga yang etika baik,Negatif
baik layan dari sutrisno sangat ramah ke pasien,Positif
rumah sakit yang layan nya sangat muas awat dan dokter nya sangat ramah dan super gerak cepat pokok nya sanga puasa dengan layan rsud prof dari margono soekarjo purwokerto,Positif
layan sangat baik dan muas,Positif
layan baik tugas ramah tugas informasi sangat komunikatif,Positif
rumah sakit dengan layan yang sangat baik,Positif
rumah sakit rujuk yang sangat lengkap dan layan sangat baik,Positif
rumah sakit bagus sangat baik sangat baik,Positif
rumah sakit rujuk baik di wilayah jawa tengah,Positif
asiknyo,Positif
layan yang muas,Positif
layan baik ramah ruang bersih,Positif
layan nya baik dan ramah,Positif
rumah sakit nya sangat bagus dan layan sangat baik,Positif
bagus untuk tempat pkpa,Positif
tangan hadap pasien sangat cepat layan awat dan dokter sangat ramah saya jauh dari tasikmalaya dan alhamdulillah layan di rumah sakit ini tidak kecewa,Positif
mungkin ini hari ini masuk hari apes saya belum memang sempat sedikit kecewa dan semat bintang yang kecil namun respon atas masa dari pihak rsud dan yang sangkut sangat baik dengan orientasi baik layan depan moga yang baik tetap tahan dan yang sedikit kurang tetap baik tiap hari terima kasih,Negatif
ramah baikpetugas informasi ramah,Positif
pelan baik dan muas tugas informasi sangat informatif dan ramah,Positif
rumah saki gigi mulut satu satu saat ini di purwokerto,Netral
layan baik dan tugas ramah,Positif
alhamdulillah layan bagus awat baik ramahlayanan bagus dan muas terima kasih semua untuk awat yang telah rawat saya lama di sini,Positif
baik alhamdulilah layan dari sutrisno,Positif
layan bagus relatif cepat proses tugas ramah ramah fasilitas cukup lengkap terima kasih,Positif
layan baik dan tugas ramah tugas informasi ramah sangat bantu,Positif
layan nya muas saya sangat suka,Positif
terima kasih sudah beri layan yang baik tuju ke poliklinik tht ketemu dengan dokter mas yang sangat charming dan baiik jalan rawat inap di ruang teratai 406 ruang bersih dan nyaman dengan perawat2 yang ramah baik dan selalu sabar terima kasih sekali moga ke depan rsms makin sukses dan jaya sejahtera para dokter nakes staf dan karyawannya aamiin,Positif
layan di ruang rawat inap teratai di rsud margono cukup muas perwatnya ramah serta sabar sehingga buat pasien serta keluarga pasien jadi tenang,Positif
teratai 2 layan nya sangat muas sabar sekali hadap pasien dan keluarga dokter nya sangat ramah juga,Positif
baik dan ramah jelas jelas dari tugas informasi,Positif
teratai 2 layan muas dan informasi dapat terima dengan jelas dokter kamal baik dan ramah,Positif
layan bagus dan ramah layan,Positif
layan baik dan ramah serta sangat bantu,Positif
layan baik nang cepat,Positif
layan rumah sakit margono sangat baik tugas ramah bagi informasi juga baik sudah di bantu daftar online,Positif
layan baik ramah sudah di bantu cara daftar online ramah informasi jelas,Positif
layan apik keren rumah sakit margono,Positif
pelayanandi bagi informasi baik dan tugas ramah ramah,Positif
rumah sakit tipe a milik pemprov jateng yang milik layan sangat baik dan gedung bagus,Positif
layan bagus dan ramah,Positif
rumah sakit nya sangat bersih,Positif
fasilitas sangat bagus moga depan makin sukses dan makin kembang,Positif
bagus dan mewah,Positif
untuk instalasi gawat darurat masuk cepet dan baik si tinggal ambil karpet saja sudah dapat ruang sama staff layan baik lah sop 5s masih terap,Positif
layan tidak jelas seperti peras sangat tidak muas,Negatif
semua super bagus dari penangananpelayanandan fasilitas super sangat baik,Positif
ngapoki priksa sini sama dari pritasari doktere judes banget amit2 mending priksa di tmpt lain pake umum walaupun msh ada kontrol pake bpjs sehat kesini,Negatif
saya subuh pagi tadi masuk instalasi gawat darurat karena demam tinggi tensi tinggi sakit kepala luar biasa dan hilang tenaga mual muntah di suruh cek lab kalau hasil normal bayar pakai umum kecuali ada sakit baru bisa pakai bpjs sehat dan hasil lab normal mau tidak mau jam 9 pagi out sampai detik ini kepala masih sakit luar biasa dan demam naik turun saya kira bisa di rawat 12 hari pakai bpjs sehat padahal bpjs sehat usaha bukan gratis dari perintah,Negatif
rumah sakit sangat tidak rekomendasi anak saya demam sampai 392 c bisa bisa tidak di suruh rawat inap suruh di instalasi gawat darurat tidak di beri ruang pdhal di rumah sakit lain suhu segitu sudah rawat inap saya cari yang deket dari rumh malah nyesel kecewa tidak lagi saya pke bpjs sehat juga bayar bulan tidak gratis ya pikir pke otak,Negatif
batas jalan bikin cela,Negatif
rumqh sakit yang bikin pasien nyamam dengan layan medis yang akurat di dukung alat yang lengkap serta layan non medis yang ramah sopan penuh perhati recomendit bangat pokok,Positif
saat saya tunggu bpk saya rumah sakit wiradadi saya pribadi senang dengan layan rumah sakit wiradadi husada sangat bagus dan ramah,Positif
layan sangat baik utama untuk satpam sangat ramah dan bantu pasien maupun unjung dengan baik,Positif
rumah sakit yang profesional dengan layan yang muas dan fasilitas yang sangat baik satpam luar biasa responnya cepat dan sangat perhati pasien jelas prosedur dengan jelas dan tegas tapi masih dengan etika yang sopan dan santun,Positif
sangat tidak rekomendasi untuk orang yang sdg cari dari spesialis urologi perempuan karena layan sangat kurang komunikasi minus orang sakit malah ajak komunikasi nya seperti orang habis curi haha mending cari yang lebih profesional di rumah sakit kota,Negatif
tunggu di periksa dokter lama estimasi di periksa jam 930 tunggu 15 jam padahal hanya mnt surat ganti kaca mata capee sekali dehtolong lah baik sistem antri periksa dokter yang hanya ganti kc mata pisah dengan pasien yang memang sakit mata yang butuh periksa lbh lanjut jadi tidak lama antre nya,Negatif
layan periksa dokter lama sekali jam jam mesti beda pasien yang akan mnta rujuk ganti kacamata dengan yang pasien lain mohon tambah lagi jumlah dokter yang praktek biar pasien tidak lelah tunggu,Negatif
layan sangat buruk sangat kecewa no merekomended,Negatif
layan sangat buruk lama di daftar lama juga di ruang observasi apalagi di ruang dokter tunggu jam jam minta info estimasi sesuai urut tidak bisa jelas layan memang seperti ini instansi publik perintah,Negatif
layan tele bisa orang datang sehat pulang sakit akibat tunggu terlalu lama,Negatif
sui dokter ngaco telat banget,Negatif
nungguin dokter yang tugas lama banget ampunn,Negatif
dokter terlalu lama estimasi jam 0906 nyampe jam sebelas belum panggil padahal antri no b02 lho kasi orang tua tunggu dari jam 8 sudah lokasi banget,Negatif
pengin kesini tapi saat dateng tera di kertas rujuk sabtu layan sampai pukul 1130 wib sampai di tempat lokasi pukul 1045 wib terus ke tempat daftar kata sudah tidak terima layan pasien karena ada tamu mereka apa tidak tau kami sangat butuh sekali bantu jauh2 di bain yaa alloh,Negatif
layan sangat kurang dokter tidak sesuai jam praktek pasien seperti tidak layan sepenuh hati,Negatif
layan di loket lama loket ada 3 tapi selalu kosong 1 loket prioritas jadi di maklum tapi kenapa tidak ada pikir untuk ubah loket prioritas sebut jadi loket nonprioritas untuk sementara sudah tau ramai unjung tapi tetap saja tidak ada niat untuk cepat laju kerja,Negatif
indonesia sekali,Netral
dokter dyah superbaik dan ramah semua staf rskm ramah dan helpfull,Positif
layan wa tidak ada respon jadwal dokter berubahubah antriam tidak fair,Negatif
layan lama kali lah bah dari jam 10 smpe jam 14 bom tindak dokter,Negatif
semangat layan pasien karena kita semua bisa resiko jadi pasien di faskes mana,Positif
layan baik dan kualitas,Positif
sudah kesana jauh2 sudah daftar online juga sampai sana tidak di layan alas sudah full di suruh balik hari ikut,Negatif
dokter spesialis kompeten pegawai juga ramah dan tindak cepat dan tepat,Positif
untuk layan bagus sangat ramah pegawai tapi untuk tukang parkir tidak sekali hanya mau nerima uang tetapi tidak mau kerja tolong lah evaluasi tukang parkir mana kalo ngomong sikap kasar,Negatif
tunggu dokter lamaa estimasi jadwal layan jam 0820 hampir 1 jam tunggu tidak ada gera yang antre juga makin banyak kasihan juga untuk para lansia yang antri tolong tingkat lagi,Negatif
lelet banget antri lah tidak rekomendasi,Negatif
too slow,Negatif
antri mayan harus sabar proses muter terus tidak tau kenapa seperti kurang satset kasi yang jauh,Negatif
tempat sejuk dan luas fasilitas lengkap tingkat tepat waktu ya,Positif
alhamdulillah layan sangat baik tugas ramah tempat bersih dan nyaman dokter baik rekomendid,Positif
dari segi layan kurang padahal saya pake umum bayar juga rumit harus bayar dokter lebih telah itu obat jadi harus 2x bayar jauh jauh dari kota belah harap dokter bisa beri edukasi yang buat saya optimis justru dokter hakim saya pake umum dan maaf saya juga biaya sendiri tapi malah pandang belah mata jadi saya pindah ke semarang untuk obat dan tidak akan lagi ke rumah sakit ini,Negatif
layan administrasi ramah tidak tunggu terlalu lama bersih tempat jaga hanya saja temu dokter yang kurang ramah sukses selalu rsk mata purwokerto tahan layan,Positif
layan lama sekali antri untuk panggil dokter tidak maju maju daftar dari jam 930 sampai jam 1430 belum panggil juga,Negatif
parah antri lama dari pagi sampai jam 2 siang layan dokter hanya 5 menit jawab dokter tidak muas dan tidak ada solusi jelasmending tanya ke chatgpt padahal guna umum bukan bpjs sehat sungguh sangat buruk,Negatif
entah karena apa antri ada yang khusus dan lain - lain antri b sekian dan lain - lain ada henti lama dalam negeri ada psien khusus mngkn sangat lama walohii,Negatif
rumah sakit sus mata yang recomen berkwalitas juga sdm yang handal,Positif
antar ibu kontrol mata awal sempet khawatir karena baca2 review yang banyak bilang antri lama dan dokter telat datang alhamdulillah saat saya ke sana tidak alami hal sebut lama waktu antri masih cukup wajar turut saya mungkin kunci adalah laku daftar online pakai aplikasi mobile jkn jadi kita sudah dapat nomor antri tidak perlu ambil manual di rumah sakit tinggal konfirmasi nomor antri lalu tunggu panggil untuk periksa awal telah itu tunggu lagi untuk periksa oleh dokter antre tindak jika perlu antre obat dan antre untuk surat kontrol lagi terima beri rumah sakit mata purwokerto,Positif
gajelas antri lama banget dokter datang telat hanya minta surat terang saja lama banget ekspresi kaget malah oper oper suruh kesana suruh kesini,Negatif
1 dokter sering lambat 2 tidak ada pemberitahuan namun lapor dari bpjs sehat pasien sudah diberitahu 3 lebih baik laku daftar pagi dan kembali pasa jam 1300,Negatif
tidak rekomen antri sangat lama datang jam 9 selesai jam 2 karena dokter telat dateng hanya minta resep untuk ganti lensa kacamata tapi kasih tambah obat total bayar 400rb mahal sekali dengan layan yang sangat reng,Negatif
terima beri bpk ibu admin rsk mata purwokerto ramah cepat tidak ribed layan terus beri layan baik untuk masyarakat banyumas khusus dan unjung yang lain sehat selalu salam sehat,Positif
rumah sakit tipe a,Netral
1053 smpai jam 1300 msh belum trlayani pdhal cma mnta resep untuk gnti lensa kcamata dengan alas dokter keluar krna antri smpat kosong jadi dokter prgi dan tidak bisa di pstikan dokter kapan kmbali ke rumah sakit pdhal di jam praktek diamlh di tinggal2 dan pasien trlantar,Negatif
saya pernah obat matadi rumah sakit khusus matapelayan baik ramah alhamdulillah sya sudah sembuh matanyatrimakasih dokter yang sudah tangan saya,Positif
apakah hari ini kamis 3 april 2025 layan mata sudah buka,Netral
sangat baik joss,Positif
rumah sakit besar di purwokerto,Netral
sangat baik,Positif
layan lama sekali apa lagi poliklinik b bisa sambil bikin gazebo priksanya menit nunggunya hari,Negatif
rumah sakit khusus mata yang bersih dan nyaman,Positif
alhamdulillah sudah baik jam praktek tiap saya kesana dokter ada dan buka sesuai jam praktek terima kasih atas layan,Positif
pertama x kesini daftar layan baik mudah cepat dokter anamesa juga baik ramah hanya saja saat tunggu untuk cek dokter yang lumayan lama apalagi banyak orangtua mbah2 kasi saja kalau tunggu terlalu lama,Positif
mohon maaf atas keslh paham syaternyata saya yang kurang pekatrimakasih moga sukses selalu,Netral
seru,Positif
layan lama bangetjam 8 layan jam stgh 12rumah sakit perintah dimana2 samaleled layan tidak ramahsaya mau minta surat rujuk bpjs sehat ganti lensa yang pecahmalah kasih obat tidak kasih rujukansaya bayar bpjs sehat satu keluarga tiap bulan banyak lhogak sedikitminta surat doang tunggu hampir 5 jamsaya marah2 baru kasih,Negatif
rumah sakit khusus mata purwokerto sangat bagus dokter joss semua lulus baik dari guru tinggi nama layan sangat muas,Positif
layan lama banget tes2nya juga gajelas baru kali ini nemu dokter yang konsul mata hanya menit di dalam ruang,Negatif
bagus nyaman,Positif
rumah sakit dengan layan poliklinik lelet,Negatif
sat set aman aman saja wajar layan publik pasti banyak yang antre,Positif
lambat pelayananya sungguh lambat tidak sat set sudah tua tua yang obat kasi tunggu lama tolong lebih di perhati egain kait hall seperti ini,Negatif
layan kurang sat set tunggu terlalu lama,Negatif
kesini pake bpjs sehat ngantre nya macet enggak ada khusus bpjs sehat atau umum jadi tabrak untuk ganti kacamata harus tunggu lama coba di ganti sop nya untuk bpjs sehat dan umum saya pake bpjs sehat juga bayar tiap bulan potong gaji,Negatif
mata ibu saya tidak ada katarak malah kasi pematang katarak parah dokter asal vonis sakit,Negatif
cukup sekali,Netral
baik sekali roadshow untuk tiap unit kerja trmasuk layan scaling gigi dan cek darah tiap bulan tunggu hadir,Netral
terima kasih rskmp layan sangat baikramah tidak bosan dan sangat cepat proses tidak begitu rumit,Positif
layan bagus tugas ramah ada daftar online yang mudah pasien bisa guna bpjs sehat dan umum tanpa beda beda pasien terima kasih rumah sakit khusus mata purwokerto,Positif
sungguh benar punya alam tidak senang sini daftar mobile jkn untuk poliklinik sore udh nyampe kesana dokter tidak ada trus disaranin kembali lagi besok nya daftar udh langsung saya batalin di aplikasi tetapi di sistem mobile jkn tidak bs ambil antri baru untuk bsknya sampai bsknya ttp saya cb ambil antri ttp tidak bisa jadi akhir telp cs kata bs daftar on the spot sampai jam 12 jam 1130 saya nyampe sana tryata udh tutup karena kuota penuh yang saya sayang adalah 1 dokter tidak standby kenapa di sistem ttp bisa daftar 2 kalau memang ada bijak daftar tutup telah kuota penuh harus sampai ketika saya telp cs benar2 sita waktu biaya tenaga saya karena harus bolak balik pada akhir zonk,Negatif
layan cepatramahtidak beda umum atau bpjs sehat ruang tunggu cukup nyaman ada fasilitas rawat inap juga,Positif
layan baik cukup cepat layan pasien bpjs sehat,Positif
kerja dokter luaar biasasat set,Positif
dokter terlalu sans tunggu panggil dokter lama sekali,Negatif
ada rumah sakit mata di pwt dgn gedung baru dgn dokter spesialis dan tenaga medis yang profesional smg layan sehat mata mjd lbh baik dan manfaat bagi warga yang milik keluh putar mata dan bgmn cara obat,Positif
sangat tidak muas awal dari daftar sampai tensi dan lain - lain aman tapi begitu sampai di ruang tunggu dokter nunggunya lama sekali di dari budi dan dari dyah sudah manggil pasien dari jam 8 di dari dian baru mulai panggil pasien jam 9 lebih estimasi layan jam 9 ini sampai jam 11 belum panggil juga lain kali tidak lagi lah ke dari ini,Negatif
layan sangat bagus tugas ramah pasien umum dan bpjs sehat tidak ada beda terima kasih rumah sakit khusus mata purwokerto,Positif
terima beri telah bantu proses lahir istri saya,Netral
lucu layan bpjs sehat di rumah sakit ini sangat tidak saran untuk teman2 yang mau bikin kacamata minta resep sini alam yang sungguh senang ketika sesi awal cepat selesai antri badan di tensi mata periksa ketemu ini resep kira sudah selesai habis itu ke farmasi eh munculah antri baru tuju ke dokter d yang harus kita selesai di jam 1130 harus antri sampai jam 3 hanya untuk dapat wejang yang sangat manfaat dari beliau yakni owh ini min nya sudah besar mas tinggal tunggu di farmasi ya kita sudah kasih tau di sesi awal jam 1130 your head asa bpjs sehat kita iur bayar kamu tiap bulan ini parah sekali harus bisa di skip itu sesi dokter yang tidak jelas antre boleh asal untuk alas yang masuk akal untuk depan moga layan makin baik maaf baru beri bintang 1,Negatif
tangan cukup baik dan profesional,Positif
lama ini layan bagus bisa daftar online via bpjs sehat,Positif
admin wa nya sangat slowrespon tidak bisa beri solusi ketika ada error atau sulit daftar online chat bisa balas 2hari telah pesan kirim bahkan tidak baca sama sekali padahal chat di jam kerja benar komunikasi lewat chat sangat guna bagi yang rumah jauh apalagi beda kabupaten seperti saya tapi sayang sekali admin rumah sakit sangat2 lambat dalam merespon pasien,Negatif
dokter tidak komunikatif,Negatif
penak,Positif
layan lelet berangkat jam 8 nympe jam 9jam 130 tinggal ambil obat lama minta ampunperut sudah kroncongan laperhadewh,Negatif
alhamdulillah lancar salin di rumah sakit amanah dengan normal bida sangat ramah juga bisa bikin akte tapi sayang satpam tidak ada sopan santun sedang mau lahir satpam main masuk saja sampai bida kaget itu sudah masuk buat cabul sangat di sayang sudah tua masih saja cabul tolong jangan sampai ada korban lagi,Netral
tempat nyaman daftar online sangat di mudah bissmillahirohmanirohim moga dengan obat ke sini mata bapak saya bisa sembuh aamiin,Positif
rumah sakit ini masih baru tapi tempat megah alat2nya lengkap tugas ramah dokter baik dan komunikatif obat lengkap daftar bisa online sehingga tidak perlu antre kalo tidak bisa daftar online ada tugas yang ngajarin cara jadi tidak perlu bingung kalo mau daftar dokter pun kita bisa pilih sesuai ingin kita saat pakai umum obat lebih murah daripada beli di luar saat pakai bpjs sehat eh sungguh benar gratis jadi makin jatuh hati sama rumah sakit ini smoga tambah maju rumah sakit khusus mata purwokerto,Positif
hari dan jam berapa dokter spesialis jiwa ditmpt terima kasih,Netral
layan lambat sekali buruk sekali untuk rumah sakit besar ini,Negatif
tempat nyaman layan baik dan ramah terima kasih,Positif
layan cepat dan rah,Positif
jangan lupa cek sehat mata anda di rskm purwokerto,Netral
rumah sakit khusus mata dokter mata nya baik layan tuju baik,Positif
saya pasang baru masih kurang informasi jadi coba ke rumah sakit periksa istri waktu periksa tidak dijelasin apa apa sama dokter hanya di usg tidak tanya diagnosanya apa waktu bayar kaget masuk ruang dokter tidak sampai 5 menit bayar 700 ribu,Netral
antrianya acak2an tidak jelas,Negatif
layan nya baik hanya dokter kenapa datang jam 845 yang no awal sama saja jadi tunggu lama,Negatif
suwene duh gusti,Negatif
sini sudah bs lasik belum y,Netral
baik sudah selesai periksa,Netral
rawat inap lama 5 hr guna bpjs sehat rawat dengan baik am dokter d perawatnyaterimakasih,Netral
layan mudah tugas ramah dan pemeriksaanya detail,Positif
pelayananya lama sekali sudah tau stiap hari antre tapi loket tidak buka semua dan leled,Negatif
layan ramah untuk daftar bisa online dan cukup cepat namun sangat sayang dan bisa kata daftar onlin siasia alas 1 dokter datang tidak di waktu tidak tentu hal ini kata oleh pasien yang rutin kesini tahu karena kami bincang kadang jam 9 kadang jam 10 kata dia alam kami pun dokter baru ada pukul 0945 2 hal yang sangat sayang dan bisa kata percuma yakni adalah daftar online percuma kenapa karena yang panggil saat periksa tidak sesuai urut nomor jadi percuma saya nomor 4 namun yang masuk dahulu nomornomor atas saya sedang saat daftar saya sudah sejak pagi tunggu saran saya dahulu nomor awal apabila lewat lewat 2 nomor lalu bisa panggil kembali dari nomor kecil moga depan lekas baik,Negatif
layan bagus ramah biar dapat nomor antri pertama berangkat pagi atau daftar online malam,Positif
layan sudah cukup bagus mungkin perlu di pisah yang daftar online sama yang langsung supaya lebih cepat dan tidak terlalu lama antrianya,Positif
coba ikhtiar sini moga layan analisa dokter dan lain - lain bagus,Positif
kesini hr sabtu karena tulis buka sampai jam 13 nyata loket tutup jam 11 gais lewat itu tidak bisa mlayani,Positif
nyaman canggih trampil,Positif
tugas ramah dan profesinal,Positif
parkir gratis,Netral
parkir mudah tempat bersih layan ramahcuma antri lama,Positif
dokter telat datang pasien tunggu lama lain baik,Negatif
layan sangat lama,Negatif
lumayan padat ruang tunggu informasi bagi daftar pasien prokes pasti,Netral
moga ke depan layan baik lagi,Netral
saya prtma kesini tadi turut saya staf sangat ramah tidak membedak2an umumbpjs rekomen lah turut sya,Positif
layan sangat ramah dan tempat nyaman sekali,Positif
layan cukup ramah tunggu sampai ber jam jam mungkin sudah wajar hanya saran saya mungkin depan bisa tambah kantin agar yang tunggu tidak kelaparankehausan khusus para lansia yang gaptek,Positif
kepingin lah sistem antri bisa lebih efektif atau dokter mungkin bisa tambah biar tidak terlalu lama tunggu saja lain lah baik tempat bersih staff dan dokter ramahramah kalo mau jajanmakan ada warung dan lfmrt,Positif
proses tunggu antri terlalu lama dari satu tahap ke tahap lain,Negatif
rumah sakit sakit yang nyaman layan bagussemua tugas dan juga dokter sangat ramah terima kasih sudah beri yang baik untuk masyarakat,Positif
layan kurang baik antri tidak jelas yang telat karena sudah daftar online tetep dahulu harus kalau sudah panggil tidak ada ya ambil antri lagi,Negatif
ada 1 dokter taat datang banget pdhl yang lain tepat waktu,Negatif
layan bagus tempat nyaman strategis rumah sakit banggan,Positif
5 tahun yang lalu lahir d sini yang pling g enak dokter anak dari perempuan sangat tidak ramah galak banget dalam jelas pdahal saya baru mnjdi ibu maklum belum tahu ttg hal asuh anak dan lain - lain sekira tidak tahu beri tahu dengan baik nada yang rendah tidak marah,Negatif
tempat nya bersih ruang tunggu nyaman parkir luas ada tempat khusus jalur kursi roda dan layan nya ramah,Positif
tugas nomor antri sangat ramah dalam jelas begitu juga di loket daftar saat masuk ruang periksa ruang kotor kurang rapi bangun baru tapi tembok sudah seperti bangun lama lantai sangat kotor tapi untuk layan muas,Negatif
good job,Positif
baik lah,Positif
sangat minta bantu untuk segala hal ubah atau apa itu diberitahukan ya baru tau ada ubah khusus rujuk bpjs sehat harus ganti rskm atau apa itu lah kalo tidak ada pemberitahuan awal seperti ini harus bolak balik kasi yang rumah pada jauh dan susah bagi waktu untuk yang pada kerja karena libur hanya hari tolong baik,Negatif
salah satu rskm baik baik dari segi layan konsultasi dan tindak layan sangat baik mulai dari security yang humble tugas registrasi sangat ramah tugas loket yang ramah dalam bantu isi form tugas periksa tensi check mata ruang 1 dan ruang 2 sangat ramah dokter nya yang kompeten dan profesional tugas farmasi beri obat yang mumpuni sukses slalu rskm tetap beri yang baik dalam layan masyarakat dan tahan ramah dalam segala hal,Positif
tempat bersih layan cepat,Positif
tempat yang lebih luasdengan dokter spesialis mata yang baik,Positif
rumah sakit khusus mata purwokerto ini rumah sakit rujuk dari banyak tempat lokasi baru lebih strategis luas nyaman daftar kalo mau antri cepat bisa lewat online layan ramah dan cepat,Positif
ruang tunggu yang luas dan nyaman,Positif
tempat luas nyaman dan sudah patuh protokol sehat,Positif
tidak perlu antre lama daftar sudah online nyaman,Positif
luar biasa moga jadi pusat sehat yang paripurna di purwokerto,Positif
makin megah bangun dan bagus dalam pelayanansemoga makin bagus dalam layan masyarakatsukses sllu,Positif
moga makin muas langgan,Positif
banding waktu tempat di bkmm tempat yang varu ini lebih luas dan nyaman moga dampak pada layan yang lebih baiksukses untuk rskm purwokerto,Positif
bangun rumah sakit khusus mata parkir luasruang tunggu luas,Positif
tempat nyaman dan luaspelayanan cukup memuaskankalau mau cepat tidak antre mending daftar online sajainfo lebih lanjut klik instagram rskhususmatapurwokerto,Positif
tempat luas layan cepat sangat baik,Positif
alhamdulillah ada rumah sakit mata deket dari rumahgedung baru cukup luas dan nyaman,Positif
layan bagus awat ramah ramahruangan bersih,Positif
dokter si baik sekali hanya begitu urus administrasi kecewa,Negatif
bagi administrasi leled sekali,Negatif
layan bag daftar dan dokter bagus sekali khusus dokter joko rilo tapi antre obat lama sekali 2 jam lebih antri,Positif
urut periksa gmn si dateng no 2 panggil no 8 sudah lewat banyak tolong lebih teliti lagi urut sengaja berangkat gasik padahal,Negatif
saya beri bintang 1 untuk bagi farmasipengambilan obat sekali duakali tigakali antri lama untuk loket g sekian tadi antre dari g23 ke g26 hampir 2 jam padahal yang antri h itu sudah bolak balik di panggil dan sudah sampai h 99 lama2 kesel juga karena antri loket g selalu di terakhirin alasanya karena loket g obat racik tetapi telah di komplen antrianya langsung di panggil dan saya liat di meja tempat naro antri obat sudah ada beberapa resep antri g yang sudah ready yang arti antri g tidak di panggil2 bukan karena belum selese tetapi krna seperti memang tidak di prioritas kenapa apa krna pake bpjs sehat kecewa sekali bukan hanya 12orang lho yang bilang gin tapi banyak tolong lah di baik lagi untuk layan farmasi,Negatif
pelayananannya super ramah bintang pokok,Positif
godds,Positif
sempat rawat inap sini karena diare dan dalam kondisi hamil dokter cepat tanggap awat baik2 cm nitip saran kalau tensi pagi minim dibangunin dulu ya sustsy sempet kaget soalny tiba2 tanganny di ambil untuk ditensiruanganny sll bersih nyaman terima kasih dok marta isyana dan semua awat katharina sehat2 semua,Positif
layan baik tugas ramah tamah,Positif
layan farmasi sangat lambat sudah 15 jam belum selesai,Negatif
layan bagus bersih terus banyak tempat estetik untuk foto,Positif
layan sudah sesuai prosedur tingkat layan agar pasien bisa lebih nyaman lagi,Positif
mau obat kok liat ulas buruk semuajadi ragu kesini,Negatif
terima beri banyak untuk layan dokter ratna sari spesialis tht tangan sangat rapi dan bersih selain obat dokter juga jelas cara rawat telinga dengan baik saya sangat puas dengan layan dan baik dokter tht asisten terima beri banyak,Positif
sya pasien d sini langgan kesini kalau sakittp sayang farmasi lama pake sekali pelayanannya30 menit tidak ada satu nomerpun yang d panggiltolong d baik layan farmasinyadr dlu masih begitu saja,Negatif
terima beri untuk rumah sakit umum st elisabeth purwokerto layan sangat muas di instalasi gawat darurat cepet layan farmasi cepat dan untuk bidan bida sangat tanggap cepat dan baik baik sekali sangat puas atas semua layan,Positif
untuk bapak yang jaga administrasi instalasi gawat darurat tidak ada etika orang sudah sesak nafas panas tinggi tidak karuan butuh tolong malah dibiarin dateng juga kita dicuekin saat wakil bilang mau pakai bpjs sehat eh hanya di jawab nanti sakit di cek dulu sama dokter bisa rawat inap sama pake bpjs sehat apa tidak soal tidak bisa asal sembarang pake dih najis amat sudah gitu ada suster 1 cm mondar mandir doang haha kocak banget layan harus mah  tekan  di arahin kita harus mana dan bagaimana jangan diem doang asik sama komputer se sibuk apa sama kerja kamu kalo tidak bisa satset mah  tekan  ngapain kerja jadi admin instalasi gawat darurat instalasi gawat darurat isi org yang butuh tolong cepat sudah lah ogah kesini lagi benar kata orang mending ke rumah sakit militer wijayakusuma yng layan bagus,Negatif
layan nya sangat2 muas dan dokter2 gercep2,Positif
terahir kesini tahun 2018 hari ini ke rumah sakit elisabeth banyak sekali ubah salah satu contoh gedung mulai dari lobby temu security yang sangat ramah tanya ruang langsung di antar semua staff sevice excellent,Positif
satpam bad attitude rawat inap belum sembuh udh dibilangin sama dokter dari syaraf btw sekarang banyak duduk besok pulang besok makin drop tetep suruh pulang rumah sakit cari klaim bpjs sehat gin ini alhasil lusa masuk rumah sakit lagi tapi pilih rumah sakit lain dan baru tau diagnosa nya yang betul,Negatif
buruk pelasyanane,Negatif
lelet sekali ngurus berkas mau pulang tunggu 1 jam lebih,Negatif
kali ke dua layan kurang sekali lama minta ampun bulan lalu tunggu bayar lama sekali dari jam 5 sore sampai jam 9 malam baru selesai hari ini hanya ambil obat saja harus tunggu 1 jam lebih apa karena bpjs sehat sehat kali yah kapok sudah kesini,Negatif
dokter sangat baik ramah tetapi jujur kecewa dengan layan suster antri sering kacau di poliklinik anak pdhl dapat no awal dtng awal juga tetapi tidak dipangil2 sampai tunggu 2 jam lebih bikin kapok layan antri jadi enggan untuk kesini lagi,Negatif
alam sc bulan juni 2023 sc ke 3 bulan september 2025 terimkasih rumah sakit umum santa elisabeth purwokerto kami keluarga sangat sangat puas dengan layan dari staf kantor dokter suster semua kariawan rumah sakit umum elisabeth benar layan dengan sepenuh hati,Positif
layan cepat bagus ramah ramah ta ada tapi nya kamar 304 tresia lantai 3 skg bayi ku sakit tidak bisa istirahat tidak bisa tidur kamar belah yang nyenguk nya rame banget ibu yang sakit nya juga kalau ngomong teriak teriak berisik bgtplis untuk elisabeth yang mau nengok di batas jangan lama lama trus kalau mau nengok jangan kencengsuaranya di bilangin pliss,Positif
layan muas dari awal masuk instalasi gawat darurat daftar rawat inap pakai bpjs sehat di mudah dan alhamdulillah salin istri lancar terima kasih dari anam bidan awat dan staf semua,Positif
layan rumah sakit elisabet ruang fransiskus sangat bagus seluruh rumah sakit elisabet sangat bagus,Positif
410 layan bagus senang,Positif
layan suster sangat ramah sopan2 saya dirawatdi ruang fransiskus padahal pake bpjs sehat tetapi layan baik,Positif
sangat sayang layan di instalasi gawat darurat utama dokter jaga ibu2 yang hari ini 25825 jaga malam jutek dan sangat tidak ramah kami pasien bayar bukan gratis lho jangan karena beberapa oknum jadi rusak citra rumah sakit elisabeth yang sudah kenal dengan layan yang baik,Negatif
awat ruang fransiskus sangat baik bersih nyaman,Positif
layan baik pol,Positif
layan dokter buruk cara mereka edukasi pasien dan jelas tidak propesional harus di tingkat lagi bagaimana cara dokter jelas dan sikap pasien cara sampai ke pasien tidak edukasi nama kerja di bagi layan publik dokter awat dan lain - lain memang harus layan pasien apa lagi orang sudah demam 5 hari datang ke instalasi gawat darurat malah di tolak jadi di jam 2040 wib tgl 14 agustus 2025,Negatif
terima kasih bu dokter dan bidan semua yang cantik cantik baik dan ramah,Positif
bpjs sehat benerbener dianaktirikan tunggu obat dari farmasi sampai 3 jaman,Negatif
layan sudah cukup baik ruang bersih dan rapi untuk semua tahap juga tidak tele tele ruang fransiskus,Positif
suster di ruang fransiskus sangat ramah dan peduli ke pasien sangat baik,Positif
awat ruang fransiskus baik dan ramahterbaik,Positif
layan baik banget,Positif
ruang fransiskus ya terima kasih kami sangat puas atas layan di rumah sakit ini,Positif
ruang fransiskuspelanyanan muas,Positif
ruang fransiskus pelayananya bagus baik ruang bersih rapi nyaman awat baikbaik,Positif
kecewa,Negatif
bpjs sehat di anak tirikanapalagi lansia kelas 3,Negatif
ramah sopan jelas sangat mudah di paham,Positif
layan ramah ruang bersih terima kasih rumah sakit elisabeth purwokerto,Positif
awat ruang operasi jos awat ruang dominikus baik sabar tanggal terima kasih rumah sakit elisabeth,Positif
layan di ruang fransiskus sangat bagus,Positif
lantai 4 dominikus tgl 13 yang shift malam smua awat tidak punya empati awat habis ganti infus buka pintu tinggal gitu saja pasien dingin pintu tetap dibiarin buka bukan perawat2 yang lewat bantu nutup malah cm lewatin tanpa ada inisiatif sama sekali malah ada yang bilang caper dan nyindir pasien memang tidak dingin jelas dingin lah ac dingin sama pintu buka lebar lah yang buka pintu siapa pasien sakit bukan robot sedikit empati saja tidak punya jangan kerja di rumah sakit kalau tidak bisa manusiawi,Negatif
antri farmasi sangat2 lama,Negatif
apakah ada poliklinik jiwa sini,Netral
tidak satset,Negatif
kontrol dari fresa spdv jam 0830 poliklinik paling pagi dari daftar nurse station poliklinik layan baik sat set gercep sekali mungkin msh pagi dan sepi tapi saat udh selesai tinggal ambil obat di farmasi luar biasa lama kaya siput ku intip yang jaga hanya 2 org dgn poliklinik yang mulai rame tunggu obat 3 jam sangat tidak worth it apalagi kasi banyak pasien lansia tolong kalo memang jadwal banyak dokter yang praktek brarti tambah sdm apoteker atau ttk nya yang jaga ya kasi pusing keteter apalagi pasien yang jelas lagi obat ya lagi sakit tetapi harus tunggu jam jam,Negatif
layan selalu cepat awat semua ramah baik dan informatif bagus,Positif
awat baik ramah pelanyanannya sangat bagus,Positif
layan sangat bagus suster sangat ramah,Positif
layan baikcekatan ramah ruang bersih terima kasih rumah sakit elisabeth untuk semua fasilitas,Positif
layan ramah baiksopan sopan ada awat yang judes 1,Positif
ruang fransiskus joss pokoke,Positif
orang lagi sakit lemes masuk ke instalasi gawat darurat di arahin poliklinik umum sama dokter jaga badan lemes suruh jalan ke poliklinik lantai 2 tidak di beri kursi roda ruang pengap ac matibed buruk tidak ada bantal sangat buruk pelayanany,Negatif
satpam yang jaga hari ini tanggal 3 juni 2025 jam 1300 tidak ramah sama sekali cara jawab kasar tidak sopan kasar saya tidak boleh masuk karena bukan jam besuk gpp saya terima tapi sebelum2nya saya banyak yang boleh masuk rombong pula cara layan sama sekali tidak sopan saya tanya kenapa mereka boleh yang masuk satpam jawab dia mau operasi mau ikut bisa tidak si jawab pake bahasa yang sopan tolong lebih perhati lagi sdm seperti itu ada lagi saya tanya jam besuk jam berapa malah jawab coba lihat saja dari luar itu atas ada tulisanya coba baca lagi jam berapa sangat kecewa dengan layan seperti itu,Negatif
terima beri atas layan,Netral
layan rumah sakit elisabet sangat baik dan cepatdiruangan fransiskus tempat bersih nyaman dan sejuk,Positif
layan muas dan sangat bagus,Positif
layan yang ramah dan luar biasa suster dan doktor baik ruang katharina,Positif
layan bagus awat ramah dan baik,Positif
rumah sakit elisabeth memang dalam layan itu sangat baik dan empatik karena rumah sakit ini untuk layan semua lapis masyarakat dan cara seluruh tidak banding antara satu sama lainy utama bagi bidan,Positif
terima kasih layan sangat bagus meski serta bpjs sehat tapi laku dengan baik awat staf semua sgt ramah,Positif
layan ramah dan sat set,Positif
elisabet kerja nyataterimakasih untuk rumah sakit elisabet,Positif
awat ruang fransiskus baik2,Positif
r fransiskus,Positif
layan ramah sekali tangan bagus dokter jelas sangat jelas,Positif
ruang fransiskus layan bagus di rumah sakit elisabeth,Positif
tempat nyaman bersih dan enak sekali,Positif
hari jumat sudah daftar via mobile jkn untuk laku periksa hari senin lalu hari senin datang ke rumah sakit nyata perlu daftar ulang telah gilir saya panggil kemudian info bahwa dokter pulang karena ada perlu lalu hari selasa saya chat dengan bagi daftar tanya jadwal praktek dokter sebut info sudah full minta daftar lalu mobile jkn untuk hari besok hari rabu telah itu tidak info apa hari ini rabu saya datang ke rumah sakit laku daftar ulang lalu info oleh bagi daftar bahwa dokter sudah tidak terima pasien online telah itu saya temu dengan asisten dokter info kalau guna bpjs sehat datang untuk daftar jam 1siang ya mana saya tahu di aplikasi mobile jkn jadwal pukul 1545 saya duduk di depan daftar pukul 1450 karena di aplikasi suruh datang 60menit belum kesel lah saya tidak semua org tau regulasi rumah sakit seperti apa lain kali info yang jelas ke pasien mohon tingkat lagi layan nya kita pakai bpjs sehat juga bayar kok tidak gratis,Negatif
terima kasih atas layan yang di ikan kepada istri saya sehingga istri saya bisa pulih lebih cepat dari saya masuk di instalasi gawat darurat smapai rawat inap semua awat nya ramah dan sangat nyaman pada saat beri informasi dan tangan dan juga terima kasih kepada dari alvin yang sangat sabar tangan istri saya tidak lupa saya berterimakasih kepada tugas bersih dari r instalasi gawat darurat sampai di rawat inap yang bersih ruang dengan sangat bersih ramah dan teliti rumah sakit elisabet bersih nyaman dan asri,Positif
layan bagus good job rumah sakit umum elisabaeth pwt,Positif
layan sangat baik dokter dan awat ramah sukses selalu untuk rumah sakit umum elisabeth,Positif
layan sangat bagusterimakasih,Positif
layan bagus tempat nyaman bersih dan rapi,Positif
bagus,Positif
ruang katarina kesan dan pesan layan baik tugas ramah dan fasilitas nyaman,Positif
layan bagusdan bersih ruang,Positif
layan ramah awat baik baikj,Positif
layan di elisabeth muas awat ramah,Positif
temenku rawat di ruang fransiskus suster ramahramah,Positif
layan yang ramah dan sabar,Positif
layan sangat baik dan muas,Positif
ruang fransiskus bersih nyaman,Positif
adik saya lahir di sana tetapi bidan di sana sangat tidak ramah dari ruang operasi ke ruang observasi gedung lama dan adik saya udh habis bius di bawa kasar sama bidan sampai nang saat sudah sampai di paksa ngangkang untuk liat darah nifas minta maaf gaada sama sekali sampai adik saya keluar gaada satu yang minta maaf kalau gabisa ramah gaush jadi bidanperawat sampai adik saya trauma lahir gara layan kalian,Negatif
layan yang bagusmeskipun hanya di kelas 3 ruang nyaman,Positif
pelayananya baik,Positif
layan bagus,Positif
layan baik cepat tanggap dalam layan pasien pegawai ramah ramah fasilitas yang cukup tempat nyaman bersih,Positif
di rawat di ruang fransiskus sangat muas layan ramah,Positif
layan baik awat baik ramah,Positif
layan ramah sekali bintang ribu kalo ada mahh fransiskus 313,Positif
rumah sakit bersihselama di rawat di ruang fransiskus layan dokter dan awat sangat ramah,Positif
selalu puas dengan layan dan fasilitas terima kasih awat ruang fransiskus,Positif
saya di ruang maria 308pelayanan nya bagus,Positif
ibu sya pasien kis rawat inap d sini dateng langsung d periksa tidak nunggu2 puas banget obat di sini dari security sampai dokter ramah dan baik2 banget tidak d beda2kan layan baik kis atau umum cekat semua moga makin sukses rumah sakit santa elisabeth,Positif
layan bagus tangan cepat t4 bersih nyaman tidak berisik bisa guna bpjs sehat,Positif
fasilitas bagus dan layan ramah,Positif
layan yang luar biasa untuk rumah sakit elisabeth purwokerto saya rawat di ruang fransiskus dapat perhati yang baik,Positif
kualitas layan nya bagus dan muas,Positif
suasana adem bersih para karyawan sangat ramah bisa istirahat dengan tenang untuk sembuh dati sakit,Positif
layan bagus,Positif
layan mntap,Positif
layan rumah sakit elisabeth pelyanany baikperawat dan dokter baik dan ramahtempat bersih,Positif
antri obat lama banget,Negatif
tangan grecep selalu mempriotaskan yang sakit,Positif
lama di rawat di ruang fransiskus memuaskanperawatnya ramahbaik dan selalu cepat tanggap,Positif
baik sekali,Positif
di rawat di ruang fransiskus awat baik dan ramah,Positif
layan bagus para tugas sangat komunikatif dan bantu,Positif
di rawat di ruang fransiskus ruang 315 tempat nya bersih nyaman awat nya ramah enak pokok tidak rasa kaya di rumah sakit,Positif
terima kasih elizabeth suster bidan dan dokter sangat ramah dan pelayananya bagus alhamdulillah salin saya jalan normal sehat,Positif
bagus,Positif
layan sangat ramah bidan juga baik baik layan profesional walaupun pakai bpjs sehat,Positif
tunggu obat resep bpjs sehat sekitar 14 nomer lama sekali sampai 1jam 30menit lebih baru panggil 7 nomer,Negatif
maret 2025 ana kena sakit tipes dan guna bpjs sehat sehat kelas 2 tempat bersih makan enak layan baik baik dokter maupun suster semua tanggap terima beri,Positif
alhamdulillah berkat pelayanane sangat baikmemuaskanjg fasilitas yang mewadai semuanyacukup puas kami bagai pasien trimah beri atas dokterperawat dan seluruh stap rumah sakitsemoga makin maju,Positif
terima kasih untuk pelayananya kami rasa puas,Positif
layan baik semua baik admistrasi maupun dokter dan awat,Positif
layan baik,Positif
layan sangat bagus dan muas,Positif
ruang maria 311 ruang vip bersih dan nyaman semua dokter sangat baik dan sigap untuk awat ada yang sigap dan ada yang kurang sigap utama pada shitf malam,Positif
sangat nyaman memuasakandan sangat ramah,Positif
terima kasih atas layan baik moga sukses selalu semua,Positif
layan sangat baik saat saya lahir,Positif
tidak ragu lagi layan sehat selalu utama pasien,Positif
rumah sakit terthebest lama saya nemenin tanteponakansodara2 rawat di rumah sakit elisabeth ini itu nyaman pool layan ramah bngetbaik bangetkalo ngejelasin juga sungguh benar sabarkalo gabisa kasih tau pokok terthebest sekali siih walaupun pake bpjs sehat tapi selalu satset pool ruang nyaman sekali bersih rapi wangitoilet jugaa bersihsemoga selalu seperti itu yaa lama sukses selau rumah sakit elisabeth is the bagus,Positif
layan di ruang fransiskus baikperawat ramah n baik,Positif
ruang bidan layan ramah dan baik terima kasih,Positif
layan baik kamar bersih dan sangat bantu,Positif
alhamdulillah saya baru saja lahir di sini saya juga pakai bpjs sehat alhamdulillah juga layan sangat baik tidak ada ke kurang sedikit terima kasih,Positif
layan sangat baik cepat sigap tambah saja si ac nya kurang dingin ya mungkin tidak semua ruang ac nya masalah tetapi ya tlong baik rutin ac nya,Positif
bidane sangat ramah dan laku layan sesuai dengan sop,Positif
sangat puas dengan semua layan yang ada di rumah sakit elizabetz,Positif
pelayananya baikpennagnya cepat,Positif
awat do ruang fransiskus baik dan ramah dan dari joko juga sangat baik,Positif
tempat bersih layan muas,Positif
layan yang nyaman dan sangan baik,Positif
layan sanagat baik dan ramah terima kasih rumah sakit elizabeth,Positif
layan sangat baik dan ramah sesuai sop,Positif
lama rawat inap di ruang fransikus 2x rasa nyaman dan bagus awat ramah,Positif
baik pelayanann ramah,Positif
suster nya sangat baik cepat merespon jika di butuh,Positif
layan ruang bidan sangat baik dan muas,Positif
layan sangat muas utama ruang dominikus,Positif
saya sangat puas layan di rumah sakit elisabeth dari dokter sampai ke awat atau staff lain ramah dan senang,Positif
tempat bagus layan baik,Positif
layan dirs elisabeth sangat baik perawaty cantik2ramah2,Positif
sangat senang layan bagus,Positif
ruang fransiskus bersih dan nyaman,Positif
layan baik bidan nya ramah,Positif
terima kasih beri atas layan ruang bidan yang cantik,Positif
layan bagus dan gercep,Positif
layan luar biasa,Positif
ruang bidan nyaman bidan juga ramah semua layan baik maksimal,Positif
layan baik baik,Positif
dtg ke poliklinik tht sampai jam 715 tetapi dokter praktek sampai jam 1930 bela2in datang ke rumah sakit walaupun pasien hanya saya saja bagus banget thank you dari david santoso,Positif
rumah sakit yang bersih layan ramah dan tidak beda antara pasien umum dan bpjs sehat makan enak dari lahir anak pertama sampai ke 2 sampai opname selalu pilih rumah sakit elizabeth terima kasih rumah sakit elizabeth panjang umur untuk suster dan dokter serta crew yang tugas ammiinn,Positif
awat dan dokter baik2,Positif
layan baik dokter dan bidanperawat ramah semua,Positif
depan lebih baik lagi,Positif
nyaman,Positif
layan sangan muas,Positif
antri online tidak terap,Negatif
sangat puas dengan layan di rumah sakit ini dokter dan awat layan dengan profesional fasilitas juga sangat baik dan modern,Positif
sangat baik layan baik ramah dan cepat,Positif
lama layan di rumah sakit elisabet baik dan bagus dokter dan awat baik,Positif
pelanyana bagus bangettsister dan dokter ramah sekali terimkasih,Positif
lama rawat di ruang fransiskus pelayananya bagus,Positif
rumah sakit bersih rapi luas dan nyaman trima beri sudah beri layan moga makin maju dalam layan,Positif
jauh ini layan sangat baik dan nyaman,Positif
tempat nyaman layan bagus suster sangat ramah,Positif
sangat baik,Positif
nyaman layan ramah baik da cepat,Positif
ruang bidan maria 310 nyaman,Positif
bidan cepet penenanganan ramah baik,Positif
layan di instalasi gawat darurat sat setdokter sp kandung sama sustere rawat inap juga ramah2trimakasih semua love you alltambah sukses depan,Positif
rumah sakit legend bangun vintage terima bpjs sehat dan asuransi poliklinik tidak rame2 banget tetapi dokter baik baik pak satpam bantu banget untuk ditanya2,Positif
awat sangat ramah,Positif
terima kasih untuk semua moga semua baik balas dengan baik yang berlipatlipat amin,Positif
rumah sakit yang sangat sat set jelas akurat ramah dan layan baik semua karyawan,Positif
luar biasa rumah sakit elisabeth layan sangat bagus semua di layan dengang baik walaupun bpjs sehat tetap di layan dengan sepenuh hati utama selamat pasien cepat ambil tindak suster awat juga dokter sopan juga baik terima kasih sudah rawat anak saya dengan baik selalu buat baik pada sama,Positif
terima kasih untuk layan awat lucu ramah ada yang cantik banget panggilanya inces kaya lupa moga rumah sakit elisabeth makin sukses jaga pelayannanya,Positif
adik opname karena ada operasi kista untuk dokter dan tugas administrasi semua ramah sabar jelas dan hadap pertanyaan2 baik dari pasien maupun kami keluarga yang minus itu awat saya paham awat pasti capek urus banyak pasien dan admnya tapi tidak benar bentak orang tua karena salah lupa taruh kasa yang sudah beri nama orang tua daya ingat sudah turun lupa letak sesuatu wajar ada padahal kasa juga ambil lagi di stock juga bisa tapi awat marah2 dan sampai bentak2 tolong capek jangan salur ke pasien maupun keluarga pasien apalagi ibu saya baru pertama nungguin anak yang operasi pasti juga tidak tau harus bagaimana daripada marah2 mending untuk edukasi saya bagai anak tidak terima ibu saya dibentak2 kapok si opname sini next mending ke rumah sakit lain saja,Negatif
awat seperti aplus nya tidak lengkap tiap kita nanya ke awat harus jelasin lagi dari awal maksud dan tuju bagai pasien padahal mereka masih awat distation yang sama 1 awat dengan semangat bilang kalo hasil urine dari test napsa 3045menit kata suruh tinggal tetapi nyata 20menit udh di wa 2 awat yang handle pertama rasa oper ke awat lain nya kurang lengkap atau yang dioperin tidak paham 3 suruh minta cap sendiri ke daftar lt 2 eh sama lt 2 gada suruh ke lt 1 excuse me 4 kapok,Negatif
rumah sakit nya bersih layan nya baik hari ini pertama kali kesini ke poliklinik tht dokter tht nya baik moga sakit ku cepat sembuh amiin,Positif
masuk untuk rawat inap anak kalo mgasih obat tolong di jelas fungsi dan beri untuk apaa karena tunggu pasien belum tentu paham obat ini untuk apaa tolong di baik pelayanananya,Negatif
bagus sekali layan mulai dari depan hingga belakang sangat ramah ini bagi real rumah sakit baik di kota purwokerto,Positif
pelayana cepat muas dan sangat luar biasa terima beri icu elisabeth suster layan dgn hati sukses sllu,Positif
lahir yang dua kali sini layan bagus ruang nyaman bersih layan bidan juga baik sekali,Positif
sekuriti gada ramah ramah buruk sekali layan,Negatif
layan di farmasi terlalu lamaantri 25 jam untuk ambil obat,Negatif
buruk layan dokter ny tidak ontime dan mengulur2 waktugk rekomendasi pokok nya aq lngsung cancell gnti ke rumah sakit laen msh bnyak yang lbh bgs di pwt,Negatif
kacau banget dokter sudah kali kali bilang jempol saya canteng eh masih ngotot kalo jempol biru akibat kena kursi sudah 1 bulan belum sembuh pake obat dari dokter itu malah jempol saya sekarang nanah dan bengkak sekali,Negatif
terima kasih untuk tim instalasi gawat darurat yang sudah beri layan prima untuk anak sayahanya alloh yang balas jasa jasa kalian meski sering beri komplenan tapi kalian tetap sabarsehat selalu untuk nakes rse,Positif
di rawat di ruang vip pake umum tetapi layan tidak sat set sampah tidak di buang suster jaga di beri tahu mama kaki sakit smp 3x juga tidak tanggap hanya janji nt panggil dokter mt ganti sprei nt saja tunggu shift ikut suster di panggil tidak senang akhir kapok dech,Negatif
ruang nyaman bersih layan baik awat sabar dan sangat ramah apalagi di katharina dari nya juga ramah senang lahir di sini terima kasih dari marta dan bidan2 di rumah sakit umum elisabeth,Positif
maaf mau tanya jadwal dokter budi hari apa ya kak,Netral
layan nya sangat lengkap ramah dan juga bagus,Positif
rumah sakit elisabeth pwtbangunanya estetik lah,Positif
sukses selalu,Positif
bersih dan megah,Positif
saya bukan pertama kali obat ke rumah sakit elisabeth beberapa kali ke poliklinik dengan layan yang baik tapi hari ini saya ke instalasi gawat darurat sekitar pukul 0400 tidak ada tugas satu padahal tulis instalasi gawat darurat 24 jam saya tunggu sekitar 510 menit suami saya keliling cari tugas tetapi tidak ada satu hanya ada tugas di pintu masuk karcis parkir akhir kami pindah ke rumah sakit lain cukup kecewa dengan layan di igdnya instalasi gawat darurat yang harus untuk hal darurat tetapi tidak ada tugas,Negatif
dari dian poliklinik jiwa layan kurang bagai dokter jiwa harus pasien rangkul dan ajak bicara cara santai dan nyaman lalu dekat perlahan bukan tanya cara frontal dan to the point rasa interaksi sifat satu arah saja tidak ada feedback dari dokter kepada pasien dan tidak ada jelas kena keluhankeluhan yang sampai pasien tidak juga beri diagnosis akhir atas keluh yang cara tidak nyaman sampai sesi periksa asa sangat datar kaku dan tidak senang tanpa tau dan tanpa dapat informasi apa kait kondisi sehat mental yang dengan susah payah usaha kata kita hanya beri obat pasien clueless apakah fungsi dokter hanya beri obat saja farmasi layan lama bahkan ada yang tunggu hingga 3 jam hanya untuk ganti nomor antri dari g11 ke g12 1 nomor antri sedang untuk resep pasien umum sudah jalan ke nomor antri h64 transformasi layan mudah cepat dan tara kalimat omong kosong yang ada di pintu masuk itu baik copot perawatadministrasistaf atau apa itu baik henti bicara yang kurang pantas dengar pasien saat sedang layan oper rekam medis kesana kemari hanya karena sedang malas apakah itu betulbetul bisa sebut bagai layan tolong latih seluruh staf agar lebih profesional lagi kalau ramah saja tidak beri lalu apa lagi yang dapat harap toiletwc bauu banyak serangga laron nyamuk capung this complain kinda funny ngl,Negatif
pakai umum tidak arti dapat layan yang ramah tugas daftar lantai 1 jutek judes sekali,Negatif
buruk layan rekam medis pasien kok bisabisanya cari dan tidak ketemu sampai bikin pasien tunggu berjamjam tidak profesional sekali kecewa masa orang tua suruh tunggu karena salah pegawai rumah sakit percuma daftar online dapat urut awal kalau layan buruk begini mesti tunggu entah sampai kapan tolong baik kerja,Negatif
belum ada no wa nya,Netral
layan di rumah sakit elisabeth sangat bagus dan muas dari amin spog dan bidan yang tugas di ruang bidan sangat kompeten ramah dan beri layan dengan hati smg dokter dan bidan rumah sakit elisabeth pwt sll beri sehat agar dapat layan pasien yang butuh,Positif
anak saya di rawat di ruang fransiskus dokter ariadne dan awat baik dan ramah,Positif
terima kasih banyak atas layan yang luarbiasa baik dari semua nakes rumah sakit elisabeth purwokerto untuk bapak saya dari masuk instalasi gawat darurat hingga selesai terima kasih layan ruang fransiscus yang baik dan sabar walaupun pasien bpjs sehat ruang dan fasilitas lbh dari cukupoverall rumah sakit elisabeth the bagus,Positif
puas dengan layan,Positif
datang ke poliklinik mata untuk memriksakqn karnataka ibu saya temu dengan dari wayan saya acung jempol untuk dokter dan awat terima kasih ibu dokter yang baik dan supel untuk bagi daftar tidak ada masalah hanya bagi farmasi yang parah dan tidak cekat saya harus tunggu 3 jam 1 nama panggil tiap 20 menit parah sihtolong baik lagi tolong tambah lagi apoteker,Negatif
tangan terlalu lama banyak administrasi dan lain - lain yang harus kan pasien di utama tapi ini tidak harus ke sini harus ke situ rumit sekali rumah sakit nya masuk saja lah harus jangan gitu kita pasti bayar kok orang dari dulu juga di rumah sakit elisabeth baik yang baru ato yang rumah sakit lama dulu moga di terima masukanya soal pasien lebih penting jangan semuasemua mikir uang terusmasa ya di instalasi gawat darurat dari jam 8 pagi sampai hampir jam 12 tidak ada jelas padahal pasien sudah tidak karuan moga lebih baik lagi layan karena pasien lebih penting dari lai,Negatif
sangat puas dengan layan,Positif
layan sangat buruk kecewa sekali saya di rawat inap layan kurang awat jutek tengah malam sedang drop tidak di tangan dengan nada jutek dengan alas sudah midnight ya tau midnight tapi ini kan pasien sampai tidak bisa tdr bsk nya tambah drop di pulang tanpa visit dari padahal kondisi saya masih sakit saat itu cek apa apa nya lelet tidak tangan cara cepat dari nya tidak cepat tanggap menginditifikasi sakit lama banget alhasail masih sakit rusuh pulang pokok sangat kecewa serba lelet,Negatif
terima kasih untuk dokter dan perawat2 yang kerja layan anak saya dengan baik ini awat anak saya yang dua kali stelah 4th yll pernah rawat di rumah sakit st elisabeth purwokerto layan yang baik ramah nyaman serta tempat yang sangat djaga skali bersih terima kasih,Positif
awat di ruang fransiskus ramah dan baik,Positif
kakak saya mau obat dokter datang jam 11 siang kakak saya sudah datang jam 10 tapi tidak izin daftar dengan alas pasien bpjs sehat baru boleh daftar ketika dokter yang tuju sudah mulai praktek biasa nganter keponakan obat bayar mandiri layan baik baru kali ini mentang2 pake bpjs sehat ada saja atur aneh buat,Negatif
anak baru saja pulang rawat inap rumah sakit elizabet purwokertokamarnya bersih nyaman dan paling ter the bagus layan yang ak rasain dari dokter anak dan awat kalian semua luar biasa terima kasih,Positif
sudah ke 2 x nya anak di rawat di rumah sakit santa elisabeth purwokerto untuk layan bagus sat set dokter nya ramah tanya2 juga enak respon nya dan suster nya juga ramah semua,Positif
awat sangat ramah baik dan sabar,Positif
sangat muas layan nya,Positif
terima kasih banyak atas layan rselisabeth khusus untuk ruang fransiskus layan baik awat baikramah ruang bersih dan nyaman,Positif
layan di rumah sakit st elisabeth benar benar muas lama anak saya di rawat di ruang theresia lantai 3 awat ramah ramah dan cekat rutin di kontrol pokok sangat sangat muas terima beri untuk awat ruang theresia atas layan nya,Positif
layan nya bagus awat nya ramah tempat nya bersih tahan,Positif
layan baik staff nya ramah ramah bersih nyaman,Positif
alam lahir anak di rumah sakit elisabeth puas sekali sama layan mulai masuk instalasi gawat darurat semua reaktif cepat tanggap dan jelas sangat mudah paham org awam seperti saya lalu operasi caesar juga alhamdulillah sangat puas ruang operasi di gedung baru sangat nyaman bersih dan modern kamar inap luas bersih nyaman sekali terima kasih untuk semua tim medis ibu bidan ibu2 suster nakes yang super ramah dan helpfull khusus terima kasih sekali dokter yelly yuliati spog bu tanti dan lain - lain yang tidak bisa saya sebut satu satu very very helpfull sekali lagi terima kasih semua,Positif
alam lahir anak pertama di rumah sakit elisabeth dgn dari yelly sangat muas semua bidan awat dan dokter pun sangat sigap dan cepat tanggap untuk layan lahir anak pertama kami terima kasih banyak untuk layan yang penuh tulus dan sepenuh hati,Positif
layan yang bagus bagi farmasi sudah lebih cepat daripada belum tahan farmasi rumah sakit elisabeth,Positif
layan muas farmasi cekat,Positif
pelayananya baik,Positif
u layan di farmasi cpt dan ramah terus diperthankan ya terima beri,Positif
layan farmasi baik karyawannya sangat ramah,Positif
selamat siang saya masuk guna layan rse yang sudah ckp lamanamun sekitar minggu yll anak dy rawat sekitar 3 hari ada yang beda yang biasa pelayanaan di kamar vip saat masuk kamar hari pertama biasa kasih souvenir upa satu paket lengkap mandibbrp buah tapi kemarin sudah tidak dapat saya yang k tln anak dadak sakit dan harus dibwa ke instalasi gawat darurat tidak sempat bawa prlngkpn mndi jadi harus keluarbeli di indomaret pdhl sudah bgs mmberikn servis ke kelg pasien yang dateng dari jauh sudah sedia paket prlngkpn mandi moga i i bisa mnjd revisi phk rumah sakit meski hanya soifenir alat mndi to sngt arti bwt kkg pasienjd mrs kalo phk rumah sakit pun sngt perhati dgn butuh pasien yang kecil sekalipun,Negatif
alam rawat inap di ruang katharina bidan profesional dan ramahramah juga ruang juga nyaman,Positif
saya di rawat di ruang katharina layan bidan nya ramah dan tlaten,Positif
suster ruang teresia sangat ramah ramah kantong juga walaupun pake umum,Positif
elisabeth is the bagus,Positif
layan ramah dan jelas terima kasih tahan terus,Positif
rawat inap di ruang katharina nyaman fasilitas lengkap bersih sangat bagusperawatnya ramah sekali sangat recommendeddicover bpjs sehat juga,Positif
terus juang tolong sama walaupun banyak rintangansemanggat,Positif
tempat bersih layan bagus,Positif
terima kasih sudah rawat anak saya dengan baik sekali dan telaten pdhal anak saya sangat tantrum dan jadi tenang skli karena ada tempat untuk warna ide yang sungguh bagus skli untuk buat anak jadi tidak bosan lama rawat terima kasih ya para awat theresia di rumah sakit elisabeth moga makin suksess,Positif
layan yang bagus menguatamakan semua pasien dapat layan dengan baik,Positif
moga makin maju dan jaya rsustelisabeth purwokerto,Positif
dokter dan awat sabar ramahterimakasih rumah sakit elisabet purwokerto,Positif
terima kasih banyak kepada rumah sakit elisabeth purwokerto karena telah rawat papah saya dengan telaten gesit sopan dan ramah terima kasih untuk layan dari instalasi gawat darurat ruang dominikus dan dari william spn sehingga papah saya kembali pulih dan sehat sukses selalu untuk rumah sakit elisabeth,Positif
terima kasih layan di poly dari suryadi pada saat suami saya rutin kontrol selalu layan dengan baik,Positif
tempat bersih rapi layan sesuai tugas rapi dan bersih layan penuh sabar dan ramah,Positif
layan sangat baik muas,Positif
lama istri saya di rawat di ruang fransiskus awat ramah baik dan beri layan yangmemuaskan,Positif
moga makin maju dan kembang terus,Positif
tahun 2017 dan 2023 saya lahir di rse pwt layan sangat bagus dan tempat sangat nyaman dari situ lah saya senang dengan rse pwtrse pwt is the bagus,Positif
layan bagus tempat nya bersih moga makin maju dan kembang,Positif
layan memuaskanruangan bersih terima kasih semua terima kasih bu dari yosiana dan awat yang di poliklinik kandung terima kasih juga dengan awat di ruang katarina,Positif
terima kasih banyak rumah sakit elisabeth pwt sudah rawat anak2 saya dgn telaten smoga semua awat ruang theresia sehat selalu beri limpah rejeki selalu dan sukses selalu untuk rumah sakit elisabeth,Positif
layan di rumah sakit elisabeth sangat baik saya di rawat di ruang katharina 202 bidan sangat gesit ramah sopan kerja bagus dan di tangan dokter marta isyana beliau sangat tanggung jawab dengan gelar yang orang dokter sangat utama sehat selamat pasien terima kasih untuk para bidan dokter marta moga selalu jaya rumah sakit elisabeth,Positif
layan nya bagusyg saya sukapelayanan nya gercep untuk nanganin pasienbuat dokter sama suster nya ramahpokoke thanx selalu dihatimaksih thanx juga untuk suster bagi ruang therisia yang sudah gercep layanin kamin ruang nya bersihwangiga bau obat yang saya suka,Positif
assalamualaikum selamat siang saya mau beri ulas sedikit tentang rumah sakit elisabeth tmpt ibu saya rawat hari senin tgl 30 sept 2024 ibu saya mola rawat di rumah sakit elisabethalhamdulillah layan sngt baik dokter2 dan para awat juga sangat ramah tempat bersih ibu saya rawat dilante 3 tetapi maaf lupa nama ruanganya ya cukup sekian ulas dari saya pokok rumah sakit elisabeth baik kalau mnurut saya terima kasih,Positif
terima beri untuk rumah sakit elisabeth di ruang fransiskus atas awat putri saya sangat muas sekali terima beri banyak untuk semua suster juga,Positif
terima kasih kepada dokter wiliam dan awat dominikus atas layan yang sangat muas,Positif
rumah sakit elisabeth memang jos sangat baik betol daftar pasien bpjs sehat juga mudah layan sangat baikdalam ada urgent juga langsung di layan dan di ikan arahanmantap elisabeth semangat tidak makin maju dan kembang lebih besar lagi tuhan yesus kati,Positif
dari daftar sampai layan rawat inap di rumah sakit elisabeth ramah sekali dokter nya the bagus,Positif
rumah sakit gigi dengan alat lengkap dan layan yang bagus,Positif
dokter gigi ramah konsultasi gratis dan kerja rapi,Positif
ke klinik bpjs sehat mau tambal gigi kata harus awat akar dokter gigi di sana dengan bagai alas tidak mau tangan atau mungkin tidak dicover bpjs sehat tidak tahu juga akhir coba ke rsgmp dengan anggap rumah sakit di bawah naung unsoed universitas negeri tidak mahal akhir coba awat akar kata dokter bisa sampai 4 kali tangan sudah dua kali pertama 400 lebih barusan 500 lebih kalau ditotaltotal bisa sampai 2 juta lah nyata sama saja atau lebih mahal bahkan dari praktikan klinik swasta tidak tahu ini mau lanjut tidak untuk tambal satu gigi sampai 1juta 2 juta lebih bagi yang duit unlimited mungkin tidak masalah tapi bagi inyong ekspresi kaget berat pesan moral anda yang duit paspasan pikir pikir dulu kalau mau ke sini daripada kaget saat bayar kaya saya,Negatif
sangat muas kalau bisa program ini lanjut,Positif
layan baik sangat muas scaling bersih puas,Positif
layan sangat bagus bersih ruang sangat ramah perwatanya hasil moga makin lebih baik gigi,Positif
sangat baik terima kasih,Positif
layan ramah dokter nya ramah ramah muas,Positif
pelayananya sangat baik dokter nya ramah alam priksa gigi pertama kali yang sangay seru dan kesan sekali alhamdulillah,Positif
awal cobacoba daftar program awat gratis di rsgm unsoed asli takut pake sekali sama yang nama dari gigi tetapi telah di rawat di rsgm masya allah layan di sini sangat ramah terima kasih rsgm unsoed,Positif
bagus dan baik,Positif
bagus dan ramah,Positif
layan sangat baik sehat selalu untuk dokter koas dan staff nya,Positif
layan bagus tidak sakit ketika tindak,Positif
layan ramah dan baik2 sekali terima kasih sukses selalu,Positif
awat dan dokter ramah dan layan cepat thankyouu,Positif
layan ramah sekali sangat baik,Positif
hari ini habis ikut acara bkgn alhamdulillah layan muas lebih baik dari tahun tahun belum sudah tidak tunggu terlalu lama karena daftar sudah online terima beri bkgn dokter dan seluruh panitia sukses selalu,Positif
alhamdulillah layan bagus dan super ramah juga sangat sabar hadap pasien terima kasih banyak,Positif
ramahh sekali layan nya,Positif
layan baik tiap tahun ada bulan sehat gigi dan mulut beri edukasi dengan baik,Positif
layan bagus ramah sangat baik,Positif
baik layan,Positif
sangat baik layan ramah semua,Positif
terima kasih event kgbn,Netral
mantepp sekali bisa awat gigi gratis sini dalam rangka bkgn,Positif
terima kasih atas layan nya,Positif
bagus mba mas nya ramah dan tidak ngilu samsek,Positif
sangat amat baik pasien selalu tanya nyaman selalu,Positif
layan rumah sakit nya baik dokter ramah,Positif
sangat baik lahh,Positif
2x rontgen gigi sini saat psa layan baik semua tugas ramah tugas daftar apalagi sangat ramah dehh hasil bisa kirim lewat whatsapp moga rsgm unsoed selalu beri layan yang baik untuk masyarakat,Positif
layan baik cepat lembaga paud yang mau kunjung ke sini bisa juga,Positif
tempat bersih dokter nya lengkap spesialis lengkap layan muas,Positif
alam pertama awat gigi di sini cara seluruh sangat kesan layan ramah informatif dokter gigi umum dan spesialis lengkap dan baru tau nyata sekarang rsgm sudah buka 24 jam untuk layan ke dokter gigi umum tidak perlu reservasi tetapi untuk layan ke dokter gigi spesialis harus buat janji temu lebih dahulu lebih bagi mahasiswa danatau alumni unsoed ada potong harga di tiap awat sangat rekomendasi bagi yang sedang cari awat gigi umumspesialis dengan harga yang jangkau lebih baik datang ke rsgm,Positif
belum pernah masuk dalam lingkung akan tetapi lihat lumayan,Netral
layan poliklinik gigi bagus profesional utama terap gigi mulut ramah dan sabar,Positif
layan poliklinik gigi okee sekali tugas nya juga sangat ramah utama para awat gigi,Positif
bikin kapok tugas rontgen tidak kids friendly kasar maksa terus hasil masa via wa lama lagi responnya padahal anak udh sakit gara2 gigi patah karena jatuh ah tidak lagi2 buang2 duit,Negatif
tadi baru sj janji ke dokter yang sudah biasa tetapi sampai rsgm dokter rapat pdhl adh wa an sama dokter yang biasa eeh tawar dokter lain drpd lama ya sudah ganti nyata misscom pesan dari dokter supaya kabar kalo pasien datang malah yang dengar lagi rapat,Negatif
layan cukup profesionalpenanganan juga profesionalhasinya maksimalmeski msh ada beberapa yang harus benah dalam menegerial sistim bayar,Positif
satpam yang ada di pos depan pada tanggal 31 desember 2024 jam 1745 sore sangat tidak sopan dan rumit hanya mau ambil hasil ronsen suruh parkir di bawah sedang di atas ada beberapa motor yang parkir tidak tau itu motor karyawan atau sama pasien dan cara negurnya kepala keluar dari jendela dan ngomong dengan suara keras minimal ajar sopan santun sama pasien,Negatif
very good services the receptionist was polite and nice the doctor and staff were competent,Positif
layan bagus ruang rapi bersih parkir mobil pasienpengunjung terlalu jauh lantai keramik teras terlalu licin apalagi saat hujan akibat saya peleset dan jatuh,Negatif
sya pernah operasi gigi mahal,Negatif
bikin skd susah minta sarat yang macam2 dan parah suruh kembali lain hari layan tidak bagus,Negatif
standard rumah sakit umum lah sama kaya yang lain,Netral
harga murah layan ramah saya warga tegal betul lagi libur di purwokerto hari libur tetap buka dalam ada darurat tangan dengan baik terimakasi rumah sakit gigi dan mulut unsoed,Positif
layan ramah dan tenaga medis profesional,Positif
neng sekali sama rsgm layan bya ramah dan dokter nya baik,Positif
layan baik ya terima kasih rsgm,Positif
cepat,Positif
senang bisa periksa gigi di sini layan nya bagus,Positif
sangat bantu,Positif
layan muas dan ramah,Positif
layan sangat baik panitia dan tugas scalingnya sangat ramah dan muas,Positif
layan baik dokter awat staff sangat ramah konsultasi sangat jelas komunikatif sangat recomended,Positif
layan ramahinformatif dan bagus,Positif
bersih dan tertib,Positif
apakah ada drtht di sini,Netral
terima beri layan sangat baik ramah cepat,Positif
overall so helpfull dan satset terima kasih rsgmp unsoed,Positif
sangat baik layan baik,Positif
asikk sekali layan baik bagus dan sopan,Positif
seru kerennpelayananya sangat ramah,Positif
sukses selalu untuk rsgmp unsoed makin jaya yah,Positif
layan cepat memuaskanpetugasnya ramah,Positif
2 hari lagi sembuh alhamdulillah,Netral
tempat bagus dan layan sangat baik,Positif
sangat worth ith dan tidak sakit sama sekali hehe2 kapan2 mau lagi,Positif
permisi min apakah sini bisa operasi ptosisproptosis ya min atau orbital decomprisson,Netral
sangat tarik dan muas,Positif
sangat ramah layan,Positif
ramah sekali layan suka,Positif
bagus muas perawatanya,Positif
terima beri rsgm unsoed sukses untuk acaraacara ikut yaa,Positif
sangat puas periksa gigi di rsgmp unsoed,Positif
rekomen banget untuk yang mau awat dan cek sehat gigi,Positif
bagus banget layan ramah dan cepat,Positif
asikk kerenn sangat bantu,Positif
bagus bangett layan juga ramah bangett pokok good lah tidak nyesel kalau kesini,Positif
layan ramah bangett,Positif
tempat luasdan layan cepatjuga ramah,Positif
layan di rsgmp unsoed luar biasaa,Positif
recomendd si untuk periksa gigi dsini,Positif
layan nya ramah utama yang di souvenir saat di scalling tidak sakit cihuy,Positif
kalau dari rsop ciamis tapi kontrol ken pindah di purwokerto apakah bisa,Netral
muas bagus,Positif
dokter ramah dan baik layan baik terima beri,Positif
pelayananya ramahprosesnya cepat lebih tata dan lebih baik dari tahun pertama dan keduasemoga bisa d tahan dan moga tahun depan bisa d adakan lagi,Positif
sangat muas dan senang awat di rsgmp unsoed layan baik dokter kooperatif,Positif
layan ramah sekali sini,Positif
layan bagus ramah temaptnya juga bagus,Positif
layan ramah cepat dokter baikbaik sekali sigap dan informatif,Positif
layan muas sangat ramah dkternya,Positif
sangat senang awal takut sakit nyata engga sama sekali ah happyy,Positif
layan sangat baik pegawai ramah ramab,Positif
layan nya di rsgmp unsoed cepat dan ramah untuk layan dokter juga ramah sukses selalu untuk rsgmp unsoed,Positif
sangat kesan terima beri,Positif
layan bagus nyaman dan aman,Positif
dokter ramah tetapi aman karena semua dokter sudah profesional,Positif
i have good experience here layan ramah,Positif
kaka koas nya ramah ramah,Positif
layan sangat bagus meski program gratis semua yang libat ramah sekali pokok puas sekali sukses selalu rumah sakit gigi unsoed,Positif
terima kasih telah ilmu yang di ikan kait hak pasien dan keluarga selamat pasien dan ppi,Netral
layan ramah dan bagus,Positif
layan baik dan tempat nyaman,Positif
sangat muas selalu scaling gigi di rsgmp unsoed tidak pernah kecewa layan baik dan dokter juga profesional,Positif
layan sangat lama mau rontgen gigi saja tunggu satu jam lebih hasil tidak langsung jadi karena dokter tidak ada besok mau ambil hasil janji jam 11 siang tapi saat ambil harus tunggu sangat lama kata cari dulu hasil masa hasil tidak siap lebih dahulu padahal janji nya jam 11 siang dan ambil nya sore saja masih harus tunggu lama hanya untuk hasil saja,Negatif
layan baik sekali tempat tunggu nyaman ada kantin juga pokok bagus,Positif
lama awat salur akar gigi di sini sama drg ina spkg sangat muas beliau ramah sekali hasil juga sangat rapi bagus benar2 teliti drg umum awat gigi radiolog para staf juga ramah layan di rsgmp betul2 muas rekomendasi,Positif
reomended,Positif
layan muas dari nya care dan ramah,Positif
maaf mau tanya kalo medikal mcu bayar berapa ya,Netral
bagus untuk layan beri layan konsultasi yang informatif,Positif
sini layan rectal swab tidak ya,Netral
layan komunikatif periksa gigi jadi tidak tegang hari ini habis cek gigi dapat sikat dan pasta gigi gratis,Positif
dokter super ramah dan sabar damping anakanak periksa juga teliti,Positif
terus tingkat layan yang sudah ada,Netral
layan ramah sekali,Positif
mohon ijin beri masuk untuk tugas gizi jangan judes lagi ya mbgara2 gelas isi air putih masih utuh kita minta ambil nanti gelas sekali piring makan sore tetapi jawab kasar sambil keluar nutup pintu tanpa tahan sampai bunyi breegg pintu agak keras gelas tidak kita bawa pulang kok,Negatif
rumah sakit nya bersih dan sangat nyaman staff nya juga sangat ramah dan baik,Positif
layan nya sangat ramah dan informatif sekali rumah sakit nya juga bersih dan dingin,Positif
layan prima terima beri rsgm,Positif
dokter di rsgm baik dan kompeten fasilitas juga sudah pada awat nyaman,Positif
mohon bantu tagih bayar jasa saya sejak februari saya wa slowrespon,Netral
saya ambil treatment sclng sini dengan dokter april hasil saya sangata puas karena karang gigi bnr bersih,Positif
pasien dian sari dokter dari anton prihandana,Netral
scallingnya bersih,Positif
bagus layan ramah mbak nya baik sopan santun good job,Positif
terima kasih layan muas,Positif
sudah tiga kali sini layan ramah sekali tempat bersih,Positif
layan baik dan staff ramah,Positif
layan yang muas nyaman dan aman lama scaling gigi dengan dokter nya,Positif
good service moga tambah suksesmaju dan program bpjs sehat segera realisasi aamiin,Positif
tempat cukup bersih layan cukup baik dan ramah tempat juga tidak terlalu ramai jadi cukup nyaman,Positif
layan sangat ramah dan cepat,Positif
tempat nyaman layan cepat,Positif
nyaman dan aman lama scaling gigi dengan dokter nya layan yang ramah dan baik,Positif
layan baik tugas juga sangat ramah,Positif
trmksh untuk promo nya di bulan agst rsgm,Positif
layan baik tugas medis sangat ramah dan harga jangkau,Positif
dokter2 nya baik2 awat gigi sangat ramah layan bagus layan gigi super lengkap harga sangat sahabat selalu ingin kembali kesini lagi selain punya masalah gigi telah selesai bisa cegah agar tidak timbul masalah si maman jual atap sangat baik,Positif
apakah khusus bedah saja atau bisa untuk umum,Netral
layan ramah sukses selalu untuk rsgm,Positif
pakai bpjs sehat tidak bisa dapat rincian biaya hanya rumah sakit ini saja,Netral
rumah sakit umum di timur kota,Netral
dokter baik ramah komunikatif dan lucu nakesnya juga baik ramah rekomendasi,Positif
dokter ramah baik komunikatif nakesnya juga ramah baikbaik rekomendasi,Positif
no wa yang di cantum percumadi wa respon sangat lamadi tanya jadwal tidak di jawabkl sudah tidak butuh pasien tutup sajajadwal selalu berubah2males obat ke sini mending ke eldental saja jelas bagus,Negatif
terlalu banyak drama enak ganti jadwal janji emang saya tidak ada kerja apa di suruh bolak balik rsgm asli kecewa,Negatif
cs wa nya slow respon dan sangat tidak informatif pesan balas berharihari kemudian dan tidak beri informasi yang butuh payah sekali untuk ukur bagi dari institusi unsoed,Negatif
tempat strategisnyaman untuk awat gigi,Positif
ini seperti bagi dari fakultas dokter gigi unsud bangun besar lengkap dengan alat radiologi yang canggih terima awat gigi dengan harga yang relatif murah,Positif
mahal sekali untuk saya yang uang asli purwokerto satu gigi 250 rebu saya pikir bawa embelembel universitas lebih murah untuk masyarakat sekitar mending ke dokter gigi umum apa puskesmas skalian paling mahal 100 apa 150 rb tanya dulu ya gaes kalo ksini biaya berapa,Negatif
layan bagus dokter ramah detail dalam tindak daftar kasir juga sat set,Positif
jaga sehat belum masa sakit kalau sakit periksa di rskb mitra ariva ajibarang,Netral
semua tugas dan dokter sangat ramah,Positif
layan cepat tidak antri,Positif
awat gigi ke rsgm unsoed saja lengkap dan semua mudah ramah alur jelas parkir luas atm sedia dokter banyak bahkan ada radiologi,Positif
masalah gigi bisa atas karena dokter spesialiasnya lengkap yang bikin neng tiap hari buka dari senin sampai minggu jadi tidak bingung untuk konsultasi di weekend dokterdokternya komunikatif fasilitas lengkap gampang juga untuk appointment harga masih masuk tidak yang mahal banget,Positif
profesional ramah dan tanggap dokter,Positif
sakit hilang hati senang,Positif
makin depan dan jaya rsgm unsoed,Positif
mantapp layan baik,Positif
always jadi first choice kalo mau awat gigi di pwt pilih lengkap bisa rawat sama koas gigi dokter gigi umum atau spesialis layan pro plus tempat juga bersih,Positif
rsgmp unosed pusat rujuk sakit gigi dan mulut dengan tenaga medis lengkap dan akreditasi paripurna dokter dan awat sana ramah dan profesional begitu dengan staf karyawannya sangat ramah ada instalasi gawat darurat 24 jam di hari libur pun tetap operasi sangat rekomendasi apabila ingin periksa sehat gigi dan mulut,Positif
rsgmp unsoed andal untuk awat gigi mulut di purwokerto dan sekitar layan dokter gigi umum dan spesialis gigi lengkap layan ronsen gigi juga sedia lengkap,Positif
layan gigi baik dan lengkap di banyumas bagus sudah,Positif
lokasi strategis lahan parkir cukup luas adem juga,Positif
rumah sakit tempat lahir anak saya bedah cesar dari daliman,Netral
tahan dan tingkat layan yang sudah bagus,Positif
layan bagus,Positif
layan bagus tahan dan tingkat terus,Positif
rumah sakit cepat pelayananya dan karyawanya sangat ramah,Positif
layan cukup baik dokter juga sangat ramah dan baik2,Positif
layan ramah cepatharga saat di kantong,Positif
layan bagus tidak antre bersih juga rumah sakit,Positif
layan bagustempat bersih dan nyamanstaf dan dokter ramah dan cekat,Positif
rsgmp unsoed punya dokter gigi yang sudah alam bagai dosen maupun praktisi dokter gigi pasti tambah percaya masyarakat maju dan sukses selalu moga ada banyak giat sosial selain bkgn dan wohd,Positif
sterilisasi alat bagus semua alat di pouch dan sterilisasi dengan baik jadi rasa aman,Positif
rsgmp unsoed jaya jaya jaya layan okeperiksa gigi ya di rsgm unsoed ya lursukses rsgm unsoed,Positif
layan bagus awat ramahradiografer ramah daftar baik goodjob rsgm,Positif
pertama kali ke poliklinik saraf rumah sakit umum dadi keluarga sudah daftar lalu aplikasi rumah sakit sampa di rumah sakit harus isi aplikasi jkn alhamdulilah bantu isi aplikasi oleh security nya,Netral
pusat rujuk sakit gigi dan mulut dengan tenaga medis lengkap,Positif
pelayananya baik tugas ramah dan akses mudah dokter alam,Positif
layan bagus tugas ramah sarana prasarana lengkap mudah di akses mohon layan selalu tingkat terima beri,Positif
dokter bagi radiologi daftar semua bagus tetapi tidak dengan kasir hehe kurang ramahsenyum terima beri overall was great,Positif
terima kasih atas layan paripurna rsud banyumas dokter bidan awat dan semua team nya gemati,Positif
saya tidak tau ya kalau liat ulas si ada yang rate rendah tetapi turut layan ramah hrga rontgen gigi panoramic 200k daftar 27500khasilnya cpt cmn 7 menitanusahain dtgnya pagi biar satset,Positif
papan jadwal dokter praktek hanya untuk pajangankita masih harus reservasisemaunya dokternyadaftar dijadwaldigeseratur jadwal lagidigeser lagigitu saja terusujungnya oper2an rujuk ke spesialis lainbertele2menghabiskan banyak waktu,Negatif
very pleasant services very fast and easydr fachmi was very gentle and clear while explaining patient needs came for tooth extraction and scalling fyi wishdom tooth minor surgery cost only idr 750000,Negatif
sudah sering kesini kalo butuh awat gigi suasana nyaman tangan muas,Positif
datang jam 4 sore sampai jam 715 malam belum di panggil juga kita bayar oi,Negatif
bersih ramah pelatanannya,Positif
layan ramah cepat dan informatif sayang bayar belum bisa dengan debittransfer rontgen mulut panoramic 200rb belum daftar,Positif
layan ramah prosedur tangan cepat terima kasih rsgmp unsoed,Positif
tunggu lama dan awat tidak ramah dan maaf dalam tempat awat tidak bersih,Negatif
alhamdulillah layan selalu baik sukses sehat sll untuk segenap rsgmp unsoed family,Positif
tim layan rumah sakit semua ramah tempat bersih tambal gigi tidak asa sakit dan cepat prosedur biaya tambal 200 rb biaya rontgen gigi panoramik 200 rb terima beri,Positif
masih kalah sama rsup sardjito,Netral
mudah akses nya gampang juga misal mau periksa gigi kadang kalo mahasiswa keodkteran gigi praktek kita bisa dapat gratis awat gigi sayang pandemi gin atm bni tidak bisa untuk transaksi tapi belum bongkar dan bri sudah tidak aktif dan di bongkar,Positif
nyaman cepat canggih,Positif
waktu antri lumayan cepat tangan ronsen juga cepat dan hasil gambar jelas,Positif
teaching hospital for dentistry of jenderal soedirman university mostly quite but actually a good place for dental care and health needs since its more complete with dental specialists and more facilities than regular dental clinic or general hospital,Positif
walaupun belum pernah masuk ke gedung tapi sering masuk ke halamananya habis atm tanpa bayar parkir sini semua ada utama yang himbara himpun bank milik negara,Positif
coba dan terus usaha mana demi dapat garis dua,Netral
terima kasih atas layan nya dan moga manfaat,Positif
located in unsoeds karangwangkal campus this hospital offers dental scaling with so affordable price especially for unsoeds student and also local citizens this hospital is also place for dentistry student to do their clinical clerkship so if you want to do dental scaling in here usually the dentistry student will do the job but dont worry they do the practice with their experienced supervisor overall this hospital offer a clean and nice service although sometimes you could find long queues if you come a bit late,Positif
rumah sakit umum di buntu,Netral
seru senang,Positif
rumah sakit yang nyaman tanpa antre yang panjang mungkin karena rumah sakit khusus sehingga layan baik saya datang untuk rongsen panoramic karena ada masalah impaksi gigi bungsu betul tanpa nomor antre karena ada surat rujuk dari klinik soedirman purwokerto datang langsung ke bagi radiologi ke kasir untuk bayar tunggu panggil untuk rongsen dan telah tunggu hasil rongsen selesai lah kurang lebih jam tapi sayang hasil rongsen gelap kurang jelas sama dokter di margono suruh rongsen ulang hari ini dan saat check up di klinik sudirman juga sudah protes lah bahwa hasil rongsennya buruk kurang paham juga apa sebab tau gitu langsung rongsen di margono saja ya jadi tidak mindo gole rongsen,Negatif
rumah sakit gigi dan mulut unsoed milik desain bangun eksterior yang ciamik modern dan megah rumah sakit ini juga milik tata ruang yang baik dan selalu bersih rsgmp unsoed jadi bagai tempat tempuh didik profesi dokter gigi unsoed alias koas dokter gigi rumah sakit ini akreditasi paripurna yang arti milik layan yang sangat baik prosedur layan rsgmp unsoed sangat baik sehingga buat pasien nyaman gedung rsgmp unsoed milik 4 lantai dengan lift yang sedia untuk mobilisasi,Positif
rsgmp unsoed letak di kampus karangwangkal samping kampus mm unsoed letak strategis ada di lingkung mahasiswa tempat juga bersih dapat instalasi gawat darurat 24 jam untuk layan umum sayang waktu tunggu sangat lama mungkin karena dental unit yang batas sehingga pasien harus tunggu dalam waktu lama saran saya yang mau datang tanpa janji harus datang lebih pagi,Positif
tempat nyaman ruang tunggu lumayan kondusif krna mngkn khusus rumah sakit gigi dan mulut jadi tidak trlalu banyak pasien ada kantin juga jadi kalo laper saat tunggu bisa beli makan dulu untuk rontgen bagus tidak terlalu lama tunggu hasil nya lgsg jadi,Positif
tempat tunggu bersih dan layan ramah,Positif
asalamualaikum maf dari pihak rumasakit purwokerto saya mau tanya kalau oprasi kangker payu dara habis kan biyaya berapa ya untuk pacar ku di banjar negara tolong di impor masikan ya jejak lanjut nya bisa saya hubung di wa atau tlpon,Netral
asik dan dapat alam baru,Positif
bagus namun toilet kurang bersih,Positif
layan yang baik nice,Positif
layan paripurna fasilitas lengkap terima pasien 247,Positif
bagus sudah,Positif
rumah sakit khusus gigi dan mukut yang ada di pusat didik fakultas dokter gigi fkg unsoed lengkap dokter nyaman tempat,Positif
rsgmp unsoed layan bagai keluh gigi dan mulut masyarakat banyumas harga relatif murah masyarakat bisa pilih untuk layan drg umumspesialis maupun oleh koas gigi koas gigi bawah awas supervisor drg alam sehingga masyarakat tidak perlu takut untuk rawat oleh tenaga koas selain murah awat dengan koas gigi hasil muas,Positif
biar bintang yang bicara,Netral
layan cukup muas harga bisa lebih murah dari tempat lain karena bisa pilih layan sama anak2 co as yang masih ajar untuk jadi dokter,Positif
bisa pake bpjs sehat dari perintah tidak,Netral
such a good healthcare and hospitality,Netral
rumah sakit untuk anak,Netral
belum mohon maaf ini hanya curhatan saja moga jadi ajar kita sama utuk layan sangat sangat kurang dari saya sendiri memang saya yang belum tahu saya kurang alam yang sayang kenapa dari layan tidak jelas prosedur layan hanya terima saja apa yaa untuk jelas tidak jalan tapi untuk dokter saya respect dokter ramah detail dalam jelas untuk dokter terima kasih dok,Negatif
pernah tambal dan bersihin karang gigi sini dokter sabar dalam negeri dijelasin sampek jelas sangat baik trmksh,Positif
terima kasih layan di rsuh bagus baik baik bida sabar ramah dan enak untuk komunikasi keluh respect moga rumah sakit umum hidayah makin maju,Positif
layan bagus awat ramah tamah maksih moga rumah sakit umum hidayah makin sukses,Positif
layan bagus bersih awat ramah,Positif
rumah sakite tah pelayanane apik bersih tapi sayang satpame kurang ramah,Positif
indahdefinanitauntuk layan suster baik banget,Positif
dokter di rumah sakit hidayah pda sombong awat juga leletinfus lepas dari malam tidak lngsung d pasang tetapi tunggu nympe pgi lebih parah pasien belum sembuh udh d sruh pulangapa krna pakai bpjs sehat bagaimana sumpah anda dlu waktu d sumpah mnjdi dokter awat,Negatif
gedung bagus tetapi moga layan nya juga makin bagus,Positif
pasien dokter sutrisno kamar anyelir,Netral
dokter asik dan gk bikin pasienya tegang,Positif
hm kamar pasien banyak nyamuk sehingga tidur pun tidak bisa bukan sembuh malah tambah gatel gatel bangun dan interior juga sudah sangat tua mohon baik,Negatif
mau 5 tapi belum sempurna ya lah,Netral
ikan layan yang baik ugd banyak petugasterlalu banyak cerita daftar sepiknapa lama,Negatif
untuk ibu dokter instalasi gawat darurat tidak banget waktu mau obat situ ibu saya obat kesitu kondisi asma kumat tensi tinggi masih d bilang bukan gawat darurat pasien bbjs d suruh pake umum tidak bisa padahal dlu waktu asma kumat saja juga bisa pake bbjs memang tidak tau atau memang atur barutp telah saya debat awat bilang ke dokter kalau uap bisa bpke bbjskecewa banget sama reaksi ibu dokter padahal kalau yang pak dokter ramah sekali,Negatif
terima kasih rumah sakit umum hidayah moga makin maju rumah sakit umum hidayah bisa bisa bisa,Positif
layan bagusperawat di bangsal n poliklinik ramah2tim homecare juga bagus n memuaskanmantap rumah sakit umum hidayah moga makin maju,Positif
layan buruk karena awat nya marah marah dan bentak bentak,Negatif
layan sangat muas,Positif
layan cukup baik dokter dan awat juga sangat ramah fasilitas pun baik,Positif
layan baik semua,Positif
terima beri banyak,Netral
layan poliklinik gigi bagus muas pokok recomended,Positif
terimksih rumah sakit hidayah layan nya sangat bagus,Positif
layan nya bagus semua sangat ramah mantab,Positif
layan ramah dan tempat nyaman,Positif
terima kasih rumah sakit hidayah atas semuakami keluarga rasa nyaman dan puas sekali atas layan di rumah sakit hidayah moga depan jadi lebih baik lagisukses selalu rumah sakit hidayah purwokerto,Positif
layan yang sngt muas dan tekhnologi canggih,Positif
topmarkotop,Positif
terima kasih untuk rumah sakit umum hidayah purwokerto yang selenggara khitan masal moga tambah maju dan manfaat bagi warga purwokerto,Positif
layan bagusdokter dan awat ramah,Positif
terima beri ku ucap pada rumah sakit islam,Netral
untuk kesan makan enak dokter bagus layan muas kritik untuk parking atap kalau bisa kondisi,Positif
layan dokter dan awat dalam beri informasi cukup jelas ramah smoga untuk ke depan lebih maju dan sukses,Positif
layan muas cepat dan tanggap,Positif
layan bagus dan ramah,Positif
alhamdulillah untuk layan nya sudah cukup bagus semua stand dan awat layan dengan baik fasilitas cukup,Positif
alam lahir anak pertama di rumah sakit hidayah cara caesar sangat bagus tangan cepat dokter dan awat ramah walaupun bpjs sehat tapi tidak beda awal takut lahir caesar tapi sama awat tenang dan hibur sehingga semua lancar mudah2an rumah sakit hidayah makin kembang dan makin baik,Positif
dapat usg 4d gratis mkasih rumah sakit hidayah moga makin lancar dan rame,Positif
y alhamdulillah cukup bagus layan nya,Positif
terima beri,Netral
awat ramah baikcekatan jugauntuk ruang nya juga bersih di kamar mandi nya saja kurang bersih ada hewan,Positif
moga rumah sakit umum hidayah makin maju sukses selalu,Netral
fasilitas baik layan dari semua tenaga nya ramah sopan dan rapi tetap jaya untuk rumah sakit umum hidayah pwt,Positif
layan yang baikcepet ramah bersih juga jamin dan jaga,Positif
layan cukup baik jika ada respon dari keluarga pasien cepat di tanggap untuk bersih kamu cukup bersih di bagi wanita awat dan staf sangat baik dan ramah,Positif
sering ngopi belakang,Netral
sangat baikramahkamar mandi bersih,Positif
ruang bersih nyaman awat dan staf sangat ramah,Positif
di rumah sakit islam sekarang dokter lengkap yasemoga makin jaya,Netral
bukan makin baik tetapi layan untuk poliklinik rawat jalan justru jadi makin lambat tidak tau karena apakah kerja dari staf yang sangat lambat alat yang guna sudah tidak baik atau justru karena pasien rupa guna bpjs sehat sehingga beri layan yang sangat lambat lama proses moga ke depan bisa baik lebih baik lagi sehingga pasien tidak harus tunggu terlalu lama untuk dapat layan sehat mana ada orang kontrol layan sampai 3 jam lebih belum selesai sebenernya kerja staff sama karyawan ngapain si,Negatif
di sni pelanyananya cepat dan dokter nya ramah,Positif
layan bagus awat dan dokter ramah,Positif
alhamdzulilah layan ny sangat baik dan ruang ny juga bagus,Positif
layan di rumah sakit hidayah sangat baik,Positif
bagus layan suster juga bagus,Positif
pelayann baikcuma bel rusakkamar mandi bersih,Positif
layan baik tempat nyaman suster juga ramah,Positif
layan zonk cuy sempet minta tolong ke ruang awat malah kasi side eyes,Negatif
tempat bersih nyaman layan bagus,Positif
layan baik ruang bersih,Positif
rumah sakit bersih tugas ramah layan baik,Positif
layan cukup muas ruang bersih,Positif
ramah baik dan luar biasa,Positif
layan nya memuaskantambal gigi nya bagusdokternya baik baik,Positif
layan ramah meski untuk pasien bpjs sehat perlu lebih banyak dokter spesialis,Positif
assalamualaikum mohon info di rsia bunda arif apa bisa usg pake bpjs sehat perintah kis,Netral
layan poliklinik gigi baguse,Positif
rumah sakit hidayah layan sangat muas untuk perawatanya baikbaik dan ramahramah supirnya baik bantu pada saat bawa barang banyak satpam ramah beri jelas saat bingung cari ruang semua bagus ruang bersih wangi muas sekali,Positif
scaling gigi sini nyaman sekali ramah tanggap jangkau sangat rekomendasi kontrolperawatan gigi sini,Positif
kamar tidak nyaman kelas 1 maupun vip pengap layan kurang responsif pasien harus keluh dulu baru beri obat beri obat pun 34 jam tidak ada ubah sampai ke awat hanya disuru tunggu sampai jadwal visit besok astaga ini pasien instalasi gawat darurat asa kaya rawat inap kena flu,Negatif
terima kasih atas layan yang baik sukses selalu rumah sakit umum hidayah purwokerto,Positif
ada yang aneh ac malam hari mati dan nyala telah jam 10 pagi sudah pengab panas pula baru pernah ke rumah sakit model begini,Negatif
really cool for public health,Positif
layan bad kecewa sekali ini,Negatif
kamar layan makan bersih sudah bagus tapi layan medis bad kunjung dokter hanya 1 2 x karena dokter anak sedang cuti jam 1 malam infus macet jadi copot kata jam 10 pagi mau pasang lagi sudah tunggu dan ditanyain bolak balik tidak ada pasti malemnya baru tanya mau infus lagi apa engga part paling buruk saat mau pulang bolak balik nanya balik kapan tidak ada jelas padahal sudah cek lab 2x tidak dijelasin juga hasil lab gimana dan saat mau pulang awat bawa carik kertas total biaya beri cepat kilat pake 2 jari kaya orang ngerokok ini kita ambil yang umum kelas 1 moga kritik yang saya sampai bisa jadi evaluasi untuk depan,Negatif
rumah sakit nyaman seperti di lingkung keluarga sendiri tugas dan nakesnya ramah beri layan terbaiksemoga makin maju dan jaya,Positif
layan sangat bagus awat juga ramah dokter juga sangat ramah untuk pasien bpjs sehat pun sangat layan dengan baik,Positif
cukup nyaman layan di rumah sakit ini karena tidak terlalu besar kami bagai pasienkeluarga jadi rasa nyaman tenang dan kondusif layan relatif responsif ramah dan capable fasilitas relatif bagus biaya jangkau kualitas bisa adu salah satu dokter kandung baik di purwokerto praktek dibrs ini nb foto mungkin agak buram karena bias cahaya dan kualitas kamera,Positif
tempat nyaman layan ramah,Positif
rumah sakit dengan layan baik cekat nakesnya dan tugas yang lain ramah ramah moga sukses slalu rumah sakit umum hidayah pwt,Positif
layan sangat bagus suster dan dokter jaga di instalasi gawat darurat sangat ramah dan sopan serta tugas yang lain juga sangat ramah dan sopan orang tua pasang saya mbok dartem nama baru saja di rawat di rumah sakit ini periksa nya sangat detail pasien datang lngsung tangan dengan baik di periksa di infus di kuret karena bnyk dahak di rongsen apa keluh pasien di tanggap dengan serius rumah sakit ini tidak beda pasien umum dan pasien bpjs sehat semua di tangan dengan baik dan sopan serta cekat terima beri bnyk moga sukses selalu,Positif
terima beri rumah sakit hidayah telah terima faskes bpjs sehat kesan pertama dari saya bagus layan ramahtmpt nya bersihdpt air minum syukur karena dtg tnp persiapansemoga sll mnjd nominasi rumah sakit pilih warga masypwt dan sekitar,Positif
ke rumah sakit ini atas rekomendasi tmn nakes puskesmas trnyta btl rumah sakit hidayahtmpatnya nyaman layan ramah tmptnya bersihanakku msk instalasi gawat darurat dalam negeri d rwt di fas kls 1 sedia minum juga frestea btlair mineral 3btlprtama dtg ke sni saya pngalaman lain tidak ada d sedia air minumterima beri bnyk god jobsll jaya dan tambah maju rumah sakit hidayah meski di era jamur rumah sakit di purwokerto,Positif
rumah sakit bersih dan nyaman sangat baik,Positif
apakah di sini ada dokter spesialis anak kalau ada di jam sore ada tidak ya kak,Netral
overall layan sehat good job,Positif
nyamuke asyik nguang nguing,Negatif
murah dan tidak rumit yang jelas,Positif
layan baik ramah baik,Positif
saya pernah prakerin disinidokterperawatnya dan seluruh staf rumah sakit sangat ramah dan baik mau ajar saya yang sedang ajar ilmu sehat dengan sangat ikhlas,Positif
depan dan percaya pam pasti sangat baik,Positif
rumah sakit yang sangat luar biasa bantu masyarakat di purwokerto banyumas bagus dan gratis,Positif
layan ramah cepat tanggap murah sya ksh overall 5,Positif
tangan retakpatah dokter ramah sekalisalut nyaman sayang toilet agak kotor,Positif
layan baik tempat nyaman,Positif
layan baik parkir baik pada saat tunggu mengapa antri baru dahulu yang panggil yang dari tadi kok belum panggil apakah ad yng beda,Netral
pernah jenguk kerabat sini layan ramah dan tempat tidak terlalu ramai,Positif
tempat nyaman lumayan luas pernah nengok teman sini layan ramah,Positif
keadministrasianpelayanan asuransi sehat baguscepat layan ke pasien yang lama pake sekali di front office mereka cm bilang ya paksebentar ya pak nanti realisasi 2 3 depan hari2 liburdokter spesialis radiologi tidak adapadahal untuk tahu progress pasien dari hasil rontgenseakan akan hari libur larang sakit yahoverall sementara initanggal 1 mei 2019bintang 4 saja sudah banyak,Positif
rumah sakit yang sedang benah dgn layan yang ramah harga jangkau yang ada di mersi purwokerto timur,Positif
awat galak tidak ramah sama sekali,Positif
parkir luas bikin bingung bangun pisah dan satpam gatau ada brapa kaya hanya 1 atau 2 orang satpamnyaa,Positif
rumah sakit yang sedang berbenahsalut rumah sakit umum hidayah,Positif
mohon maaf mau tanya untuk usg biaya sampai berapa ya dan apakah sedia usg 4d untuk saat ini,Netral
rumah sakit dengan layan sehat yang baik,Positif
tempat lahir tidak tau kenapa rumah sakit nya sepi sekali padahal layan ramah sekali,Positif
hallo mohon di bantu untuk isi daftar online pada saat isi jam dokter tidak bisa di klik lanjut,Netral
layan poliklinik sangat baik,Positif
parkir luas rujuk bpjs sehat dokter spesialis yang kualitas insya allah,Positif
parkir sempit,Negatif
nyamanlengkapaman,Positif
gedung megah rujuk untuk masalah gigi,Netral
tolong untuk kelola parkir di rumah sakit banyumas agar pintu keluar pasang atur yang jelas tarif nya dan untuk antar dalam seperti ojol kasih batas minimal 10 menit karena rumah sakit banyumas besar dan luas seperti di rumah sakit margono batas minimal 10 menit baru biaya,Netral
elek ra laris,Negatif
dokter anak yang perempuan yang sudah tua tidak rekomendasi dulu anak saya rawat inap situ layan dari nya kurang sering tidak berangkat sudah gitu jadwal kontrol malah drnya tidak berangkat lagi alhasil ganti hari ikut yang tangan dari rifan lebih baik kalo kesitu pilih dari anak dari rifan saja ramah jelas baik sopan santun sangat baik,Negatif
selimut bauperawat tidak bisa masang infus masa dari malam sampai pagi tidak kurang blass infusnyasatpam judes tidak ada ramah ac 26 mau pulang suruh nungguoperasi lama banget ke skip tidak rekomen mending agisnarsud sekali,Negatif
operasi sukses,Positif
kurang muas awat acuh padahal masuk instalasi gawat darurat hanya di timbang berat badan malam2 mau obat anak gara2 duri ikan malah bilang tidak ada alat ora maning2 lah,Negatif
layan buruk awat dan dokter dokter judes semua saya sudah 3 hari rawat sini minta pulang engga dibolehin terus kata suruh tunggu dokter dari kemarin suruh tunggu dokter teruss saya sudah sehat tidak dibolehin pulang kenapa biar makin lama rawat,Negatif
bapake pernah operasi sini the bagus pokok,Positif
rumah sakit aneh jam 8 sudah tidak boleh besuk sudah mah  tekan  kantin cepet sekali tutup makan tidak lengkap ruang 1 isi 4 orang orang belum sembuh sudah di suruh pulang tidak profesional,Negatif
rumah sakit gigi dan mulut didik unsoed tetap beri layan instalasi gawat darurat dan instalasi radiologi dokter gigi pada hari libur nasional dan jangan lupa untuk seluruh masyarakat agar sikat gigi 2 kali hari tiap telah sarap pagi dan belum tidur gigi sehatsenyumpun ceria,Netral
bagus layan nya ramah para awat dan dokter,Positif
kurang ada buka dalam biaya rumah sakit saya pasien umum sana tetapi rincian biaya sudah saya pegang yang saya tahu rumah sakit lain rincian biaya seperti obat injeksi dan spuit dan infus itu tulis dan di serah kepada keluarga pasien yang bayar guna umum sini saya hanya beri rincian instalasi gawat darurat sekian rawat inap sekian periksa laborat sekian turut kurang baik saya tenaga medis saya ingin tau dan walaupun mungkin saya bukan keluarga dari sisi sehat tetapi jika pasien umum pasti mereka ingin tahu uang mereka habis untuk apa saja sana padahal rincian total sudah di print sudah saya pegang dan saya cek tetapi saat saya pergi untuk laku bayar dengan cara tranfer tiba rincian yang tadi tidak bisa di minta padahal sudah di print trus untuk apa gitu tidak kasih ke keluarga pasien saya minta baik baik mbak bilang hanya kasih rincian yang ini saja mba kalau mau minta rincian yang lengkap mau lapor dulu ke uang astaga dan suatu pagi saya lewat akan tukar jaga dengan ayah saya tiba tiba ketika masuk ada ca yang sedang kepel pintu masuk yang di tutip tiba tiba di buja dan mbak nya bilang sendal di lepas dulu ya mba lagi di pel dengan nada sinis pertama kali saya tau ada rumah sakit lagi di pel kita ngelewat harus lepas sendal dulu,Negatif
alhmdllh sudah 4 kali nemeni ibu kontrol layan sangat baik dan ramah perawaty cantik cantik murah senyum terima kasih,Positif
yang buat tidak nyaman pagi hingga siang banyak nyamuk,Negatif
playanan sangat bagus tapi kodarulloh mbah harus di rujuk ke rumah sakit yang lebih besar dokter tepat waktu datang sangat pagi dan awat stanbay tempaty nyaman ada ac jadi tambah adem,Positif
layan bagus sangat muas sudah langgan tetap tiap bulan ke poliklinik saraf,Positif
layan rawat jalan mantape pol pegawene ramah doktere ramah enak untuk konsultasi,Positif
kecewa sekali rawat inap di rumah sakit medika lestaridi mlm hari tidak ada awat atau susterinfus habis atau di saat kondisi darurat bingung tidak ada awat yang staykecewa sekali saya,Negatif
alam bapak saya saturasi di bawah 70 masih di ruang instalasi gawat darurat dan kemudian di pindah ruang isolasi ruang tanpa ac padahal settingan ruang ac otomatis buat saturasi bpak makin rendah walauoun kita bpjs sehat tapi ini soal tagan turut saya not recomended turut saya,Negatif
layan pasien cukup baik fasilitas nyaman,Positif
alam saya rumah sakit medika lestari buntu ada dokter pagi yang agak gendut dan hijab saya kurang paham itu dokter siapa tiba tiba datang dan bicara kalau jam pagi jangan gelar tikar untuk tidur harus resi dan handuk jangan asal taro kalo kalian jorok gimana ada dokter yang mau kunjung kesini dan dia bicara dengan nada kasar dan turut ku sangat rendah dan songonggak ada senyum sama sekali harus wibawa orang dokter itu kritik tapi sopan dengan nada lembut bukan beri gebrak kasar seperti itu,Negatif
masuk lelet keluar lelet lot poll tidak lagi2 sudah,Negatif
alam buruk saya masuk ugd dimedika lestaritengah malam karena cari yang dekat pergi ke sinikeluhan saya lemas dan sakit perut posisi hamiltapi saat periksa semua normalya nama pihak keluarga pasti khawatir eh dengan ketus dokter saat tanya detail tensi dan lain - lain jawab dokter normal koitu ada catetannyatapi dengan nada ngebentakterus orang tua pasang saya tanya lah terus gimana dokorang anak lemes banget dokter ngejawab ya serah anda akhir ya pulang lagigiliran keluar minta biaya daftar tolong ya kalo jadi dokter ramah sedikitpasti tau keluh ibu hamil gimana apalagi ini dokter cewek kaya tidak punya perasaanwalaupun saya baring lemas tapi saya masih inget orang meski masker,Negatif
layan ny sangat baik awat ny ramah tempat ny juga bersih sangat baik lah pokok,Positif
layan baik sekali,Positif
awat dan tugas tidak ramah tunggu doktr dtang lama,Negatif
layan bagus ramah dan senang tempat bersih layan cepat antre sebntar tensi lalu langsung periksa dokter,Positif
layan mantepe pol dokter dan awat y sangat ramah saya sgt bantu dengan jadwal poliklinik pagi jadi saya bisa anter bapak untuk obat,Positif
sangat baik layan semua,Positif
terima kasih layan sangat bagus dokter dan awat ramah tidak jutek dan sangat cantik caantik,Positif
layan sangat ramah dan muas saya cari kursi roda bahkan sampai antar ke laborat padahal saya tau awat sedang sibuk,Positif
layan senang awat dan doktery enak untuk konsultasi,Positif
layan ramah dekat dengan jalan raya pintu masuk mudah saya kontrol dengan bawa ibu yang pakai ambulans desa harus pakai brankar dan lain2,Positif
layan ramah dan senang dari awal perisa sampai 3 kali ini alhmdllh sembuh dan sudah bisa kontrol ke yang dekat terimksh medika lestari,Positif
good sukses selalu awat dan doktery ramah bangunany sudah beda y sekarang jauh lebih bagus,Positif
layan poliklinik nya bagus awat dan dokter ramah baik,Positif
layan baik kemarin anter keponakan ke poliklinik anak awat dan dokter nya ramahbaikpelayanan cepat,Positif
layan sangat bagus dan awat juga ramah sopan baik tempat juga nyaman bersih tidak bertele2 tahan,Positif
layan buruk kurang arah kurang ramah rumah sakit kurang tunjuk arah tidak ada tulis poli2nya jadi harus tanya2 mulu pelayananya ajah tidak ramah masa harus tanya2 terus,Negatif
sangat kecewa saya dan ayah saya jadi korban saya kuret tetapi nyata bukan harus kuret dan sampai lari ke rumah sakit lain baru ketemu sebab sakit pakai umum vip tetapi not good segala aspek kemudian saya hilang ayah saya karena tangan sangat lambat di instalasi gawat darurat padahal pakai umum kondisi gawat ke icu pun sangat lambat kelas 1 tetapi rasa tidak enak segala aspek layan dan tenaga medis not good,Negatif
kontrol ke poliklinik syaraf awat dan dokter y sangat ramah,Positif
dokter ramah layan maksimal,Positif
plyanan buruk lbh penting uang dari pda nyawa orang ap harus isi berkas dan biaya dlu sudah minta rujuk tetapi seperti tidak di urus knpa pdhl bukan pakai bpjs sehat sudah umum kls 1 tetapi seperti itu bhkn 2 keluarga saya prnh slh di prediksi sakit pkoknya bnyak kurang saya jadi hilang orang yang syg sayang sakit banget rasa harus kalau minta rujuk itu di tangan pdhl sudah parah dalam negeri sudah minta rujuk dari awal,Negatif
biar bintang yang bicara layan rawat jalan sangat bagus terima kasih ibu sayasudah sehat,Positif
jam st 4 subuh tgl 16 januari 2025 saya datang dengan keluh sudah tidak kuat diare dan lain - lain yang satu ada awat postur agak gendut dan sedikit tua yang satu lagi postur kecil tetapi dia baik yang kecil yang gendut saya mintain tolong antar ke toilet tidak mau hanya nunjukin di sana padahl saya benar2 sudah tidak kuat pengin di gandeng bnr2 judess gedegg sama perwatnya dia jaga di instalasi gawat darurat yang ramah hanya awat yang mas2nya sama dokter trs awat yang kecil yang gendut agak tua dia sombong kalikk nyesell saya obat di situ pdhl mah  tekan  pake umum mana saat ke bagi administrasi mba2nya tidurr saat ke instalasi gawat darurat juga orang tidur tolong lah,Negatif
pasien poliklinik dari arinton rumah sakit bunda ramah meyenangkan dan nyaman untuk layan pasien,Positif
ke poliklinik anak pertama kali masya layan sangat bagus awat ramah dokter baik layan cepat sukses terus rumah sakit medikaa lestari,Positif
sangat baik yrmakasih pelayana luar biasa awat ramah service excelent pokoke jozz maju trus medika lestari,Positif
layan poliklinik eksekutif nya bagus sekali cepat awat dan dokter komunikatif sangat bantu moga makin kembang,Positif
layan di poliklinik rumah sakit umum medika lestari awat nya sangat ramah sekali saya layan dengan baik pada saat tensi dan pada saat periksa dokter,Positif
layan tangan lambat aplagi klow pake bpjs sehat,Negatif
awat di ruang lempuyang kurang senyum,Negatif
layan kurang muas awat tidak ramah pasien lantar,Negatif
alhamdulillah layan senang,Positif
layan cepat awat doktery ramah,Positif
layan cepat dan bagus ruang tunggu bersih ruang periksa bersih dan nyaman,Positif
alhmdllh sekarang ibu sudah bisa aktivitas terima kasih rumah sakit medika lestaripelayanannya sangat bagus gedungy baru,Positif
layan sangat bagus dari pertama daftar sampai operasi sua di layanin dengan baik terima beri,Positif
layan poliklinik sangat bagus,Positif
layan sangat baik dan ramah sekali,Positif
alhmdllh layan sgt baik dan ramah terimksh,Positif
layan bagus awat dan dokter ramah lokasi mudah jangkau,Positif
layan sangat bagus dan ramah,Positif
layan poliklinik cepat banding rumah sakit belah terima kasih,Positif
layan bagus fasilitas lengkap dan dokter nya ramah ramah,Positif
layan sudah bagus tugas daftar baik ramah dan bantu,Positif
pelayaan baik tugas daftar sangat baikmembantu dan ramah,Positif
maturnuwun medika lestari,Positif
alam pertama kali dari awal pintu masuk sudah langsung di ambil kursi roda mbak2 awat sangat care pasien nyaman ruang bersih layan ramah terima kasih,Positif
sangat percaya sama rumah sakit umum medika lestari bapak saya sembuh terima kasih awat baik dan ramah ruang tunggu nyaman sukses terus medika lestari,Positif
layan poliklinik sangat bagus tugas ramah terima kasih,Positif
sangat bagus pelayananya perawaty ramah sekali bahkan anak saya kasih jajan jelas juga sangat mudah erti ruang nyaman adem dan bersih terima kasih rumah sakit umum medika lestari,Positif
lahir caesar eracs sini karena rujuk dari ibnu saat usg di edsa laborat awal ragu karena rumah sakit nya jauh sekali dari rumah saat sampai sana layan bagus sekali muas dari yang tangan sabar baik serta bidan awat staff yang lain padahal pakai bpjs sehat kelas 3 pokok tidak nyesel pernah ke rumah sakit ini,Positif
tugas sangat baik ramah sekali terima kasih rumah sakit umum medika lestari alhmdllh sembuh ruang tunggu nyaman,Positif
alhmdllh ibu sembuh terima kasih pak dokter dan team sudah selesai kontrol bangun bagus dan nyaman,Positif
layan tidak sesuailambat,Negatif
layan bagus jujur perawaty baik sekali ramah cantik layan cepat dokter ontime pagi jam 7pagi,Positif
alhamdulillah dari awal obat sampai sekarang sehat dan sudah stabil saya ke poliklinik saraf tugas ramah dan cekat,Positif
rumah sakit umum medika lestari pelayanany bagus terima kasih,Positif
layan cepat perawaty ramah dan murah senyum ruang tunggu nyaman tidak panas,Positif
terima kasih rumah sakit umum medika lestari layan sangat muas bangun nyaman sukses terus,Positif
cukup kecewa sama layan sana pasien datang dengan ada parah belum urus jugakatanya nuggu ini itu yang lama sekali engga jelasudah pake jalur umum padahal layan masih lambat pasean negeluh sakit hanya dijanjiin obat doang tapi tunggu dari pagi sampai malam engga kasi beri nyesel banget bawa kesitu,Negatif
terima kasih banyak untuk rumah sakit medika lestari alhamdulillah ibu saya sehat kembali telah d rawat di medika lestari pegawei nya sigap pasien datang lngsng d periksa langsung d cari kamar kosong layan sangat bagus biar pun ibu saya pke kartu kis tetapi tetap jamin awat nya sangat ramah sukses selalu untuk rumah sakit medika lestari,Positif
ruang tunggu nyaman layan cepat,Positif
salhmdllh gedung baru ruang tunggu nyaman bersih awat dan dokter sangat ramah dan erti,Positif
rutin ngantar ibu kontrol layan cepat dokter dan awat ramah ramahruang tunggu nyaman,Positif
lama g periksa ke medika lestari bsngunannya megah layan bagus ramah embak2nya,Positif
rutin kontrol layan baik dokter dan awat ramah ramah terima kasih rumah sakit umum medika lestari,Positif
pelayanane bagus,Positif
layan rawat jalan bagus doktery ramah perawaty juga sangat ramah,Positif
layan baik cepat tempat poliklinik nyaman dokter dan awat ramah,Positif
layan bagys awat ramah tempat astetik bersih,Positif
nyaman dan bagus untuk layan nya,Positif
puas dengan layan rumah sakit dan nyaman,Positif
untuk layan tugas baik dan ruang nyaman,Positif
sangat baik dan sopan santun,Positif
layan poliklinik sangat bagus,Positif
layan rumah sakit umum medika lestari sangat bagus dan saya puas obat di rumah sakit umum medika lestari,Positif
layan poliklinik sangat baik dan ramah,Positif
di baik lgi untuk layan masih kurang ramah sedikit lagi biar bisa lebih sempurna rumah sakit medika lestari,Positif
sangat bagus,Positif
layan di poliklinik rumah sakit umum medika lestari sangat baik layan poliklinik saya puas sama meriksaan dokter awat nya ramah sekali,Positif
ya alhamdllah nyaman,Positif
layan baik dokter dan awat baik baik trmksh,Positif
layan cukup baik dan tempat bersih ruang tunggu nyaman,Positif
layan baikdokter baik suster baik,Positif
rumah sakit umum medika lestari ruang tunggu poliklinik sudah nyaman awat dan dokter ramah,Positif
layan baik terima kasih,Positif
tidak nyaman hanya cari untung saja,Negatif
layan di poliklinik rumah sakit umum medika lestari tugas sangat ramah ramah dan layan nya sangat baik,Positif
layan poliklinik sangat puas layan dokter sangat ramah tempat tensi tugas ramah,Positif
layan poliklinik bagus pegawai ramah ramah,Positif
mohon maaf layan sangat lambat bpjs sehat dan umum sama bahkan no tua dpanggil dluan dbanding no muda alas yang dateng duluan lalu fungsi dari ambil no untuk apa layan publik yang luar biasa buruk,Negatif
tuju pokoke,Positif
layan sipp,Positif
layan rawat jalan bagus dari bapak sampai keponakan periksa ke medika lestari,Positif
satpam nya tidak ramah bangunin orang tidur sama kaki,Negatif
tuju layan yang lebih profesional,Netral
bagus layan rawat jalan dokter serta awat baik,Positif
layan baik awat ramah gedung baru sangat nyaman,Positif
layan poliklinik bagus awat dan doktery ramah ibu juga sudah ada maju,Positif
terima kasih rumah sakit umum medika lestari pelayanann nya bagus awat dan dokter ramah ramah,Positif
layan poliklinik cepat dan muas,Positif
alam sendiri semua tugas poliklinik ramah mbak2nya murah senyum untuk konsultasi enak saya ke poliklinik saraf,Positif
konsultasi nyaman ramahh,Positif
tempat sudah tidak panastetapi dokter nya sering sekali telatantrian tumpuk baik itu di daftar atau di ambil obat tolong manajemen rumah sakit medika lestari di baik,Negatif
poliklinik temptnya nyaman layan cepat trimakasi rumah sakit umum medika lestari,Positif
layan poliklinik bagusperawat ramah ramah,Positif
baik sekali,Positif
kontrol rutin struk ke poliklinik layan bagus awat ramah dan murah senyum,Positif
poliklinik ya awat ramah ramah ruang bersih trmksh,Positif
awat dan dokter ramah2pelayanannya cepatpoli ruang nyaman,Positif
poliklinik ruang tunggu sudah nyaman pelayananya cepat,Positif
layan sangat cepat rutin kontrol perawatnnya baik dan ramah ramah dokter sangat ramah dan baik,Positif
layan sopan ramahrs bersih nyaman,Positif
layan rawat jalan bagus semua tugas ramah,Positif
poliklinik layan cepat dokter dan awat ramahruang tunggu sudah nyaman,Positif
layan poliklinik sangat ramahramah dokter dan awat nya terima kasih ibu saya puas kontrol rutin tiap bulan nya,Positif
layan poliklinik rumah sakit umum medika lestari sangat baik,Positif
kontrol rutin ke poliklinik lama ini semua awat baik dan ramah terima kasih,Positif
semua tugas ramah dan sopan bangun poko bagus nyaman tidak sumuk,Positif
layan ke poliklinik kandung bagus awat dan dokter ramah maturnuwun,Positif
layan rawat jalan bagus,Positif
tugas semua ramah masuk cs juga baik,Positif
awat dan dokter ramah layan pol bagus,Positif
alam pribadi beberapa kali ke rumah sakit medika lestari layan awat dan dokter baik ramah ramah kaget dengan poliklinik sekarang gedung baru makin nyaman good,Positif
saat lagi mudikmendadak kepala pusinglalu arah ke rumah sakit medika lestari karena terdekatpelayanan poliklinik sana sangat bagus dan ramah sekali,Positif
layan poliklinik bagus dan ramah,Positif
rumah sakit umum medika lestari ruang tunggu nyaman antri tidak lama dokter dan awat ramah ramah sekali,Positif
ibu ku tinggal sini alfatihah untuk ibukku,Netral
awat dan dokter baik dan ramah,Positif
awat ramah baik dan sopan santun,Positif
kontrol rutin ke poliklinik semua awat ramah dan murah senyum bangun bagus dan nyaman,Positif
layan cepat awat baik dan ramah ramah,Positif
layan poliklinik sangat baik awat dan dokter ramah,Positif
layan poliklinik memuaskanperawatnya ramah ramah,Positif
rumah sakit umum medika lestari sangat enak baik ramah dan sejuk,Positif
layan sangat baik cepat awat dokter ramah,Positif
layan poliklinik cepat dan bagus tempat tunggu nyaman perawaty baik dan ramah,Positif
sudah 2 kali ke poliklinik alhmdllh layan bagus terima kasih,Positif
layan cepat awat dan dokter sangat ramah,Positif
layan cepat dan muas perawaty baik dan murah senyum doa moga saya salin normal dan sehat yahmkdh medika lestari,Positif
ruang tunggu poliklinik sangat nyaman dan sejuk,Positif
layan poliklinik bagus baru pertama kontrol habis secar bangun megah awat dan bidan ramah,Positif
layan bagus awat yang di poliklinik ramah ramah,Positif
baru pertama ke poliklinik sedang mudik layan bagus awat ramah terima kasih,Positif
saya pernah rawat inap di vip sana tempat bersih dan sejuk awat dan pegawai lain juga sangat ramah,Positif
dokter jantung ramah,Positif
layan main baik,Positif
saya beri bintang 5 karena dokter kandunganya baik tetapi untuk fasilitas benar2 buruk waktu lahir saya pakai bpjs sehat stelah slesai op kmi kasih kamar dengan fasilitas buruk ac mati sehingga kamar mjd panas pdhl ada bayi trs ada tv tetapi sengaja tidak kasih remot dan parah lagi kulkas gembok yatuhan sungguh benar gahabis pkir ini mau lahir lagi anak ke 2 tetapi mkir2 kalau dstu lagi nanti psti fsilitasnya bgtu lagi terus part yang paling tidak suka ada bidan yang cerewet minta ampun nasehatin pasien tetapi nada tinggi seperti lagi marahin orang padahal dsitu banyak orang sumpah kesel banget pgn banget nampol saya juga bidan tetapi tau etika perkara buku pink ngomongnya kemana2 orgnya yang agak item gatau bidan siapa nama inti nyebeline pol bidan yang lain pdhl baik2 ngomongnya juga lembut lah dia udh muka nyebelin ngomongnya gasopan lagi tolong tegur itu orang biar lbh sopan lagi sama pasien,Positif
terimksh untuk rumah sakit medika lestari lama kontrol di poliklinik saraf layan sgt baik waktu itu saya bingung karena tidak bisa daftar tapi saya ingat pernah di ksh nomor sama awat kalo ada apa2 saya hub awat itu alhamdulilah awat poliklinik baik sekali sekali lagi terimksh,Positif
alam 3 kali perisa nganterin mbah kakung ke poliklinik saraf perawaty sangat ramah dan murah senyum terima kasih,Positif
bangun poliklinik baru dan dokter ramah tapi sayang udh dftr pakai jkn mobile tunggu 2 jam baru tensi,Negatif
layan sangat baik terima kasih,Positif
makin baik dalam layan,Positif
makin baik,Positif
layan sudah bagus,Positif
maaf sekali ini hanya bintang 1 layan lama sekali mau tensi saja datang jam 3 jm 5 sore baru di panggil belum lagi poliklinik trs di farmasi juga antre lama pelayananya sangat lambat mungkin perlu kerja tambah lagi,Negatif
layan nya baik sekali,Positif
layan nya sangat ramah sekali,Positif
rsud sangat baik,Positif
layan sangat ramahterima beri rumah sakit umum medika lestari,Positif
bagus layan baik,Positif
dengan layan yang baik semua staf baik dan sangat bantu,Positif
makin mudah dengan layan,Positif
layan bagus perawaty yang di poliklinik ramah tidak membedabedakan pasien senang obat sini,Positif
suami saya di rujuk ke rumah sakit medika lestari layan nya baik sekali daftar ramah awat dokter dan staf lain juga sangat bantu,Positif
tempat baru makin nyaman,Positif
layan makin baik,Positif
fasilitas makin bagus,Positif
tingkat terus layan nya,Positif
sedang rawat inap di rumaah sakit dan asa nyaman layan ramah,Positif
tenaga medis nya ramah ramah,Positif
alhamdulillah puas dengan layan,Positif
layan sangat baik dan sangat ramah,Positif
habis rawat inap di sini layan baik dan cekat,Positif
vip pun sini sangat jauh dari standarlampu yang remang remang remote ac yang harus ganti dengan banyak kamar layan nya sama sekali tidak muas seperti misal obat untuk mlm hari di beri jam 8 malam sedang ada obat belum makan dan makan mlm sudah antar jam 1800saya kira memang harus banyak benah,Negatif
kali kali kontrol sini layan baik petugaas ramah,Positif
rumah sakit,Netral
layan makin baik,Positif
layan sangat baiktolongpelayanan agak di cepat lagi,Positif
ruang yang baru bersih dan rapi,Positif
dokter dan awat ramah layan nya cepat tapi yang sayang lagi sakit malah suruh isi surfey,Positif
tempat baru dan bagus layan baik,Positif
bagus puas dengan layan nya,Positif
layan cepat pelayanya ramah tempat bagus,Positif
bagus muas sekali,Positif
rawat inap sangat nyaman dan mudah awat baik,Positif
waktu saya daftar untuk periksa umum saya arah oleh bapak satpam ke daftar lalu ke tugas daftar situ saya sambut ramah oleh tugas terus tugas daftar nya informatif waktu saya tanya dan cekat arah ke instalasi gawat darurat untuk periksa dokter dan awat juga sangat bantu dan pasti ramah layan baik punya fasilitas sangat baik sukses terus untuk rumah sakit umum medika lestari,Positif
fasilitas baik tempat nyaman,Positif
terima kasih untuk ramah pelayananannya,Positif
ruang tunggu nyaman dan tugas ramah tahan ya,Positif
terima kasih untuk layan,Netral
layan rumah sakit medika lestari makin bagus dan sigap,Positif
ibu saya di rawat di sini dengan baik terima kasih rumah sakit umum medika lestari terus tahan layan,Positif
tugas runah sakit sigap dan cepat terima kasih,Positif
layan bagus terus tingkat rumah sakit umum medika lestari,Positif
saya senang ke rumah sakit umum medika lestaripetugasnya sigap dan pelayananya bagus capat,Positif
tugas sangat ramah tempat nyaman dan bersih rapi apalagi sekarang sudah ada bangun gedung baru poliklinik dan daftar jadi makin bagus dan makin nyaman kalo tunggu dan ngatri,Positif
layan bagus dan gedung baru makin nyaman,Positif
layan di rumah sakit bagisgedungnya nyaman dan bersih,Positif
layan baik cepat respon moga yang sakit cepat sembuh,Positif
layan kurang,Negatif
saya bolak balik sini dan rasa puas dgn layan nya tingkat lagi fasilitas nya,Positif
tugas ramah dan layan sangat baik moga makin maju,Positif
layan cepat ramah dan tempat bagus,Positif
terus tingkat kerja ikan layan yang baik tingkat layan yang saat ini sukses trus rumah sakit umum medika lestari,Positif
layan bgus,Positif
layan ramahdokternya komunikatif drivernya cekat tempat nyamantrimakasih,Positif
kurang paus,Negatif
kontrol rutin antar bapak ke poliklinik saraf awat dan doktery sangat ramah tempat bersih terima kasih untyk medika lestari sukses selalu,Positif
awat sopan dan baik hati antar ibu ke poliklinik saraf seluruh bagus ruang tunggu sempit moga kedepany rumah sakit medika lestari jayam,Positif
layan poliklinik bagus perawaty cantik dan sangat ramah sukses terus rumah sakit medika lestari ibu sakit stroke yang harus rutin kontrol,Positif
layan sangat baik dan staf2 karyawannya sangat ramah dan seru ajak bicara seperti awat dan dokter,Positif
layan sudah bagus beberapa kali anter ibu obat ke poliklinik dokter dan perawaty ramah bersih poliklinik bersih dan rapi beberapa kali juga tunggu ibu rawat di kelas 1 dan vip malah lebih bersih di kelas 1 masuk saja tiap kamar di sedia sapu kadang keluarga ingin nyapu sendiri pintu vip rusak kamar mandi tidak ada kunci moga sukses selalu medika lestari segera baik untuk rawat inapy,Positif
awat bidan cantikcantik banyak masih muda,Positif
saya rasa puas dgn layan ini mudah 2an depa pelayanananya lebih maju lagi,Positif
sangat baik lanjut,Positif
the hospital is still in developing process the hospitality of the staff still has plenty of room for improvement,Positif
sudah wara wiri nganterin mbah uti mbah kakung obat ke poliklinik semua tugas ramah murah senyum sangat empati ruang pun bersih pernah suatu waktu saya tidak tau kalo pemeriksaany sudah rampung suster dengan baik antar mbah uti dan mbah kakung ke parkir karena posisi saya parkir waktu itu sukses selalu dan terima kasih rumah sakit medika leatari,Positif
layan muas mohon tingkat terus yaa terima beri banyak,Positif
alam saya pernah rawat di rumah sakit umum medika lestari tangan cepat fasilitas cukup bagus tugas sangat ramah tahan terus dan tingkat layan,Positif
lama di instalasi gawat darurat tangan dengan baikdijelaskan rencana tindak selanjutnyaibu bidan juga ramah terima kasih untuk layan,Positif
tamanya indah bagus bersih,Positif
terima beri medika lestari sukses selalu dan jadi lebih baik lagi sangat puas dngn layan dan tempat nya,Positif
rumah sakit bagus pelayannyapetugasnya sangat ramah terus tingkat layan,Positif
layan sangat baik dan ramah,Positif
alam saya di rumah sakit umum medika lestari layan hadap pasien sangat muas dari awal daftar sampai pasien masuk rawat inap tetap tahan kualitas baik sukses selalu untuk rumah sakit umum medika lestari,Positif
rawat inap di medles alhamdulilah awat baikdokternya ramahruangannya kelas 3 hanya 4 bad sudah ada ac pelayananya baguskamarnya bersihsemoga makin maju rumah sakit umum medika lestari,Positif
terima beri sudah rawat ibu saya dengan baik saat rawat inap di rumah sakit umum medika lestarisemua tugas baik dan ramah,Positif
layan bagus dokter dan awat ramah terima beri rumah sakit umum medika lestari atas layan yang beri pada keluarga kami,Positif
alam pribadi lahir di rumah sakit umum medika lestari semua awat dan bidan nya ramah layan maksimal,Positif
alam pribadi tunggu saudara rawat inap di sini dokter awat dan staf lain sangat baik ramah sumeh dan komunikatif ruang bersih fasilitas lengkap ada tugas cleaning service yang selalu sliwar sliwer ecek bersih sehingga pasien dan keluarga yang inap di sini rasa nyaman sukses terus rumah sakit umum medika lestari,Positif
tugas rongsenya ganteng2 dan ramah,Positif
layan sangat ramah dari awal saya daftar masuk rawat inap sampai selesai administrasi pulang padahal saya pakai bpjs sehat kamar inap bersih dan nyaman terima kasih rumah sakit umum medika lestari,Positif
puas dengan layan di rumah sakit ini waktu suami saya rawat responnya cpt dan tanggap dan tidak lama pindah ke ruang,Positif
layan yang saya rasa waktu tunggu kakak di rumah sakit ini sangat baik dari tugas administrasi dokter awat dan staf ramah nice sigap dan komunikatif rumah sakit ini bersih nyaman apalagi di dalam ada taman2 yang asri terima kasih rumah sakit medika lestari,Positif
saya dulu anak pertama operasi sc sana pake bpjs sehat tidak pungut biaya apa alias gratis dan nyaman awat sangat ramah banget sigap care tentu apalagi dokter baik poll rumah sakit bersih dan fasilitas baik thankyou rumah sakit umum medika lestari lahir jadi aman dan nyaman,Positif
alam pernah rawat sini awat sigap ruang nyaman sudah ber ac semua moga layan makin tingkat,Positif
dokter baik2 sangat ramah dan layan okee awat juga cepat tanggap,Positif
moga depan lebih baik lagi,Netral
rumah sakit umum medika lestaripelayananya bagus muas,Positif
terima beri banyak rumah sakit umum medika leatari program jemput ambulance gratis sangat bantu masyarakat yang sangat butuh terima beri juga untuk dokter2nya yang sangat ramah dan komunikatif jadi enak kalau mau konsultasi sukses selalu rumah sakit umum medika lestari,Positif
layan cepat waktu bude saya di bawa ke instalasi gawat darurat langsung di tangan awat dan dokter ramah walau pakai bpjs sehat tidak ada beda dalam layan,Positif
terima kasih rumah sakit umum medika lestari sudah beri layan yang baik,Positif
awat nya baik dan ramah,Positif
alam pribadi saya dapat rujuk dari puskesmas rawalo ke rumah sakit ini saya didiagnosa trombosithopeni saya masuk guna jalur umum alias bayar pribadi tanpa bpjs sehat dsb 12 hari trombosis saya turun drastis dan sudah sangat sakit tetapi slm 3 hari pun dokter tidak ada yang temu utama dokter yang kata tangan saya dan bgitu temu hari ke 3 ittupun sudah jam 8 dan saya minta pulang aneh dokter itu mengijinkan saya pulang tanpa tangan saya dulu dgn alas hak pasien benar2 saya kecewa dgn layan di rumah sakit ini dokter tidak tanggung jawab,Negatif
kecewa lah,Negatif
masih ingat dulu jadi pasien covid19 sini sudah gila pasien keluh sesak malah tabung oksigen copot kata suruh latih napas trus ada pasien 3 minggu tidak pulang2 angka hasil tes pcr nya tidak stabil sudah gila di rsud cilacap saja ya 2 minggu itu sudah paling lama pulang pun sembuh kecuali pernah masuk icu kalo lagi nanya saya siapa saya dulu pasien yang ngamuk2 minta pulang saat agustus 2021 saya maksa minta pulang karena tidak mau mati konyol situ,Negatif
ingat saya dan keluarga jadi celaka tunggal mobil saya tabrak pohon telah turun krumput pada saat lebaran ke 2 tengah malam saya dan isteri saya di tangan oleh dokter muda dan beberapa awat nyata dengan tulus tolong isteri saya dengan jahit wajah yang kena pecah kaca kira2 lebih dari 15 jahit tanpa tanya dulu bapak mau dp berapa alhamdulillah isteri saya selamat dan wajah sekarang tidak ada bekas jahit seperti dulu status masih klinik 24 jam alhamdulillah sekarang telah kembang jadi rumah sakit berkat telah banyak tolong orang sehingga jadi berkah sekali lagi saya ucap terima beri kepada dokter awat dan milik waktu itu yang telah beri layan yang baik dan support kepada kami moga saat ini tambah jadi lebih baik layan maupun fasilitas,Positif
ruanganya tidak ada ventilasi jadi pengap kasihan pasiendi tambah kalo malam mau istirahat suara sepeker gemleger hanya ngumumin jam besuk selesairasanya pengin ikut jerit sb mengangu sekali bagi pasiensedang rasa sakitsuara sepeker terlalu keras,Negatif
beberapa kali ke dokter gigi dokter baik dan ramah sekalipernah 1x bersihin karang ngerjainnya memang lumayan lama tapi hasil alhamdulillah bersih sekali soal pernah bersihin karang gigi di pukem tidak terlalu bersih masih krasa kasar di lidah untuk harga mungkin standart2 saja ya jika di banding dengan tempat2 lain alam di medik lestari sedikit agak lebih murah kalau saja ada layar tv untuk nonton waktu periksa mungkin lebih nyaman apalagi jika anak2 yang sedang di obat,Positif
terima kasih banyak dan terima kasih sebesarbesarnya alba bisa lebih sehat dan bugar lagi sekarang alhamdulillah izin dari allah wasilah ny rumah sakit umum medika lestari smoga makin manfaat dan terus manfaat,Positif
bagi mahasiswa fkg yang sedang cari pasien koas gigi bisa hubung 62 895401639276 domisili purbalingga,Netral
lama banget antri padahal sepi layan buruk kurang sopan,Negatif
awat yang kurang baik dalam tangan pasien tolong di beri tegas,Negatif
2x kesini dan awat baik ramah semua,Positif
pasien rawat jalan baru mau masuk ke ruang daftar telah tunggu 1 jam padahal bagi daftar kosong sudah panggil tinggal dokter sudah pulang farmasi nya juga tunggu nya lama sekali tunggu obat harus kurleb tengah jam lagi dan alur kasir sama farmasi yang tidak jelas harus bolakbalik mba mba bagi daftar juga tidak ramah sama sekali kalo tidak pepet tidak mungkin kita kesini,Negatif
layan untuk salin burukmasa habis salin sudah keluar malah ruang nya belum adapadahal pake pbjs nomor 2,Negatif
tunggu obat sampai hampir 2 jam belum dapat lambat sekali tugas farmasi,Negatif
banyak curi hpcctvnya rusak,Negatif
layan tidak ramah samsek suster sinis galak tidak erti kecewa mana biaya mahal,Negatif
layan tidak ramah samsek suster sinis tidak perngertian kecewa mana biaya mahal,Negatif
layan lama pasien sudah tunggu 47 jam belum masuk ruang juga padahal ruang sudah kosong instalasi gawat darurat kurang satset,Negatif
saya tidak terlalu suka hadap layan karena tidak terlalu ramahsemoga baik kesalahan2nya,Negatif
layan kurang kena orang patah tulang malah di diemin tunggu kita minta infus baru di beri bilang harus operasi tunggu dari siang sampai tengah malam tidak ada jelas tengah malam baru kita minta rujuk moga depan tidak seperti gin lagi kalo keluarga pasien tanya jasa jangan di bentak,Negatif
jujur layan di rumah sakit ini cukup baik suster dan bruder sini ramah dan sigap namun fasilitas yang di ikan sangat2 tidak senang ruang tempat saya di opname ac nya mati ruang sangat panas dan saya makin rasa pengap dan sesak keringat cucur sangat tidak nyaman apakah seperti itu fasilitas yang beri untuk guna bpjs sehat sini beberapa kali alam saya di rumah sakit rumah sakit lain walau bpjs sehat ruang tetap nyaman bersih ac nyala tolong segera di baik ya agar nyaman pasien lebih jamin,Negatif
tangan cepat,Positif
alur daftar tidak jelas pertama kali ke sini nanya2 terus ke bagi daftar ktane nomer antri saya belum di panggil sampai jam dokter sudah selese baru di beri tau yang jelas suruh besok lagi ke medika nya dokter sudah selesai nomer antri saya sudah dari awal nyata kecewa,Negatif
layan baik dan cepat,Positif
layan tugas rumah sakit baik dan ramah musholla toilet dan kantin sangat bersih parkir cukup pada,Positif
rumah sakit yang layan dengan hati,Positif
baik lah dari layan ramah cepat dan tempat yang bersih moga sukses terus medika lestari,Positif
layan sangat baik meski kami saat itu bagai pasien bpjs sehat tetapi kami tetap dapat layan yang istimewa terima kasih rumah sakit umum medika lestari,Positif
tempat parkir fanas,Positif
rumah sakit yang sangat kembang pesat sekarang sudah ada instalasi gawat darurat dan layan rawat inap dokter juga bagus,Positif
admin nya kurang ramah jadwal nya juga tidak jelas sudah jauh2 ke sana malah suruh tunggu besok padahal sudah untuk janji,Negatif
layan buruk tidak etis,Negatif
layan tidak ramah sebal,Negatif
terima beri rumah sakit jatiwinangun ayah saya selesai operasi wasir dengan lancar dan cepat puas sama layan staff sini utama mas arief dari awal datang tangan dengan baik dan mudah untuk proses bpjs sehat walaupun rumah sakit lihat sederhana tapi dalem bersih dan rapi ayah saya dateng pagi sore langsung operasi oleh dari suroso alhamdulilah lancar tidak ada kendala tidak rasa sakit juga padahal bius tengah badan operasi sekitar 20 menit saja beres nginep dua hari dua malam tidak rasa kamar nyaman dan bersih acnya juga adem ada tv juga di dalam kamar sukses terus rskb jatiwinangun moga makin maju dan kembang,Positif
tangan lambatgajelas harus kalo pasien mau pulang di cek dulupelayanannya kurangdokternya lelet dan periksa tidak jelas,Negatif
excellent service bintang 5 pokok,Positif
layan baik sekali puas periksa dan rawat inap sini bidan sangat perhati fast respond,Positif
pernah ikut screening gratis benjol payudara yang mereka sering unggah di instagram sudah chat admin kata screening gratis periode lama bulan agustus tgl 15 agustus kesana saat sampai daftar yang layan jutek trus sengaja tanya ke temennya memang screening gratis masih ya mba dengan keras olah ejek saya karena mau periksa gratis kalo memang sudah tidak laku kenapa masih diposting di instagram brosur screening gratis toh saya tanya admin juga jawab lama bulan agustus tidak tunggu lama masuk ruang dokter benjol pegang tok langsung claim kanker kita bagai orang awam butuh jelas lebih tidak hanya pegang tok langsung claim kanker dan kurang informatif hanya bilang harus angkat sesuai prosedur bpjs sehat ya prosedur mah  tekan  kita sudah tau yang perlu kita tau jelas ttg benjol tsb alhamdulillah sekarang benjol sudah di angkat di rsud ajibarang dengan diagnosa endap air susu yang tebal sama sama bisa pake bpjs sehat tetapi layan di jatiwinangun tidak banget untuk layan harus evaluasi apalagi bagi daftar apalagi mereka wajah dari usaha kalo awal saja sudah layan buruk gmn orang mau periksa kesini ciri2nya ibu ibu agak gendut yang dari jauh saja sudah lihat jutek muka,Negatif
kali periksa hamil di sini tahun 2024 tangan oleh dokter anam sering ikut usg gratis tapi pernah juga umum salut layan usg gratis dan umum sama tidak beda sama sekali mbak bidan ramah dokter anam sangat detail jelas sabar ramah dan sopan daftar di depan lumayan antre obat tidak terlalu lama gedung bersih toilet bersih overall baik lah terima beri untuk rskb jatiwinangun,Positif
layan bagusperawatdoktersemua baik,Positif
layan bagusperawatnya semua ramah,Positif
bagus layan nya memuaskantempatnya bersihdokter awat baik sopannyaman untuk konsultasiterimakasi rumah sakit jatiwinangun moga selalu suksesbuat homecare nya juga sigap bgtsangat muas ms vebri the bagus pokok,Positif
terima kasih atas layan rumah sakit jatwin utama untuk prlayanan mas febri dan mba rani telah layan dengan baik dan sabar,Positif
mau bangkrut jangan pada di sini orang2nya pada ngumpet tidak gentle layan buruk,Negatif
alhamdulillah dapat usg 4d gratis sini walaupun gratis tapi layan ramah bidan jelas dengan sabar terima beri rumah sakit jatiwinangun moga makin sukses,Positif
pelayananya kurang turut saya saya hanya nanya ruang ko gitu banget jwbnya,Negatif
terima beri dokter dan awat langsung tangan moga luka cepet baik sukses sekalu rumah sakit bedah jatwin,Positif
saya senang layan poliklinik cepat dan tugas satset moga bisa selalu laku layan dengan cepat dan dapat tingkat lagi untuk panggil nomer urut,Positif
tempat mulai banyak ubah lebih baik layan sangat baik dokter ramah moga makin baik untuk depan,Positif
tangan sat set meski pakai bpjs sehat tksh dokter dan awat,Positif
kocak banget dokter bedah hari ini tunggu 2 jam udh masuk ruang tidak nyampe 5 menit sudah gitu druangan tidak ditanyain keluh dan nglihat sama sekali bekas luka tidak ada konsultasi atau tanya jawab sekali parah banget terus guna apa nungguin dokter kalo udh ketemu tidak ada komunikasi sekali,Negatif
sekarang lewat depan rumah sakit jatiwinangun makin cetar bahana cantik sekali tampil futuristik sekali,Positif
kurleb 5 th yang yang lalu suami saya seperti ny gagal oprasi d rumah sakit ini tapi skarang jadi sering sakit ap karena efek dari gagal oprasi,Negatif
layan bagus dan cepat meski pakai bpjs sehat kelas 3 tapi sesuai masuk instalasi gawat darurat tunggu kamar dan cepat dapat kamar awat ramah bolak balik minta tolong mau datang dan tetap senyum dan ramah dengan pasien pun sopan dokter pun baik dan ramah paham pasien moga makin baik lagi layan bersih nya apalagi sekarang lagi renovasi pasti lebih baik lagi,Positif
astaga banyak banget yng beri bintang buruk moga semua komplen masyarakat bisa atas cepat oleh rskb untuk saya sendiri layan turut saya bagus hanya ruang turut saya masih kurang bersih apa mungkin itu kelas paling bawah layan awat bagus turut saya dan moga naik tipe b salam sehat,Positif
sunat yang asal2an kerja kasi anak saya hasil sgt tidak muas seperti tidak kerja oleh ahli karena bius total jadi tidak bs saksi siapa yang kerja moga tidak jadi sama pasien lain,Negatif
kemarin habis periksa gigi di sini karena malam gigi asa sakit dan sungguh siksa benar kata meggi z lebih baik sakit hati dari pada sakit gigi harga awat gigi lumayan mahal rencana mau tambal gigi minggu depan ada yang tau kira2 berapa ya biaya untuk 1 gigi,Netral
telah baca ulas akhir bisa isi ulas telah priksa dokter suruh tunggu obat 1 jam tunggu dapat jawab ini obat belum sedia jika sudah ada kami hubung di no tera saya bisa rasa bagi dari kecewa pasien moga di beri sehat para pegawai rumah sakit jatiwinangun,Negatif
layan sangat bedak saya datang hari minggu tindak hari senin tetapi hari selasa belum boleh pulang pdhl sudah sehat dan vit sedang ada 3 pasien yang datang senin siang dan selasa pagi lngsng boleh pulangg pdhal dengan diagnosa yang sama tetapi sngat bedak mulai dari beri obat ganti perban dan layan,Negatif
awat ramah,Positif
barakallahservice rumah sakit jatiwinangun bagus sekali moga terus tahan qualitas,Positif
proses daftar gampang saat perlu ke ortho dari nursuwandi dokter edukatif dan ramah tugas juga ramah,Positif
pegawai semua senyum salam sapa bagus jaga terus ya layan,Positif
rumah sakit bersih layan bagus dan ramah,Positif
rumah sakit yang bagus tempat bersih dan rapi bikin nyaman pasien yang datang dengan layan yang ramah dari bagi daftar awat dan dokter,Positif
rumah sakit dari jaman saya smplokasi strategis layan cepat untuk tindak tindak operasi kecil,Positif
layan bagus sdmnya ramah terima bpjs sehat,Positif
layan the bagus,Positif
rumah sakit di tengah kota pwtsangat strategis ada henti khusus trans banyumas,Positif
rumah sakit jatwin layan mantab dokter baik2 awat sangat ramah r3komended banget,Positif
sukses selalu dan makin maju,Positif
excellent service,Positif
sangat baik sekali layan yang bahagia,Positif
layan di jatwin cepattepatselamat,Positif
rumah sakit bagus bersih dengan dokter yang alam dan layan awat yang ramah muas pokok,Positif
saya ke sana beberapa waktu yang waktu layan sangat bagus ramah dan bersih tahan ya,Positif
benar benar cepat tepat selamat,Positif
layan sat set,Positif
layan ngaco dari tahun 20212024 tidak ubah daftar ambil rekam medis hampir 1 jam lebih walaupun sudah janji dengan dokter masih harus tunggu daftar apa mereka tidak diajarin cara ngfiling dokumen biar gampang cari ya sangat perlu baik layan ini,Negatif
parah service dan tidak informatif awal datang ke daftar suruh ke ugd dari ugd suruh ke pendaftarankyk bola ping pongtrs dokter nya jutek habis n sinis abismgkn beliau tekan dgn beban hidup nya yaapdhl dtg obat dgn biaya non bpjsdikenakan bius total yang harga nya juga 5x lipat dari bius lokaldan itu pun hanya belek saja tanpa jahit lgmending ke tukang jahit obras pun msh jahit kembali nevernever back here again,Negatif
good servicewalau pake bpjs sehat,Positif
terima kasih service baik dari poliklinik bedah terima kasih untuk dokter arief yang sudah jadi dokter baik the bagus,Positif
terima kasih rumah sakit jatiwinangun layan baik dokter dan awat ramah ruang kelas 2 juga nyaman dan bersih smoga saya segera sembuh rumah sakit nya makin maju dan tingkat lagi layan,Positif
dapat rujuk dari faskes pertama kesini regisrasinya bisa bilang cepet dateng pagi suruh tunggu sebentar karena dokter dateng jam 9 periksa cepet staff ramah semua rawat inap pasca dan belum operasi juga enak ramah semua komunikatif golong baik untuk serta bpjs sehat kalo tingkat lagi bisa jadi rumah sakit khusus bedah baik si aamiin semangat untuk rumah sakit nya,Positif
daripada pasang benner ulang tahun rumah sakit mending evaluasi layan nya semua staff dokter awat kalo tidak erti cara layan mending tutup dulu rumah sakit nya adain seminar tentang layan,Negatif
terima beri untuk rskb jatiwinangun layan yang cepat dan semua pegawai sangat ramah kamar juga masuk nyaman moga makin sukses,Positif
layan pemeriksaanpengobatan mata rujuk konsultasi khusus dokter mata wilayah banyumas bpjs sehat asuransi maupun pasien umum,Netral
tempat nyamandokterperawat dan staf yang lai ramah2walaupun pake bpjs sehat tapi layan muas tahan,Positif
sorry to say tunggu dokter lama dapat dokter yang tidak ramah tidak informatif dan tidak komunikatif ketika konsultasi pra dan pasca operasi jawab lebih banyak tidak tau dan hanya patah kata saja bagi administrasi kurang tanggap masa orang mau sholat bingung mutermuter mana tempat biar saja hanya jadi tonton toilet atas belah mushola kotor air tidak alir ya gimana mau wudhu keran di wastafel pun mati kalau awat si lumayan ramah,Negatif
fasilitas baik,Positif
awat bedah di sana ada yang tidak ramah jadi telah pasien selesai bedah dan baru bangun tiba2 ada awat yang suruh pergi pasien se akan2 usir pasien sebut padahal baru bangun selesai bedah ciriciri awat itu cowolakilaki lalu 1 bulan kemudian nyata muncul luka di hasil bedah arti rumah sakit ini gagal bedah sakit saya,Negatif
dahulu sejak saya kecil kenal dengan nama rumah sakit santosa sekarang jadi rumah sakit khusus bedah jatiwinangun bangun sederhana tapi layan nya luar biasa dokter ramah sekali apoteker dan awat juga jelas dengan detail sangat baik di sini juga terima layan asuransi segala merk untuk dokter andi spesialis orthopedi terima beri banyak pak dokter atas layan,Positif
pegawai ramah ramah dan sangat sabar moga makin sukses ya,Positif
jika ingin cari rumah sakit tanpa antre dan layan cepat rskb jatiwinangun pilih,Positif
layan parah suruh kontrol pasca rawat harus dateng jam 09 pagi dibela2in dateng jam set 09 sampai jam 11 siang lebih suruh tunggu dokter parahh sumpah kapok gk mau lagi ke rumah sakit buruk ini,Negatif
tidak terlalu ramai karena rumah sakit khusus,Positif
tunggu resep lama sekali padahal gada antri mohon layan di kembang lagi trims,Negatif
layan lama baik rawat jalan dan rawat inap tempat sempit tidak sesuai sama prokes covid dokter tidak stand by pasien sudah tunggu lama tapi dokter sudah pulang mana sifat profesionalitas dari pihak awat juga tidak beri tau umum awat dan pegawai juga tidak ramah fasilitas buruk dari awal daftar antre sudah tidak jelas,Negatif
layan lama baik rawat jalan dan rawat inap tempat sempit tidak sesuai sama prokes covid dokter tidak stand by pasien sudah tunggu lama tapi dokter sudah pulang dari pihak awat juga tidak beri tau umum awat dan oegawai tidak ramah,Negatif
jika sakit keluarga sudah biasa di rumah sakit sinar ksh sejak masih tugu gki gatot subroto sampai yang sekarang ini,Netral
sudah 3 hari ini saya di suruh bolak balik trs ke jatwin kata jam sekian balik lgi di suruh jam aekian lagi sudah balik lgi masih saja zonk gmn lah min php mulu lah ngnya g jauh apa knp g sekali di tangan lah mlah suruh bolak bal doank,Negatif
layan bagus sesuai moto cepat tepat selamat,Positif
renovasi jadi lebih bagus dan luas,Positif
degdegan,Netral
kak tolong di rumah sakit umum dadi keluarga di buka poliklinik rheumatology karena pasien rheumatology banyak di banyumas sedang rumah sakit yang buka poliklinik rheumatology batas dan dokter rheumatology hanya ada 2 dokter di banyumas kalau tidak salah saya juga selaku pasien rheumatology juga,Netral
rumah sakit khusus bedah bersih rapi dan sunyi mungkin di dalam banyak orang tetapi pada tegang2 takut apa yah,Positif
dokter bagus praktek tiap hari,Positif
layan bagus cepat tugas ramah bisa dgn askes atau bpjs sehat,Positif
layan baik dan muas,Positif
terima kasih sudah beri layan yang bagus dan baik,Positif
alhamdulillah saya layan dalam jalan awat dari syaraf dan dari terapi syaraf dengan sangat dengan keluarga mulai dari daftar yang computeris serta periksa dan tindak terapidan layan farmasi yang cepat moga rumah sakit dadi keluarga jadi contoh rumah sakit lain dalam layan masyarakat yang butuh tolong,Positif
layan sangat bagus petugasy sangat ramah perlu tahan dan di tingkat,Positif
saya masuk dari instalasi gawat darurat saat mau salin layan bagus daftar awat arah semua satpam ikut bantu saat sudah di ruang salin bidan sabar baik sampai pulang bagi admin semua ramah,Positif
saya cocok sekali dengan layan rumah sakit dadi keluarga anak saya obat layan sangat nyaman layan dari bidan awat satpam daftar admin ramah dan arah,Positif
alhamdulillah dari awal hamil sampai sekarang anak fisioterapi layan nyaman banget semua karyawannya ramah dan kooperatif sekali dokter juga ramah selalu beri informasi dan masuk yang mudah di paham untuk tunjang sehat anak saya dari jaman ibu saya fisioterapi juga layan memang sudah sangat memuaskansemoga rumah sakit dadi keluarga makin maju dan makin tingkat layan untuk semua pasien,Positif
layan bagus tugas ramah cepat dan sangat bantu,Positif
cara umum baik dari daftar sampai belakang lancar,Positif
rumah sakit dengan fasilitas lengkap saya pernah lahir di ruang cendana bidan bidan awat dokter dan staf2nya ramah dan pelyannya sangat baik tetap jadi rumah sakit andal org2,Positif
layan fisioterapi di rsdk benarbenar luar biasa dari yang awal saya tidak bisa jalan sama sekali dan harus rawat inap saya terapi dengan sangat baik para physiotherapistnya ramah perhati dan selalu beri semangat sehingga saya juga ikut motivasi untuk cepat sembuh layan the bagus benarbenar bagus belum saya obat di rumah sakit dadi keluarga purwokerto tapi karena faskes saya pindah ke purbalingga sekarang saya sudah tidak bisa ke sana lagi jujur saya rasa hilang karena mereka sudah sangat jasa bantu saya sampai bisa sembuh dan jalan kembali terima beri banyak untuk semua rumah sakit dadi keluarga dan yang paling utama terima beri sebesarbesarnya untuk dari yuanita mardastuti dokter yang selalu beri motivasi perhati dan dukung luar biasa lama proses sembuh saya terima beri sudah rawat saya dengan sepenuh hati bahkan saat saya rawat inap pun dokter selalu sempat waktu untuk jenguk dan pasti kondisi saya saya benarbenar syukur pernah tangan oleh dokter terima beri banyak dokter,Positif
masyaa alloh luar biasa rsudk layan muas semua ramahdr dokter awat security dan humas murah senyumsaya pasien dari cilacap sudah dari th 2024 obat di rsudk tetap tingkat layan yang muas untuk pasiendemi wujud mimpi semua orang untuk sehat dan bahagia terima kasih untuk segala respon untuk daftar online lebih mudah moga rsudk selalu jaya dan sukses,Positif
rumah sakit dadi keluarga is the bagus pelayanankebersihan,Positif
tangan cepatbaikstrategis tempat,Positif
layan bagus dan ruang bersih,Positif
yang saya rasa saat rawat inap ibu saya awat ramah dan sangat cepat nang apalagi waktu sering ganti sprei karena sering muntah yang ganti juga cepet moga bisa tahan untuk depan sukses selalu,Positif
saat saya mau ambil obat rawat jalan layan farmasi nya ramah dan informatif untuk depan moga tetep kembang terus,Positif
tempat bersih awat dan dokter ramah masya allah terima kasih rumah sakit dadi keluargateruslah jadi yang baik barokallah,Positif
layan bagus dan muas selalu ada dan bisa saat butuh apalgi kmrn waktu mau lahir tim medis rumah sakit nya gercep2 sekali jadi dd bisa lahir dengan selamat stlh pecah ketuban jauh ini tidak ada keluh yang arti saya lahir normal dengan jahit tapi 2 jam kemudian sudah bisa untuk jalan dan bak sangat puas dengan tim medis dan fasilitas yang ada di rumah sakit dadi keluarga moga depan rumah sakit dadi keluarga makin maju dan jaya tim medis juga kompak selalu,Positif
layan bagus sekali sumpah mboten ngapusi kronologi awal cidera salah satu event di purwokerto di bawa ke tenda medis milik rumah sakit dk dan langsung tangan cekat kasih obat dan lain - lain kasih masuk saran juga terus kasih opsi mau bawa ke instalasi gawat darurat rumah sakit dan gong layan muas dan beri opsi mau ini itu dan lain - lain kait tangan serta untuk tugas yang jaga terima kasih banyak pokok sudah tangan sepenuh hati,Positif
rumah sakit bersih rapi note 1 dokter jaga instalasi gawat darurat hari minggu yang kaji pasien tidak teliti bahkan bisa bilang tidak pegang pasien hanya dasar informasi ners serta dokter yang tidak informatif 2 untuk layan radiologi via chat responnya sangat tidak muas,Negatif
sistem antri kacaudari no 25 bisa balik lagi ke 12 maju 17 lombat 22 mundur lagi 19itu antri apa ular tangga,Negatif
layan ramah tempat bersih petugasnyaa selalu sigapp jos,Positif
saya pasien rutin poliklinik saraf di rsdk semua baik dari layan cpt ramah tugas baik baik,Positif
saya pernah rawat di rumah sakit ini layan bagus ramah dokter baik banget awat dan tugas lain juga baik layan cepat terima beri rsdk,Positif
rsdk dengan fasilitas lengkap tugas ramah ramah layan cepat keluarga langgan ke rsdk klu obat bagus pokok,Positif
saya dari malang jauh ke prwokerto prlayanene sangat muas apalagi bagi humas sangat ramah kondisi tatacara pndftran online sampai didftrkan sekali terima kasih rumah sakit dadi keluarga terimaksih mba itus bagi humas pelayanna anda sangat baikkramah sopan dan tidak sombong,Positif
terimahkasih untuk rsdk purwokrto istri saya lahirahn di rsdk pelayanaya baik ruangn salin juga nyaman dokterya ramah sekali awat dan bidan juga sangat ramah cekat terima kasih rsdk,Positif
tugas sangat bertanggungjawab dan turut kami sangat muas dalam layan nya kami beri bantu dalam buat bpjs sehat dengan waktu sesingkatsingkatnya inti bagus puas owh ya catat kurang air kamar mandi di lantai 3 kok kuning ya,Positif
yang saya rasa telah rawat inap di sini 1 yang ramah informatif hanya security 2 awat kaku sekali tidak informatif jika tidak tanya maka tidak akan jelas atau beri tau hanya laku kerja saja seperti ganti infus atau beri obat lewat infus lalu pergi 3 kamar mandi ruang tidak pernah bersih oleh tugas lama inap 4 hari sini tisu toilet juga tidak sedia padahal ada wadah 4 tidak ada pengawassecurity yang keliling jadi saat ada bising yang sebab oleh terlalu banyak tunggu pasien atau karena tunggu terlalu bising saat jam malam tidak ada yang tegur kami pun bingung mau lapor mana saat hadap situasi seperti itu saya sempat lapor via wa tapi langsung tegur awat dan solusi hanya suruh pindah kelas 4 lampu mati terlalu gasik jam 910 malam lampu yang mau ke lantai atas sudah mati padahal bisa jadi kami yang tunggu pasien masih ada perlu untuk keluar seperti beli makan atau barang butuh 5 terang basement sangat minim di siang hari apa lagi di malam hari alangkah lebih baik tambah terang agar kami rasa lebih aman dan nyaman 6 di nurse station ruang rawat inap tidak ada kursi roda sangat sayang saat saya tanya ke awat kenapa sini tidak ada kursi roda hanya jawab kalau yang biasa pakai hanya ibu hamil padahal orang awat pasti lebih tau kalau guna kursi roda bukan hanya ibu hamil saja orang yang baru operasi juga butuh semua gender butuh dan awat tidak ada ingin untuk bantu ambil atau koordinasi dengan ruang dekat untuk pinjam lebih dahulu saya harus jalan sampai instalasi gawat darurat untuk ambil kursi roda padahal ruang saya di ujung belakang,Negatif
layan bagus saya suka layan staf ramah poliklinik saraf sangat komunikatif semua bersih,Positif
layan di rumah sakit dadi keluarga purwokerto sangat baik tempat nyaman tugas ramah,Positif
layan bagus sama satpam arah dan bidan baik,Positif
layan sangat baik dan mudah ramah tugas dan mudah dalam komunikasi layan cepat muas terimakasiy,Positif
rumah sakit baik layan bagus awat satset bersih baik,Positif
layan baik cukup ramah dan nyaman,Positif
alhamdulillah dapat rujuk ke rsdk dari rawat jalan sampai rawat inap alam saya muas dan sangat baik dokter spesialis dan para tugas juga rumah alhamdulillah saya sudah sembuh dari sakit tht yang saya derita terima beri rsdk,Positif
rumah sakit nyaman layan sangat ramah,Positif
layan baik dokter ada serius ada canda pasien jadi tidak spaneng layan cara seluruh sudah sangat muas ruang tunggu bersih terima kasih rsdk,Positif
layan cepat datang sore malam langsung operasi dokter dokter ramah terima kasih dari yusup sp b k bd dari lopo sp b k onk moga sukses dan sehat selalu,Positif
layan baik dokter sampai masuk dan mudah paham fasilitas lengkap dan bersih,Positif
unsoed makin maju punya rumah sakit gigi dan mulut,Netral
rsdk memang toppelayanan cepattanggap dan ramahtrimksh rsdk pwt,Positif
dapat layan yang selalu muas ketika rawat di rumah sakit ini moga makin maju,Positif
alhamdulillah periksa hamil istri dapat layan ramah tamahcsnya sangat responsif bgtttrimakasih,Positif
layan sangat puas awat ramah dan solutif alhamdulillah sangat nyaman obat di rumah sakit dadi keluarga purwokerto,Positif
layan baik,Positif
saya pasiennke poliklinik dalammerasa puas di rumah sakit ini dari pak satpam yang helpfull dan ramah tugas langgan servis yang bisa di chat beri informasi via wa kapan saja dan semua tugas lain sangat bantu moga terus tahan layan yang baik ini,Positif
layan muas tugas ramah dan alur layan juga mudah paham pasien,Positif
layan ramah tempatnyaa bersihh petugasnyaa selalu sigapp dalam bantu pasienn nya,Positif
layan nya muas tempat nyaman bagus,Positif
layan nya paling the bagus semua staf dan dokter nya sangat ramah,Positif
prawatnya yang sekarang malah lelet dan kurang cekat masa pasien infus tidak jalan mlah suruh tunggu dan ktnya lagi sibuk komputer,Negatif
ruang klinik urologi bersih dan nyaman dan sangat puas dengan layan di rsdk dokter dan awat sangat cekat dan ramah,Positif
palayanan rumah sakit sangat baik dan muas ruang tunggu sangat nyaman daftar online serta proses daftar cepatpelayanan medis dan non medis nya ramah serta mudah terima kasih rsdk untuk layan baik,Positif
terima kasih untuk rsdk atas layan yang sigap tanggap respon cepat saat terima kritik dan saran segera ditindaklanjuti saya pribadi sblmnya mohon maaf sempat beri review krng puas atas layan yang beri harap agar rsdk akan selalu beri layan yang baik saya ucap terima kasih banyak atas perhati dan layan yang beri lama bpk saya di rawat inap moga rsdk makin maju dan sukses serta manfaat untuk masyarakat luas dan jadi pilih no 1 rumah sakit untuk warga sekitar,Positif
layan bagus muas rencana mau cabut gigi di rumah sakit ini,Positif
lahan parkir luas layan ramah fasilitas lengkap,Positif
layan baik untuk saya yang ke rehab medik,Positif
rumah sakit bagus layan cepat dokter dan tugas ramah sekali respon nya sangat cepat terima kasih rsdk pwtsemoga sukses selalu ttep layan dengan sepenuh hati dan mjd rumah sakit rujuk yang kualitas,Positif
sangat bangga dengan layan sekarang moga lebih baik lagi,Positif
layan sangat baik dari rawat jalan juga instalasi gawat darurat juga layan rawat inap,Positif
selalu puas dengan layan rsdksukses dan lebih maju lagi rsdk,Positif
layan muas tetap depan layan,Positif
alhamdulillah puas dng layan staff awat dan dokter nya lanjut bdan terus tingkat kan ya sukses,Positif
ayah saya pernah kena serang stroke lari ke rsdk alhamdulillah layan sangat cepat,Positif
kalo ada bintang nol saya beri alam dapat rujuk ke rumah sakit ini dari faskes satu saja sudah firasat buruk dokter gigi puskesmas tidak sesuai dengan dokter yang benar nya mungkin dia nggantikan atau gmn dia bilang saya bukan orang sini hm entah orang mana saya pikir dia dokter nya yang asli saat ditawarin rujuk saya minta ke rumah sakit yang cepat dan tidak perlu lama tunggu nya baik dia jawab rumah sakit dadi klg dia bilang kalo sudah pilih nanti tidak bisa ganti ekspresi tekan ya saya ikut saat buka jkn untuk booking antri nya nyata tidak bisa karena sudah penuh kuota lalu saya pasti dengan tanya ke loket dan datang ke rumah sakit langsung nyata betul sudah full kuota oalah dokter puskesmas bilng ini hari ini bisa langsung daftar ini kocak saat tanya ke rumah sakit langsung juga bagi daftar nya jutek bukan main nyata memang begitu orang cewe tidak ramah dan yang samping cowo juga sama sekali tidak ramah alhasil harus tunggu bulan dekat jadwal yang pilih saya ke puskesmas lagi karena sakit gigi saya juga harap bisa ganti rujuk nyata tidak bisa dan akhir tiba saat jadwal ke rumah sakit waktu itu jumat saya datang saat sholat jumat betul masjid ada di area rumah sakit karena check in baru mulai jam 1 siang sholatlah di situ dan masjid sangat sangat tidak bagus mulai dari jamaah dan khotibnya selesai sholat saya balik ke daftar di situ satpam bantu arah dia bilang oh ini sudah penuh kocak akhir saya tanya ke satpam lain dan dia bilang masih bisa singkat cerita saya tunggu di poliklinik gigi dari jam satu siang sekitar sampai hampir jam 3 sore baru panggil dan ketika di dalam duarr nyata bukan ke konservasi gigi tapi ke bedah mulut akhir di beri rujuk baru internal dokter bukan dari jkn jadi tidak bisa booking antri di jkn tunggu lama nyata masuk sebentar langsung pulang jadwal 10 hari ke depan singkat cerita tgl yang dijadwalin tiba saya dapat nomor pertama ruang nya sempat banjir karena bocor saat saya masuk ada tengah jam karena sulit sekali cabut keras pakai tang untung bius nya masih pokok darah darah sampai tidak berani buka mata lama itu dalam hati doa atur nafas dokter bilang ini harus cabut meski susah pelan pelan saat cabut malah mahkota pecah aduh untung tidak ketel makin susah cabut akar deg degan karena dokter bilang gitu awat yang damping juga seperti bingung saya panik tapi akhir hasil cabut dan gigi benar benar nyeri seperti bengkak tidak nyaman saya dijadwalin kontrol tiga pekan lagi hari pertama dua tiga suakit plus tambah sariawan dan darah seperti lama henti saya usaha makan minum dan juga suplemen saya bolak balik cek kamera nyata lubang cabut seperti kotor dua minggu ikut belum juga sembuh akhir saya ke puskesmas dan tau tidak bekas cabut gigi kuret karena darah dan kotor tidak pakai bius poko bersih dan luka lagi dokter bilang ini kalo besok masih darah terus lgsung datang ke rumah sakit saja tidak usah tunggu jadwal kontrol nanti jahit tapi alhamdulillah hari ikut darah tidak keluar banyak hanya masih darah jadi saya putus tidak ke rumah sakit karena trauma saya juga hubung lewat wa tapi respon rumah sakit dadi klg tidak ada alam yang buruk,Positif
dua kali kesini pertama oprasi benjol ke drlopo sat set banget trus dua cek kandung fasilitas dan lain - lain baik banget,Positif
tempat nyaman untuk priksa kandung dokter obgynnya pun ramah layan pegawai nya baik,Positif
pelayananya sangat baik dan suster ramah banget,Positif
layan nya bagus pegawai juga ramah ramah dokter spognya juga jelasinnya detail banget bidan juga ramah,Positif
sangat baik antar istri ke poliklinik untuk cek kandung tugas nya mulai dari satpam sampai selese periksa semua ny ramah sangat baik,Positif
daftar cepat tugas ramah bersih wangi dan ruang tunggu nyaman,Positif
istri saya periksa kandung di rsdk fasilitas nyaman dari rahman sangat komunikatif dan lengkap jelas bersih dan ramah,Positif
tangan cepat rumah sakit bersih staf ramah instalasi gawat darurat cepat tangan,Positif
pelayann ramah dan cepat,Positif
rumah sakit bersih layan cepat dan ramah,Positif
layan baik dan bagus dengan tempat yang nyaman dengan layan sangat baik sama ibu dokter yuanita,Positif
minta tolong toilet atau kamar mandi dekat mushola rumah sakit bersih soal sangat kotor dan lumut moga saran saya bantu,Negatif
rumah sakit nya besar pelayananya cepat tidak tunggu lama tugas nya ramah bikin nyaman untuk obat,Positif
pelayananya bagus sangat baik,Positif
rumah sakit yang bikin pasien nyaman dengan layan medis yang akurat dukung alat yang lengkap dan modern serta layan non medis yang ramah sopan penuh perhati serasa obat di rumah sendiri tugas respect sekali rekomendasi sekali pokok,Positif
bagus dan sangat baik,Positif
baik bersih tempatny,Positif
jalan lebih pada,Positif
anak saya demam pertama kesitu hanya di beri obatbesoknya tambah demam di bawa kesitu lagi salah tidak ada tangan,Negatif
di poliklinik sedia air minum tempat nyaman hanya sayang air keran tidak nyala baik di mushola depan maupun di toilet manamana mohon segera tangan,Negatif
layan cepat saat minta informasi kait pasien masuk rawat inap jelas dengan lengkap bagaimana kalau mau naik kelas telah awat proses kontrol ke poliklinik juga mudah daftar online dan waktu tunggu obat cepat,Positif
sangat puas staf nya sopan layan nya bagus makan nya pun tidak asal dan cepat tanggap hadap pasien,Positif
saya aju complaint moga hal ini bisa baca oleh seluruh masyarakat dan pihak rumah sakit malam jam 2400 malam adik saya dengan kondisi pingsan datang ke rumah sakit ini dadi keluarga pwt dengan jamin bpjs sehat belum dengn dokter awat info jika bpjs sehat ke instalasi gawat darurat nanti bayarortu saya sanggup namun yang terjdi hanya apa hanya cek darah yang g tau hasil apa lalu suruh pulang dokter dengan santai kata ini masih aman jadi bisa pulang jadi ini cara rumah sakit tanganin pasien yang lgi kritis enteng banget ya ngomong bgtu kita bpjs sehat juga byr ank kondisi g sadar harus di ikan nang utama dulu jangan direspond bgtu,Negatif
layan muas tugas sangat ramah,Positif
untuk rumah sakit bersih tempat tunggu nyaman tugas ramah ramah alam priksa sini sangat muas dan bagi administrasi juga sumeh,Positif
rrumah sakit yang layan sangat baik ramah alat lengkap dan letak steategis,Positif
layan sangat fast respon dan cepat,Positif
layan buruk omong tugas tidak konsisten dan koordinasi antar pegawai kurang,Negatif
bagi administrasi cuek tidak ramah tidak sahabat dokter ada yang susah untuk konsultasi jutek sekali sangat sayang,Negatif
bagi administrasi cuek bet kalo bisa ngelayanin yang ramah dongs ya contoh rumah sakit jih rumah sakit ananda rumah sakit hermina purwokerto layan dari securty sampai ke dokter sangat ramah,Negatif
ada dokter bedah onkologi yang jadi favorit masyarakat sini nama dokter lopo orang sederhana ramah tapi sangat tegas dalam laku tindak ke pasien sat set pokoke beliau juga tidak sungkan untuk bagi tahu dan konsultasi dari pasien dari daerah pangandaran sudah banyak pasien kanker yang sembuh berkat layan kesehtn di rumah sakit dadi keluarga purwokerto,Positif
apa ada kemonya juga,Netral
layan agak cepat tapi sayang waktu ke instalasi gawat darurat malam hari pukul 2359 kurang cepat mungkin karena dokter koas juga ya so far so good,Positif
bagi daftar suka tidak ada di tempat,Netral
kurang recommend saya mau ambil jamin ktp waktu adik saya celaka pdhl admistrasi sudah bayar tapi malah ktp nya tidak tau di simpan mana harus tunggu lama bagain admin telfon sana sini pada tidak tau naruhnya mana harus bagi administrasi tidak perlu ajar yaa cara simpan berkas itu bagaimana sudah tunggu nya lama bangett lelet,Negatif
layan sangat muas tenaga sehat sangat ramah fasilitas pada sukses selalu rsdk,Positif
nyaman pelyananan ramahdokternya baikfsilitas juga baik,Negatif
awat poliklinik yang dekat ruang ketapangakasia sangat leled bapak saya sedang sesak nafas berat sudah panggil ke ruang awat tapi tidak langsung datang tunggu panggil 2 kali baru datang ke ruang padahal posisi sudah sangat darurat utama awat cewe itu sangat leled tolong baik pelayananya,Negatif
rumah sakit dadi keluarga purwokerto turut dapat saya sangat muas layan sangat ramah tamah awat yang tangan juga sangat sabar serta ramah dokter yang tangan istri saya saat ini juga profesional pokoke is the bagus rumah sakit dadi keluarga purwokerto,Positif
terima kasih dari annisa spa ramah komunikatif dan sangat bantu diagnosa pun jelas dengan sangat baik awat dan staf lain juga ramah,Positif
ramah semua untuk layan karena saya pasien ranapmaju terus rsdk,Positif
layan d rumah sakit umum dadi keluarga sangat bagus,Positif
sejak pertama ke sini mulai dari tahun 2017 sampai sekarang 2025 layan sangat bagus,Positif
awat dan semua ramah dari rawat inap jugabaik semua,Positif
untuk rsdk layan sudah bagus betul sudah lama jadi pasien rsdklayanan sudah baik ramah ramah,Positif
layan sudah bagus karena saya baru pertama namun sudah baik,Positif
layan nya sangat baik fasilitas juga pada dandokter dan staf nya juga ramah,Positif
layan sudah bagus semuaboleh baik untuk antri terapi,Positif
layan dari depan sampai poliklinik karyawannya ramahramah,Positif
layan dari pertama kali masuk sampai selesai sgt bagusbaik ramah dan cepat tanggapmulai dari satpamstafperawat dan dokter semua ramahsemoga di tahan layan yang seperti ini satu lagi bagi humas nya juga baiksiap membantutrimakasih rsdk,Positif
luar biasa moga makin maju terus awat sangat detail ramah asih juga,Positif
sejak awal obat ke rumah sakit dadi keluarga yang saya rasa tangan nya sangat profesionalramahdan sangat welcomemulai dari awal datangproses di daftar sampai selesai kunjung semua baik dan sangat bantu,Positif
layan nya sangat memuaskandrnya sangat ramah semuaapalagi perawatnyabuat rumah sakit umum dadi keluarga purwokerto pokok sangat baik banget,Positif
kemarin periksa 3 tahap di ruang yang beda dengan ambil resep obat akan ada 5 kali antri masuk daftar jika akan datang untuk pertama kali baik tanya lebih dahulu dokter mana yang belum banyak pasien karena kita harus pilih dokter sendiri,Netral
pelayananya sangat muas dokter baik dan sangat detail jika menjelaskann pokoknyaa saya suka dengan fasilitas yang beri oleh rumah sakit umum dadi keluargaa,Positif
keponakan saya ada yang rawat ruang pinuss awat sangatt ramah dan cepat jadi minimalisir tidak rugi pasien bilaa ada yang tanya pasti jawab dengan detail terima kasih rumah sakit umum dadi keluargaa,Positif
pelayananya bagus dan ramahh awat ruang inapnyaa pun selalu gercepp fasilitasnyaa bersih bangett satu keluarga selalu langgang rumah sakit umum dadi keluargaa sangatt worth it dan bintang lima,Positif
saya bagai orang tua dari pasien rasa di rugi dengan sehat anak saya,Negatif
layan yang sangat kurang dan tidak jujur,Negatif
2th berturut2 ank saya opnam disinialhamdulillah layan selalu memuaskn baik segi fasilitas maupun pelayananperawatnya juga sangat ramah dan tidak judes ky rumah sakit laindokternya dari mulai poliklinik smpe instalasi gawat darurat juga ramahmenerangkan dengan jelastempatnya juga bersihtdk rametdk bisingnaik kelas pun tambah biaya msh jangkau terima kasih kpd para perawatdokter yang sudah rawat anak saya lama sakitdan pihak rumah sakit yang sudah beri layan baik moga maju trssukses,Positif
layan ramah dari segala bidang mulai dari aman resepsionis awat apoteker dan dokter antre obat juga tidak lama moga makin sukses makin tingkat layan,Positif
layan sangat muas dokter baik detail jelas awat semua ramah baik sekali terima kasih,Positif
layan ramah tempat tenang dan nyaman dukung sekali untuk proses sembuh,Positif
layan baik dan prima terima kasih,Positif
tangan cepat anti rumit sat set,Positif
pernah ke klinik vaksin dan mcu untuk vaksinasi meningitis tempat sangat nyaman sekali luas dingin dan wangi tentu pisah dari pasien sakit langgan care sangat informatif sangat mudah saat akan vaksin awat dan dokter ramah dan cantikcantik full senyum datang tinggal isi formulir tidak ikut antre daftar di loket depan untuk bayar juga langsung jadi satu di klinik vaksin sangat bantu sini terima kasih rsdk,Positif
tugas baik baik senyum sapa santun,Positif
ruang tunggu nyaman dan dokter urologi baik jelas,Positif
layan bagus dan semua tugas ramahsukses terus rumah sakit dk,Positif
alhamdulillah bagus untuk layan rsdk purwokertothe bagus pokoknyasaya dari pasien pengandarantidak buat rumit,Positif
saya pasien poliklinik syaraf dengan dari tutik alkhamdulillah pelayanam bagus saya juga pasien poliklinik rehab medik dengan dari elien alkhamdulillah pelayanam juga bagus maju trs smkn jaya unruk rsdk purwokerto,Positif
neng ramahtidak satu pintu dengan ruang lainnyaman,Positif
layan ramah dokter jelas dengan baik khusus bagi radiologi,Positif
pernah ke poliklinik obgyn layan baik awat dan bidan ramah alat lengkap dokter beri jelas yang baik dan jelas,Positif
alhamdulillah lama obat ke rumah sakit layan muas,Positif
layan bagus antri tidak terlalu lama karena bisa daftar cara online tugas ramah minus parkir nya kurang luas,Positif
layan baik tugas ramah ramah sekali sukses terus rsdk,Positif
tempat cukup nyaman dan layan nya ramah,Positif
awat sangat ramah dan fast respon,Positif
layan bagus toilet di unit laboratnya bersih sangat baik,Positif
layan baik ramah lingkung bersih nyaman sangat baik pokoke,Positif
layan ramah cepat utama selamat pasien makin lengkap sarana prasarana mantab canggih barakallah rumah sakit umum dadi keluarga purwokerto,Positif
layan sangat muas dokter kooperatif awat ramah terima beri rumah sakit dadi keluarga,Positif
ruanga rawat inap nyaman dan bersih,Positif
antre obat lama ketika saya cek pdahal sudh jadi ap gara2 pke bpjs sehat jadi di bkin lma pdhal udh satu jm lebih,Negatif
alamat deket tetapi sayang dokter tidak tepat waktu di jadwal pukul 1500 1600 tetapi udh jam 1600 dokter belum dateng,Negatif
rumah sakit bagus pelayananya baik ramah cepat tempat bersih,Positif
belum pakai mjkn daftar sangat antre tetapi sekarang sudah ada layan online jadi mudah kalo mau obat bahkan bisa menyesuikan waktu kita dan tidak antre maju terus rsdk,Positif
layan di rumah sakit umum dadi keluarga the bagus,Positif
woww mantaps layan untuk vaksin dan mcu nya kemarin betul habis vaksin dan layan di langgan cervice sangat welcome dan muas,Positif
layan ramah moga sukses selalu dan sejahtera karyawan amin,Positif
alhamdulillah selalu puas tiap kali kontrol ke rumah sakit dadi keluarga lebih tepat lagi saya ke dokter syaraf drmardha beliau ramah sekali awat juga ramah antre obat pun sekarang sudah tidak lama lagi 1015 menit obat sudah ready sukses untuk dadi keluarga moga layan makin lebih baik lagi dan semakkin maju,Positif
layan muas tugas sangat ramah dan sampai informasi dgn jelas saranaprasarana di rumah sakit nya lengkap dan bersih2 layan dokter sgt baik tidak tunggu lama dan tidak rumit,Positif
layan baiik dan muas karyawannya sangat ramah recomended,Positif
pelayananya ramah,Positif
rumah sakit dadi keluarga layan muas fasilitas lengkap dokter spesialis lengkap untuk karyawan yang tugas sangat ramah moga makin maju dan jaya rumah sakit dadi keluarga,Positif
rumah sakit dengan fasilitas tunjang yang lengkap di area purwokerto seperti rontgen ct scan mri usg panoramic serta layan nya juga ramah,Positif
tugas ramah layan cepat,Positif
layan sangat baikramahjga bersih,Positif
terima kasih untuk security yang ramah dan sigap saat bantu pasien ke instalasi gawat darurat serta pasien lansia yang mau kontrolpasien juga asa bantu dengan ada layan jemput antar pasien kontrol dengan driver2 ambulance yang ramahmeskipun ada beberapa kurang but overall its baik,Positif
layan bgus ruang bersih dan nyaman makann untuk pasien rawat inap juga variasi tugas sangat ramah dan helpfull smoga makin maju rsdk,Positif
rsdk luar biasa,Positif
perwatnya sangat ramah terima kasih rumah sakit umum dadi keluarga,Positif
waww layan daftar di rumah sakit umum dadi keluarga sangat ramahdan rumah sakit nyaman,Positif
sangat tidak muas gila orang koma 2 hari telah sadar tidak sampai tunggu pulih dulu malah suruh pulang sampai rumah orang tinggal,Negatif
buruk sekali,Negatif
layan yang luar biasa bagus dokter maupun awat baik,Positif
kualitas layan sangat sangat lambat buruk,Negatif
sbnrnya bagus playanan juga baik hanya meta pol kurang saat trus penuh sekali klinik anak di campur sama poliklinik kandung mah  tekan  baik ya tetapi plus poliklinik kulit dan klamin juga tetapi ruang tidak terlalu luas jadi kaya banyak sekali yang diri tunggu yang ke poliklinik kulit kbnyakan sudah sepuh jadi sampai rebut kursi pdhl kita juga sama anak pngnya juga tunggu dengan nyaman tetapi jadi ublek sama mbah kesini sekali saja sudah alur tidak jelas sudah bilang pake asuransi sampai di admin malah jadi umum harus balik lagi dari awal daftar tunggu obat 2 jam ampuun,Negatif
ini rumasakit rekomen dit lah bagus bersi jam besuk juga batas layan ramah hanya kurang 1 yaitu berisik di orang bawa makan atau tepat obat nya sisa nya baik dan pake ase lagi,Positif
alhamdulillah layan rsdadi keluarga sangat memuaskankami di layan dengan telaten juga kami cukup kes dengan staf awat nya yang sangat ramahmaju terus rumah sakit dadi keluarga layan masyarakat dengan sepenuh hati terima kasih,Positif
layan baikdokternya ramahdari awal masuk sudah diarahin sma tugas rsnya nyaman fasilitas bagusada ac sma wifi out door juga enak tempatnyakebersihan kmar mandi yang agk kurang sdikit sma tempat cuci tangan depan juga kurang sma antre obat di farmasi lumayan lamakrn semua poliklinik ambil obat satu tempat kalo mau periksa lbh baik daftar online dulu saja sama2 tangan online maupun offline hanya kdang yang offline kalah cepat sma yang online wlw baru sampai ke rsgtu saja shh terima kasih,Positif
bintang satu saja soal alam sangat buruk di rumah sakit ini 1 kasih ruang yang ac nya mati 2 bapak saya sudah ada jawadal oprasi sudah puasa sudah masuk ruang oprasi ternyta dokter yang mengoprasi tidak datang ini si parah sekali 3 ada dokter yang marah2 ke ibu saya di depan bapak saya yang notabene pasien langsung down dan katamya karakter dokter seperti itu suka marah marah kalo punya karakter begitu jangan jadi dokter bos etika nya bisa kan bicara baik2 saya putus untuk tidak melanjutakan obat di rumah sakit ini,Negatif
rumah sakit nyaman bersih dan layan baik poliklinik sini lengkap,Positif
pelayanane sangat ramah terima beri rumah sakit dadi keluarga,Positif
di beri janji dokter buka jam 1 nyata buat tunggu 1jam,Negatif
layan laboratorium bagus tugas ramah tidak beda pasien bpjs sehat maupun umum,Positif
rumah sakit bersih dan nyaman pelayananya bagus moga jadi rumah sakit lebih baik dan maju depan aamiin,Positif
layan nya bagus ramah tempat bersih nyaman,Positif
layan ramah baik aman dan nyaman parkir juga ada tugas jadi kita tidak susah ambil motor,Positif
layan ramah fasilitas bersih dan rapi,Positif
layan bagus mulai dari tugas front office sampai dengan tugas medis dan tenaga sehat lain lingkung rumah sakit nyaman dan bersih,Positif
rumah sakit dengan layan baik pasien dengan jamin layan bpjs sehat atau jamin layan lai akan layan dengan baik tanpa ada beda tugas ramah sopan tempat bersih nyaman,Positif
layan oketerus tahan dan di tingkat lagi,Positif
terima kasih untuk pelayananya yang tamah rsdk terima kasih arah dan bantuanya pak budiman dari pases sampai jaya saudara,Positif
rumah sakit ini layan ke pasien ramah sat set dokter dan awat juga ramahramah jika tanya tentang sakit pasti selalu jawab dengan tepat dan mudah di paham orang awam seperti saya the bagus pokok rumah sakit dadi keluarga,Positif
layan prima pegawai staff ramah gedung dan kamar luas dan tangan cepat tangan oleh profesional,Positif
rumah sakit yang beri layan paripurnadokter jelas detailperawatbidan ramah,Positif
rumah sakit nyamanbersihpelayanannya luar biasa smg jadi rumah sakit unggulansukses dan lebih maju lagi aamiin,Positif
terima kasih rumah sakit dadi keluarga jadi rumah sakit langgan keluarga layan yang cepat tugas ramahramah tampil rapi jadi nilai plus sendiri sukses selalu rumah sakit dadi keluarga,Positif
layan ramah dan baik untuk dokter tepat waktu,Positif
bagus,Positif
semua sudah cukup baik layan ramah lingkung bersih moga depan jauh lebih baik lagi terima kasih,Positif
rumah sakit bersih nyaman awat baik dan sangat ramah,Positif
rumah sakit swasta lengkap layan sehat di kabupaten banyumas ada poliklinik onkologi radioterapi radiologi mammografi panoramic ct scan mri jadi tidak pusingpusing mau periksa apa saja,Positif
rumah sakit dengan layan yang bagussuster sangat ramah,Positif
rumah sakit umum dadi keluarga purwokerto layan bagus pakai bpjs sehat atau umum layan tetap sama tugas ramah,Positif
ruang tata dokter awat ramah,Positif
alhamdulillah sudah bisa pakai bpjs sehat lagi lingkung bersih dan layan ramah,Positif
layan bagus kamar mandi bersih pegawai ramah,Positif
salah satu rumah sakit dengan layan baik pasien dengan bpjs sehat atau tidak akan layan dengan baik tugas ramah sopan tempat bersih nyaman mau yang rawat jalan atau rawat inap dengan bagai sakit di rumah sakit dadi keluarga ini dokter lengkap sukses selalu untuk rumah sakit dadi keluarga purwokerto,Positif
salah satu rumah sakit baik di purwokerto tempat bersih layan bagus awat dan tugas ramah ramah,Positif
rumah sakit yang nyaman bersih tidak membedabedakan pasien umum dan bpjs sehat sukses dan makin jaya rsdk,Positif
tempat bersihpelayanannya juga baikperawatnya juga cantikcantikngga salah kemarin bawa saudara rawat inap di rsdk purwokerto,Positif
layan baik dan ramah ruang dan lingkung bersih,Positif
layan sangat nyaman,Positif
layan super bagus,Positif
selain tempat nyaman dan bersih layan juga muas dan tidak pernah beda antara pasien umum atau bpjs sehat moga makin sukses,Positif
lingkung bersih dingin tugas juga helpfull ramah ambil darah juga tidak sakit,Positif
rumah sakit nyamanbersih perwat bidan dan dokter baik2 makin jaya rsdk,Positif
pelayananya muas dari segi keprawatan poliklinik rwat jlan dokter dan staf lain,Positif
rumah sakit nyaman karyawannya ramahramah pokok the bagus rsdk,Positif
layan baik dan saya juga sembuh sekarang lagi obat jalan,Positif
rsdk bagus layan juga bagus daftar turut saya umum tidak rumit 2 juga,Positif
layan cukup bagustempatnya bersih awat sangat ramah,Positif
layan bagus ramah dan rumah sakit nya juga besrih,Positif
parkir tidak amanstpam tukang parkir gabecushelm hilangdiminta ketemu nolak minta vidio cctv tidak dikasihmalah hanya kasih foto laku gajelas muka kira cari orang hanya pake foto gampangga ada tanggung jawab sama sekali,Negatif
saya mau review dasar alam 3 tahun akhir langgan di rumah sakit dadi keluarga purwokerto lebih 1 tahun lalu dan tahuntahun belum saat di instalasi gawat darurat sudah dapat diagnosa dan harus di rawat inap langsung pindah ke kamar inap tanpa tunggu lama sekitar 12 jam padahal saya pakai bpjs sehat kelas 3 untuk tahun ini saya belum ke sana lagi jadi kurang tau 2 tidak pelit ruang meski pakai bpjs sehat tapi kalau ruang khusus bpjs sehat penuh tetap alih sementara ke ruang lain pernah sampai dapat yang kelas 1 dan lama saya rawat inap di rumah sakit ini selalu dapat ruang individu tidak bagi dengan pasien lain sehingga lebih nyaman selain itu dapat toilet di dalam ruang dan toilet bersih bukan yang bersih sekali hanya tidak bau dan tidak kotor 3 makan untuk pasien rawat inap menu lengkap 4 sehat 5 sempurna 4 ada tugas yang bantu natain motor jadi bayar parkir tidak asa siasia karena jamin aman dan bantu juga kalau mau ambil motor 5 makan di kantin basement masih lumayan jangkau harga tidak jauh beda sama di pasar kadang kalau masuk rumah sakit uang banyak pakai untuk beli makan porsi mini harga mukbang alhamdulillah di rumah sakit dadi keluarga harga makan masih sahabat ada terang harga 6 ac nya dingin dan belum pernah nemu ruang yang ac nya rusak 7 sedia lift yang mudah untuk naik turun gedung supaya tidak capek kurang 1 administrasi rumit kalau kesini wajib bawa fotokopi ktp kk dan kartu bpjs sehat 2 kalau masuk instalasi gawat darurat tapi pasien anggap tidak sakit yang sangat parah dan ancam nyawa biaya obat tetap bayar mandiri tidak bisa pakai bpjs sehat dan harga obat sangat mahal 3 pegawai daftar kurang ramah 4 antre obat lama dan suara kurang keras tidak cocok sama telinga saya yang banyak kopok 5 kadang dokter ambil cuti tanpa pemberitahuan ke pasien harus karena saat daftar tanya nomor hp bisa lah beri info supaya tidak buangbuang polutan dan bensin 6 mushala lumayan kotor dan kurang besar selain itu tempat wudhu perempuan kurang tutup lebih tingkat masa gedung rumah sakit bagus tapi tempat ibadah ada 7 wc di lantai dasar dan di mushala kurang bersih 8 tempat cuci tangan di bagi pintu masuk tahun kemarin seperti tidak pernah di refill sabun padahal saat jaman covid selalu senang kalau cuci tangan di situ karena sabun super wangi hehe segitu saja reviewnya,Negatif
jadwal kontrol hari itu saat hari h nya malah kata dokter tidak ada lagi cuti lawakk,Negatif
bagi pendafataran dibwah tidak profesional sangat kecewa beda pasiensampai akhir putus pindah rumah sakit yang tidak rumit dan tidak beda pasien di bagi daftar moga kelak ada baik untuk sdm nya tidak ad senyum2 nya sama sekali pdhl daftar wajah utama senyum sapa salam babarblas zonk,Negatif
untuk pasien non bpjs sehat baik lah cepat tangan tapi kalo untuk pasien bpjs sehat harus kuat mental juga soal hampir 12 jam dijanjiin pindah ruang yang kata lagi di bersihin wkwkkww positive saja si mungkin lagi cat ulang kamar biar lebih nyaman satu lagi alas antre tapi pasien yang dapat kamar duluan justru datang paling akhir wkwkkw,Negatif
masuk instalasi gawat darurat tidak tanya pakai bpjs sehat atau mandiri tau tau suruh bayar kata ud prosedur tidak jelas apa pun cabut lagi saja bpjs sehat nya tidak fungsi,Negatif
pakai bpjs sehat untuk operasi di sini layan profesional ramah dan baik2 banget dari dokter suster dan staff rumah sakit lai semua sangat bantu untuk administrasi juga cepat mudah tidak sulit dan tidak berbelit2 kami sangat rasa bantu terima kasih rsdk,Positif
rumah sakit dengan layan paling bagus turut saya tahan layan baik,Positif
terima beri untuk dokter suster dan team medis rumah sakit dadi keluarga purwokerto sudah beri layan baik untuk bapak saya muhammad toip,Positif
lahir anak pertama sini alhamdulillah semua awat dokter baik semua layan juga satset,Positif
pokok nya rumasakit ini layan bagus mau pake bpjs sehat mau umum layan juga tetep sama tugas ramah semua layan sangat puas,Positif
astaghfirullah benar2 uji sabar ngurus administrasi mau pulang saja ko sampai lama sekali sudah lapor mau pulang dari jam 0800 pagi sampai jam 1500 sore belum selesai juga tiap di tanya jawab nya sedang siap obat dan administrasi nya masa sampai 6 jam lebih padahal tidak terlalu ramai antre kapok,Negatif
bisa pakai bpjs sehat engga ya kak,Netral
ada banyak no telepondi telepon dari kemarin ngak da yang ngangkat susah benar padahal rumah saya di luar kota,Negatif
rumah sakit nyamandokter ramahperawat juga ramah,Positif
bisa untuk konsultasi promil tidak kalau mau konsul promil ke bagi mana ada yang bisa bantu jawab,Netral
pertama di rawat di rumah sakit dadi keluarga semua sangat ramah kamar bersih dan nyaman layan okee saya rawat di kamar cemara,Positif
serve like family,Positif
awat tidak ramah,Negatif
layan ramahkomunikatifbersihrapinyaman poliklinik lengkapperalatan lengkapcuma parkir mobil yang sdikit trbatas,Positif
layan sgt baik tetapi bpjs sehat sudah gk bisa dipake lagi,Positif
layan muas dan kamar ber ac,Positif
ramah layan cepat,Positif
terima kasih atas pelayananya all team dadi keluargadari mulai istri saya masuk instalasi gawat darurat sampai di boleh pulang pelayananya baguskontrol juga tidak lama di poliklinik syarafpokoknya terima kasih banyaksemoga tambah maju,Positif
yang singkat saja ya untuk fasilitas lengkap baik lah tapi wc jorok layan biasa saja lah trus yang bikin kesel antre obat lama sekali gilaa kasihan yang lagi butuh obat rata rata pada tinggal,Negatif
rumah sakit umum dadi keluarga purwokerto rupa rumah sakit yang beri layan prima bagi pasien tempat bersihnyaman bagi unjung yang ikhtiar obat di rumah sakit ini tiap pagi dan sore ramai dengan para pasien yang ber ikhtiar di rumah sakit ini parkir luas sedia luar area rumah sakit yang tidak terlalu jauh,Positif
layan baik tempat bersih dan nyaman,Positif
layan baik dari dokter atau awat mnurut sya tugas kbersihan harus latih lagi minimal 1th 1x lah istri sya masuk jam 2100 besok tidak sapu sma sekali hanya di cek pdhl ruang kotor hr ke 2 sapu sambil ngedumel gara gara sya buang pempes bekas istri sya ke tempat smpah warna kuning sya mersa benar buang situ tetapi ktanya itu untuk medis tidak boleh buang situ pdhl smph medis ada sendiri pake kardus hr ke 3 di tinggalin sapu ruang begitu siang beliau masuk smbil tanya ke istri sya yang lagi sakit udh sapu belum bu istri sya jwab blum trus sapu sama beliau sya baru tau ada pasien suruh nyapu sendiri itu atur dari mna,Negatif
layan dan fasilitas sudah bagus kalau turut,Positif
rumah sakit ckup bersih layan jga bgus,Positif
layan pada farmasi rawat jalan harus benar2 baik sehingga tidak terlalu lama mengantripaling tidak beri nomer antri sehingga jelas urut ambil obatnyasound untuk panggil juga kurang jernih layan pada farmasi rawat jalan sangat jauh beda dengan unit lain yang sudah bagus moga masuk ini bisa ditindaklanjuti saya pasien poliklinik dalam online dengan no antri 1 slese di poliklinik jam 145 sampai 337 belum dapat obat,Negatif
sangat baik pokok,Positif
mau tanyausg 2d biaya nya berapa ya,Netral
dari awal daftar sini bagai pasien bpjs sehat tapi alhamdulillah tidak pernah temu layan dari daftar konsultasi dokter yang kata bagi tetangga diskriminatif,Positif
infus tidak jalan bolak balik minta di betulin jawab hanya nanti nanti dan nanti 2 hari 1 infus tidak kurang malah tambah sakit anak saya,Negatif
layan nya bagus,Positif
kecewa saja si ada informasi baru kait layan tapi tidak di sampai ke pasien padahal bukan baru pertama kali kontrol minta solusi tapi kes cuek sangat sayang,Negatif
layan dari sekuriti di rawat inap kurang ramah dan nada bicara ke unjung pakai nada tinggi tolong di beri pelatian agar lebih ramah lagi kepada unjung,Negatif
bersih kamar kurang dokter tidak jelas skt nya dengan tel air kamar mandi bau dan lain - lain,Negatif
mohon layan rawat jalan di baik jangan lambat sudah antre lama banget tidak di panggil2 antri,Positif
ada ruang susu dan ada playground di lantai 5 bareng sama poliklinik anakobsgyn biar anak gk bosan saran untuk kontrol unggah rawat inap lebih baik untuk di daftar lebih dulu pulang dari rumah sakit biar tidak lama tunggu antri kontrol sangat baik lama sekali,Positif
1 layan yang baik 2 jelas cepat dan tepat dalam informasi 3 konsumen prioritas bagai mudah dalam penuh butuh,Positif
rumah sakit yang kenal dengan dokter onkologi yaitu bapak lopo layan profesional dan nyaman utama dekat keluarga seperti nama moga tetap jaga kualitas layan dan obat,Positif
telah ada antri online layan jadi lebih cepat,Positif
layan ramah apalagi awat banyak senyum,Positif
lagi di ruang rehabilitasi medikrsdadi keluarga layan bagus sekali mba dan mas nakes dokter karyawanya sangat ramah,Positif
daftar sudah bisa langsung ke poliklinik jadi lebih efektif dan tidak antre lama,Positif
layan yang sangat baik,Positif
dari daliman bagus sekali,Positif
layan sigap dan ramah tamah,Positif
rumah sakit dengan motto we serve like family beri layan seperti dengan keluarga sendiri sangat ramah tugas sopan baik jaya selalu rumah sakit dadi keluarga purwokerto,Positif
awat rawat inap ramah ramah,Positif
rumah sakit umum baik di pirwokerto layan dan semua karyawannya sangat baik,Positif
sangat puas terima kasih rsdk,Positif
layan maksimal dan baik pokok,Positif
sangat bantu informasi,Positif
awat baik moga rsdk tetap paripurna,Positif
tempat enak tugas ramah obat jadi nyaman,Positif
awat ramah ramah,Positif
awat baik2,Positif
awat sangat ramah sopan,Positif
layan bagus tingkat,Positif
layan di rsdk muas terima kasih,Positif
layan baik ramah tempat tunggu bagus di bagi poliklinik,Positif
layan instalasi gawat darurat muas awat dan bidan ramah murah senyum,Positif
we serve like family,Positif
tempat nya bersih rapi layan bagus,Positif
rumah sakitbintang 5 paripurna yang beri layan baik bagai keluarga,Positif
layan nya sangat muas pegawai sangat ramah,Positif
sekarang daftar online langsung di poliklinik jadi cepet layan,Positif
sempurna,Positif
tugas sangat ramah dan layan cepat,Positif
layan mutu,Positif
sangat baik dari layan sampai perawatanterima atas semua moga tambah maju rumah sakit umum ananda,Positif
dari anak qi nakut2in sekali bikin overthinking tidak pandai dalam sampai untuk orang new mom terlalu terburu2 selalu coba untuk usir cara halus sehingga waktu periksa sangat sangat singkat mendiagnosa dengan kira2 saja awat juga judes2 awal2 tanya pasien bpjs sehat atau umum memang penting ketika nanya antri tanya begitu,Negatif
tolong cek kerja bagi farmasi di bel kali kali satu tidak ada yang keluar ke meja depan farmasi saya cek layan farmasi 24 jam awal saya pikir masih tutup tapi padahal di dalam ruang dengar haha hihi haha hihi perugas bagi farmasi tolong layan nya di tingkat,Negatif
layan sangat sangat baik dan cepatt,Positif
suka sekali sama dari ika please ramahpoll,Positif
rumah sakit baik di purwokerto,Positif
tugas n dokter ramahramah meski pakai bpjs sehat layan tetap bagus,Positif
layan ramah sampai kata kata sopan tangan cepat datang malam hari hampir mau tutup layan dengan sangat ramah rekomendasi untuk yang cari rumah sakit ibu dan anak,Positif
rumah sakit ananda tempat bersihnyamannakes dan dokter nya ramah tangan dengan sangat telitipelayanan juga cepat,Positif
luar biasa rumah sakit ananda untuk layan,Positif
awat ramah ramah rumah sakit bagus bersih dan rapi untuk pilih rumah sakit di purwokerto saya pilih rumah sakit ananda purwokerto,Positif
rumah sakit rame si tapi rame sama antri tidak jelas antre dokter hampir 2 jam sendiri habis itu awat nyerahin berkas tidak tau antre untuk apa lagi yang harus sudah bisa untuk antre obat dan kasir tapi suruh tunggu antri berkas saja pertama kali kesini kecewa si padahal waktu bisa digunain untuk istirahat rumah,Negatif
rumah sakit ananda layan baik bantu pasien dengan cepat,Positif
layan muas dan tunggu tidak terlalu lama,Positif
4th lalu lahir sc di ananda sekarang alhamdulillah anak dh tumbuh dengan baik pintar dan sehat dokter dan layan di ananda sangat ramah baik2 terima beri rumah sakit umum ananda,Positif
layan di rumah sakit ananda purwokerto luar biasa dari daftar sampai kasir layan bagus sekali staff dan awat di poliklinik sangat ramah cantik bikin pasien nyaman terima beri rumah sakit ananda purwokerto makin sukses,Positif
rumahsakitnya bersih nyaman layan bagus awat ramah ramah dokter humble sekali dengan pasien sukses terus rumah sakit ananda,Positif
tangan bagus sekali super cepet dan jelas sekali flow nya semua ramah sini huge appreciation,Positif
kasir nya bolak balik sama penggambilan obat kurang jauh mustinya bisa bikin lebih kauh lagi dar saran,Netral
respon cepat dan informatif terima kasih,Positif
tolong khusus untuk dokter anak yang tangan pasien di ruang dandelion 3 kemarin anda dokter tapi tangan sangat buruk sampai sekarang anak kakak saya telinga masih darah karena anda pasang anting tidak benar dan tidak ada tindak lanjut sama sekali mohon pihak rumah sakit ananda bisa beri tegur ke dokter,Negatif
layan sudah sangat baik,Positif
untuk layan sudah baik,Positif
layan bagus ramah rekomendasi sekali,Positif
pelayananan sudah bagus dokter baik jelas tentang sakit mudah paham dari awal sama dari gandik danu,Positif
bintang 5 untuk bagi fisioterapi dokter baik banget dari elin sangat baik banget pokok tapi kemarin rada kecewa pak ke ortopedi begitu priksa langsung suruh operasi ekspresi kaget ken balik kanan rasa,Positif
layan sangat baik,Positif
layan muas terima kasih,Positif
layan dokter ma awat bagus rumah sakit ya bersih hanya di bagi timbang tensi kalau bisa di tambah karyawan yang khusus catat di situ mks,Netral
kalo ada 100 bintang pasti saya beri 100 semua layan baik ramah semua fast respon komplen dikit langsung di tangan good job moga makin sukses,Positif
antri tidak jelas awal2 yang dateng duluan yang di panggil saat lanjut sesuai nomor antri dapat no antri 10 pasien umum bukan bpjs sehat ku itungin sudah 10 pasien lebih tapi kok masih bom panggil juga ada yang baru dateng dan nomor antri jauh no 37 tetapi panggil nya cepet eh nyata memang banyak pasien titip ini ada sop nya engga lah tolong manajemen di baik,Negatif
layan nya sangat baik cepat dan tugas ramah,Positif
layan muas terima kasih rumah sakit ananda,Positif
selalu dapat layan yang muas terima beri rumah sakit ananda,Positif
layan semua bagus muas,Positif
keluarga pernah rawat layan semedulur sekali,Netral
layan muas bantu dengan baik,Positif
layan baik utama saat konsul ke dokter kulit jelas lengkap dan baik ruang bersih dan asisten juga baik,Positif
cari dokter kulit yang baik dan jelas lengkap ya cm di rumah sakit ananda dengan dokter ermadi bagus docter in this town terima kasih dok,Positif
layan sangat baik dokter nya sangat komunikatif,Positif
please staff daftar tambah lagi capek banget antre sampai 20 orang,Negatif
layan rumah sakit nya bagus dan sangat nyaman sangat terima beri juga tiap control dengan dari kulit es sangat sabar jelas dan beri opsi yang baik dalam rawat pasien,Positif
layan bagus sekali,Positif
pertama kali dan langsung alam buruk daftar online dapat nomor urut tapi tunggu lama sekali saya tunggu dari jam 1700 bom di panggil sampai jam 20 tetapi orang yang baru datang bisa langsung masuk itu gimana cerita nya sesuai nomor urut kah ato gimana pasti respon nya kami akan baik formalitas saja nyata banyak yang komplain seperti itu sudah lah tidak lagi capek saja tunggu dari sore,Negatif
semua bagus mohon tahan,Positif
layan di sini semua bagus,Positif
layan bagus semua ramah,Positif
suster dan dokter ramah dokter beri jelas ttg keluh sakit mudah paham pasien,Positif
layan sangat muas terima kasih,Positif
sangat baik dari layan luar biasa sangat bagus ramah semua terima beri,Positif
layan bagus sekali dokter baik baik,Positif
tdnya langgan kesini untuk segala obat dan lain - lain tetapi gara2 omong salah satu dokter yang jaga instalasi gawat darurat bikin sakit hati tidak akan saya kesini lagi,Negatif
periksa ke dokter anak dgn dokter qodri dokter dan mbak awat ramah informatif juga lalu terapi okupasi di poliklinik rehab medik sama dokter elin dan terap mbak yana dokter elin ramah sekali komunikatif sabar mbak yana juga sabar dan ramah front office ramah langgan service ramah dan fast respon chat selalu balas bagi daftar juga ramah padahal pakai bpjs sehat tapi memang baik itu layan terima beri rumah sakit umum ananda moga makin sukses,Positif
layan ramah dan dokter sakit dalam drpugud samodro mudah untuk konsultasi sabar dengar keluh pasien dan jawab berkah dan sukses selalu untuk semua aamiin,Positif
layan baik informasi yang beri jelas,Positif
layan bagus dan muas,Positif
layan semua nya pegawai ramah energik tingkat terus,Positif
bgs banget,Positif
layan servicenya baik sekali tugas juga ramah ramah,Positif
cs nya ramah layan bagus tidak begitu antri,Positif
pelayananya sangat muas dan sangat ramah baik untuk para staf awat dan juga dokter,Positif
alhamdulillaah baru pernah mbah opname sini tempat bersih layan ramah dokter dan awat juga baik,Positif
layan sangat muas sukses untuk rumah sakit ananda,Positif
layan sangat baik tempat nyaman awat ramah dokter pun juga sangat ramah dan rekomen saya obat untuk jerawat alhamdulillah 1 minggu langsung sangat mending dengan dokter satriyo padahal belum jerawat saya susah hilang lama 5 tahun,Positif
layan hari ini bagus layan dengan baik,Positif
layan sangat bagus sekali semua tenaga sehat baik dokter awat atau karyawan yang lain sangat ramah dalam layan pasien mau bantu pasien ketika alami sulit dalam tangan pasien tindak juga sangat cepat dan bagussemoga rumah sakit ananda makin maju jaya dan sukses aamiin,Positif
layan psikolog sangat baik pernah tes pribadi sini tidak hanya kasih hasil tes doang bu kurniasih beri pesan dan kesan yang positif bnr2 lebih dari ekspektasi hasil,Positif
layan yang beri sangat baik para awat sangat ramah dan selalu bantu,Positif
rumah sakit ananda layan sangat muas excelent service rumah sakit bersih layan ramah dan tanggap sangat pantas untuk jadi rumah sakit baik di kabupaten banyumas sekitar,Positif
informasi sangat jelas di web dan media sosial layan ramah,Positif
bagus bersih dan nyaman,Positif
nyaman dan bersih pegawai ramah dan sangat bantu terima beri rumah sakit umum ananda,Positif
layan rumah sakit ini sangat baik dan tidak pandang status semua staf mulai dari daftar hingga tindak medis sangat cekat dan profesional well service pokok baik dari jaman dulu,Positif
rumah sakit nyaman bersih layan baik dan dokter juga profesional,Positif
nyaman aman bersih,Positif
layan yang ramah,Positif
layan yang ramah antre rapi dan cepat,Positif
i had an excellent experience at ananda hospital the staff was incredibly helpful and professional and i was especially impressed with the seamless process for my dental and general doctor visits i used sinarmas health insurance and their cashless system was perfectly integrated everything worked smoothly without any payment issues highly recommend for great service,Positif
semua layan bagus terima beri rumah sakit ananda,Positif
layan bagus dan cepattenaga medis juga ramah2maturnuwun moga rumah sakit ananda makin maju n sukses,Positif
rumah sakit rekomendasi layan cs yang tidak lelet selalu ada baik jadwal selalu update jadi tidak bingung ada pasti untuk periksa dsini terima kasih mas cs maulana sudah bantu kursi roda,Positif
turut saya rumah sakit ananda purwokerto rupa salah satu rumah sakit baik yang ada di purwokerto layan bagus dan ramah serta respon yang cepat tanggap tetap tahan kualitas makin sukses dan maju untuk rumah sakit ananda purwokerto,Positif
layan sudah bagus muas dan tugas ramah,Positif
baik dan cepat,Positif
layan ramah bagus semua,Positif
lahir sini sering priksa kesini layan baik tugas semua ramah,Positif
tempaynya nyaman,Positif
layan daftar bantu dan makin mudah,Positif
layan nya baik dan sangat bantu,Positif
tempat nyaman bagi daftar sangat ramah terima kasih,Positif
layan cepat ramah arah dengan baik pernah sakit diare saat sedang hamil tm 3 hubung dokter kandung arah ke instalasi gawat darurat agar fast track alhamdulillah lancar dan aman,Positif
layan cukup baik fasilitas baik bersih baik dokter dokter kompeten di bidang masya allah barakallahufiikum,Positif
layan dari daftar ramah layan screning dan anamnesa ramah layan di kasir terlalu lama layan obat juga cepat agak kurang jelas,Positif
selalu puas dgn layan cs rumah sakit ananda,Positif
pelayananna baik puas,Positif
layan di rumah sakit umum ananda baik sudah puas dengan layan bagus,Positif
kami antar ibu obat dan rawat inap di rumah sakit ananda guna bpjs sehat seluruh staff nya sangat ramah dan baik mulai dari daftar di instalasi gawat darurat di kamar rawat inap maupun di icu tangan sangat cepat dan profesional terima kasih besar besar kepada dari moch bhagavad gita gandhi surya dirgantara spanti dari gandik danu pramiga sppd dari jaga instalasi gawat darurat para awat dan seluruh staff rumah sakit ananda yang telah rawat ibu kami dengan sabar sukses selalu rumah sakit ananda purwokerto,Positif
layan administrasi cepat,Positif
sangat kecewa dengan layan untuk poliklinik kandung antri tidak jelas sudah daftar online dan datang langsung dengan antri awal tapi bisa jadi akhir malah yang datang bwlakangan bs masuk duluan mana make fasilitas umum bukan bpjs sehat bisa benahin sop tidak,Negatif
okey sekali,Positif
layan bagustempatnya nyaman,Positif
layan okpenjelasan detail dan perinci,Positif
terimakash,Netral
dari layan semua tugas di rumah sakit ananda sudah baik nyaman sekali obat di sini semangat,Positif
maasya allah sangat syukur tentu rumah sakit ananda bagai tempat salin istri layan nya totalitas dan fasilitas nya juga sangat baik terima kasih segenap nakes rumah sakit ananda khusus dokter ika atas bantu jazakumullahu khair,Positif
layan dan dokter bagus,Positif
tempat nyamanpelayanan cepatdokternya juga sangat ramah,Positif
rumah sakit bersih tidak bau obat bau wangi malah hehe tugas juga sangat ramah dulu pernah rawat sini layan acungin jempol lah sampai kadang teman kerabat saya saran untuk ke rumah sakit ini karena pernah dapat alam yang muas daftar sekarang mudah bisa lewat website dan whatsapp terima kasih rumah sakit umum ananda purwokerto,Positif
layan sangat muas dalam doktermaupun awat dan lain - lain,Positif
rumah sakit dengan layan yang baik tugas dan nakes yang ramah proses daftar juga mudah dan cepat,Positif
layan ramah dan tempat bersih,Positif
sering rawat jalan alhamdulillah dari bagi daftar susterkasirfarmasiradiologidokter dalam semua ramah dan baik kecuali maafdokter kulit dan estetika jutek pol tidak ada senyum sewot kurang piknik apa ya hehehe,Positif
layan rumah sakit umum selalu bagusramah buat nyaman pasien baik itu rawat inap maupun rawat jalan terima kasih ananda,Positif
dokterperawat baik ramah layan baik,Positif
bayar iur bpjs sehat tidak guna disinikatanya bukan gawat daruratlahorang bawa ke instalasi gawat darurat ya gawat darurat,Negatif
proses cepat layan ramah,Positif
layan sangat baik dan fasilitas poliklinik anak sangat nyaman,Positif
layan baik,Positif
layan di sini sangat bagus fasilitas juga muas dokter jasa juga muas semua bagus,Positif
layan baik tapi mungkin perlu ada baik atau tambah personil security agar mudah untuk tanya sedikit informasi tentang antri dan tempat parkir contoh terima kasih,Positif
untuk layan sangat ramah cepat mudah dokter awat pun semua sangat baik puas untuk semua layan di rumah sakit anada,Positif
sangat bersih dan nyaman layan cepat saat bingung juga langsung segera bantu oleh tugas,Positif
makin baik layan cepat satu arah dan tidak buat pusing awat cekat dokter ramah dan tidak berteletele,Positif
lihat saya susah jalan lgs ditawarin kursi roda dan bantu full sejak daftar sampai ambil obat pdhal g ada keluarga yang tani joss lah pokoke,Positif
layan makin bagus tempat nyaman dokter staff dan awat baik baik sekali masyallah dari nur langgan ana sehat2 dokter bagus rumah sakit umum ananda terima kasih rumah sakit umum ananda,Positif
sudah tiap bulan kontrol ibu sayapelayanan di rumah sakit ananda cukup baik dan ramah terima kasih rumah sakit ananda yang telah beri layan yang baik,Positif
tempat bersih layan ramah dokter baik sekali,Positif
layan sudah bagus moga sukses rumah sakit ananda,Positif
nice layan cepat tanggap bersih dan fasilitas nya lengkap,Positif
rekomendasi dokter hospitality staff mudah layan pasien dan reasonable pricesalut,Positif
semua staff nya sangat ramah,Positif
layan baik banget tiap kontrol kesini trs tidak pernah pindah sangking nyamannyatempat bersih dan wangi dan terima kasih bnyak untuk dryosinov ramah dan detail,Positif
cepat ramah bersih,Positif
layan ramah jelas alur nya dan tidak beda umum bpjs sehat,Positif
layan sangat muas tugas sehat sopan sopan dalam layan pasien,Positif
layan sangat ramah pendafttarn ketika sulit by aplikasi bantu sampai sukses terima kasih banyak rumah sakit ananda,Positif
layan baiknyaman dan tidak terlalu lama saat tunggu,Positif
lama anak kami terapi sini anak kami sudah ada kembang,Negatif
rasa nyaman priksa di ananda tempat bersih tugas daftar juga ramah,Positif
dari hamil anak pertama sampai skrng kalo urus layan sehat tetap dengan rumah sakit umum anandaall service nya the bagus sekali utama tidak pernah dijutekin sama nakesnya semua humble jadi pasien tetap nyamanthx rumah sakit umum anandaselalu sukses dan tambah sukses,Positif
bagi saya muas tempat juga nyaman untuk layan juga baik untuk seluruh baik,Positif
tempat nyaman tugas daftar ramah ramah,Positif
alhamdulillah pelayansn cukup bsik n muas dan g rumit,Positif
layan di rumah sakit ananda sudah bagus,Positif
layan ramah tempat nyaman,Positif
layan ramah dokter nya ramah juga tidak antre,Positif
dari setya dian kartika spog ramah sekali baik sekali dokter baik yang saya temu lama 25 tahun ini sangat sayang jarak rumah dengan tempat beliau jauhh dan tidak kalah juga dengan perawatperawat yang lain juga ramahramah terima kasih dokter terima kasih rumah sakit umum ananda purwokerto,Positif
daftar mudah bisa langsung wa ke langgan service para staff juga ramah,Positif
layan baik respon cepat hadap keluh pasien tempat cukup nyaman,Positif
layan ramah dan cekat mulai dari daftar hingga periksa dokter pun sangat komunikatif jelasmau dengar dan merespon keluh pasien dengan sangat baik,Positif
dari alam yang sudah saya lewatin dari dari ika saat saya hamil layan samgat bagus orang humble ramah sekali dan sekarang saya masih suka kontrol ke dari marda beliau bagus layan sangat ramah dan buat nyaman dari itu saya rasa betah di rumah sakit ananda karena dari obygn nya perempuan itu yang saya cari dan saya temu di rumah sakit ananda hanya saja kritik sedikit untuk mushollanya bisa pindah ya lebih baik tidak dekat dengan ambulancekamar jenazah,Positif
alhamdulillah sudah 2x ke sini layan baik dan ramah dokter nya juga mau erti dan paham kondisi anak tempat nya juga bersih dan tenang terima kasih,Positif
layan di rumah sakit umum ananda purwokerto baiktempat bersih dan nyamandokter dan tugas ramah serta komunikatif,Positif
layan sudah bagus tapi kadang awat suka gajelas kait rujuk habis pada saat kontrol tidak di info kait rujuk habis jadi saat kontrol betikutnya kerepot kait rujuk tolong di baik,Negatif
bersih nyaman,Positif
layan bagus dan ramah fasilitas untuk poliklinik anak nyaman sekali,Positif
layan cepat ramah tugas rapi enak lihat smg konsisten ya,Positif
alhamdulillah layan cepat dan ramah terima kasih rumah sakit ananda,Positif
alhamdulillaah selalu nyaman periksa dengan dari ika spog awat dan staf rumah sakit samgat komunikatif dan informatif,Positif
layan bagus service excellent untuk lingkung rumah sakit juga bersih dan nyaman,Positif
layan sangat cepat dan muas,Positif
sudah bagus,Positif
layan okeh,Positif
nyaman bantu apabila ada kendala daftar,Positif
udh 7 tahun obat layan selalu ramah lancar mulai dari bagi daftar cs farmasi satpam utama dokter dokter yuanita mardastuti sukses selalu ananda,Positif
sudah 8 bulan terap di anandaso far smua layan bagusdimudahkan juga apalagi dapat konfirmasi dari daftar hsebelumnya,Positif
hari ini antar saudara priksa di dokter umum instalasi gawat darurat sambut tugas daftar yang ramah jelas alur pakai bpjs sehat sangat mudah paham awat instalasi gawat darurat sangat ramah tetapi alhamdulillah keluh tidak gawat dan bisa pulang walaupun tidak jamin bpjs sehat tetapi jelas tugas bisa paham,Positif
dokter fadidz albam jasa enak sekali di paham layan juga sangat baik untuk bersih kamar mandi mohon sering di kontrol layan semua baik,Positif
layan dokter maupun staf ramah baik dan muas moga ke depan bisa jadi rumah sakit yang lebih baik lgi aamiin,Positif
rumah sakit ananda layan luar biasa sekali ramah bersihsopan2 sekali dan waktu ke daftar saya sangat puas ramah sekali jelas nya sangat jelas kalo tidak salah sempet baca nama mbak ragil dan saya sangat puas banget sama dari feri bedah mulutsemoga beliau semua masih di rumah sakit ananda sehat selalu sukses selalu untuk ananda,Positif
ramah dan good service,Positif
saya daftar online dan telah itu dapat perhati dari cs pertama cs mengkomfirmasi pasti datang dua pada hari h ketika poliklinik sudah buka saya juga dapat reminder lagi layan ini sangat bagus pernah saya alami di rumah sakit kota lain mesti tunggu lama dokter yang datang praktek di rumah sakit ananda semua on schedule,Positif
layan begitu ramah entah itu pakai bpjs sehat atau umum the bagus pokok,Positif
salah satu rumah sakit baik di purwokerto layan tanggap dan bagus keluarga kami langgan sekali sama ini rumah sakit sukses selalu untuk rsananda purwokerto,Positif
layan ramah dan cepat tugas siap bantu,Positif
muas sekali layan awat dan daftar cs juga sangat ramah dan sangat bantu terima beri ananda,Positif
terima beri ananda layan muas,Positif
tolong sampai pada dokter es kalau tidak mau susah karena pasien obat jangan jadi dokter inget kode etik dokter jangan mentang 2 pasien bpjs sehat bisa laku enak,Negatif
tidak tau knp rumah sakit ananda makin kesini layan mulai turun bagi poliklinik anak informasi g sesuai dengan realita pasien tidak beri mudah untuk ecek sudah sampai antri ke brp jadi pasien tunggu terlalu lama di poliklinik mungkin depan bisa buat link untuk periksa antri sudah sampai urut brp jadi pasien tidak terlalu lama tunggu di poliklinik moga layan rumah sakit ananda mulai baik,Negatif
saya pasien bpjs sehat sangat pesona dengan layan rumah sakit ananda ini allah yaa mulai dari layan awat tindak tempat dokter awat dan pegawai semua muanyaa bagus bangetmana cakep cakep dan wangi wangi semua dihh bisa begituu yah terima kasih banyak untuk rumah sakit ananda purwokerto moga makin jaya makin sukses makin depan aamiin yaa allah dan alhamdulillah saya sudah sehat walafiat sudah fit dan bisa beraktifitas kembali,Positif
terima beri atas layan yang cepat dan muas dokter informatif dan jelas semua dengan detail terima kasih dokter finaldy untuk respons dan waktu untuk jelas dengan jelas moga depan bisa tahan kualitas yang sudah sangat baik,Positif
rumah sakit mana yang tega bikin antre tidak jelas untuk ibu hamil tunggu 3 jam mikir,Negatif
sempit ruang tunggu tidak pada asli kurang banget kursi antre tidak jelas padahal sudah daftar online,Negatif
layan cukup baik fasilitas cukup nyaman tetapi kamar mandi jujur saja beberapa kali kesitu bau sekali kalo duduk di ruang tunggu dekat kamar mandi pasti cium tolong tingkat lagi bersih bisa booking via aplikasi ato web kalo bom dateng di hubung sama cs nya,Positif
moga benar2 ada baik dari pihak yang terkaitrat sudah saya ganti jadi pada 28062025 1602 jumat 11 juli 2025 jam0030 kronologianak rawat jalan di dari qodri dokter anakdan suruh rawat sama dokterakhirnya raku maleman saya pulang dulu nganter anak saya ygbesardan sembari siap bekalsesampainya balik lagi ke rumah sakit istri ngabari kalau rawat lantai 3 ruang gaberakarena belum pulang nganter anak saya yang besar belum dapat kamarsesampainya dirs saya langsung ke lantai 3dan situ tidak lihat ada kamar pasienbingung mau nanya sapa situ tidak ada orangakgirnya ada satu ruangansy langsung masuktanpa ketuk pintukarena saruangan instansikarena saking mumet anak rawat saya jadi kurang fokus cari ruangandan perempuan jaga dengan raut muka yang sangat tidak enaknada yang tinggi nyolotpertanyaan yang sudut tuju pada sayasy juga respon minta maafkarena saya tidak tautapi jaga itu terus nyolotakhirnya saya pancing ikut bentak dengan nada kasardan jaga itu merespot nada tinggi ngomong nya biasa ajaga usah kaya gitu ujar jaga kesayadan saya jawab ibu juga nada kaya gitusaya salahsaya sudah minta maaftapi ibu terus terus nyolotsenggang beberapa detik ibu jaga itu suruh saya pergiterus saya pergi saran dari syperbaikilah attitude ibu penjagapetugasdokterperawat saat hari jumat 11 juli pukul0030 tidak pantas laku keluarga pasien seperti ituheranya sudah sikap kasar dinyolotin balik malah tidak terima kalau untuk layan yang lain yang saya lalu saya apresiasi sangat bagusramahcuma ada satu momen yang buat saya ikut bawa situasi yang buat saya emosi terima beri,Positif
rawat sini 1 minggu karena dbd layan baik sekali bintang 5 pegawai awat dokter semua baik ramah murah senyum walaupun pake jkn tapi tetap beri layan yang baik terima kasih rumah sakit umum ananda purwokerto moga maju terus,Positif
pengin lah beri bintang lebih dari 5 karyawannya sangat ramah banget sopanbeda dari yang lainruangannya juga nyamanrapi dan bersihwangi tidak bau obatmenurut saya ini rumah sakit baik di banyumas,Positif
semua staf ramahh maasyallaah baik2 sekali tunjuk diarahin diajarin awat dokter terap sampai bapak yang bantu di depan juga baik,Positif
terima kasih mas terap wicara ananda untuk layan anak saya sudah tidak takut lagi dan ada sedikit tingkat dalam bicara moga tetap jaga untuk layan baik pasien asuransi bpjs sehat maupun umum,Positif
maasyallah alhamdulillah mau bilang terima beri sekali ke semua awat di rumah sakit umum ananda beneran erti banget sabar full edukasi suka banget sama 1 awat yang mau anterin saya sampai ke depan kendara saat saya pulang rawat inap sungguh benar pasti aman sampai kendara anter pakai kursi roda gitu karena saat itu saya belum sembuh total tapi mau pulang saja wlwkwkw andai tahu nama beliau layak sekali dapat apresiasi awat baik,Positif
layan ramah lingkung nyaman bersih dokter juga ramah ramah paling penting akses sangat mudah,Positif
terima kasih rumah sakit ananda sudah rawat suami saya dengan baik dan sehat kembalisemua karyawannya sangat ramah layan cepat dan sangat baikruang kamar bersih kamar mandi juga bersih dan wangipuas sekali dengan layan rumah sakit ananda purwokerto,Positif
layan bagus pol semua sangat ramah awat dokter bagus,Positif
layan baik tetapi antri yang aneh ibu hamil suruh tunggu hampir 3 jam ada estimasi layan tetapi lenceng jauh jika ada mundur periksa haruse di beri tau toh ada konfirmasi hadir ya sekali saja kasih tau kalau awal periksa mundur mundur sampai 2 jam lagi nang saya tunggu hampir 3 jam mana ac ruang tunggu tidak nyala panas,Negatif
alhamdulillah tolong alloh taala lewat antara dari ermadi satriyo sudibyo sakit di kulit tangan dan kaki yang tahun angsur baik dan sembuh belum pernah ke dokter spesialis kulit dgn diagnosa yang beda qodarulloh dgn dokter ini cocok layan yang baik komunikasi 2 arah dan beri jelas pada pasien dengan tutur kata yang baik dan bahasa yang sgt bisa paham terima beri dokter rumah sakit ananda selamat makin baik layan ramah nyaman dan mudah,Positif
layan pasien umum sama bpjs sehat kok tidak dipisahin min jadwal jam 1800 sampai jam 1930 belum panggil,Negatif
layan umum dan bpjs sehat gabung jadi rugi sekali kalo periksa ke rumah sakit ini dengan umum lama panggil tidak sesuai nomor antri percuma ada daftar online,Negatif
rumah sakit yang selalu lekat hati masyarakat dengan layan yang bagus patut apresiasi bagai rumah sakit amah bersih dan ter the bestsukses selalu rumah sakit umum ananda purwokertosemoga kita semua sehat selalu aamiin,Positif
tugas sangat ramah semua alur layan jelastempatnya bersih dokter sangat informatif,Positif
rumah sakit bersih respon tugas cepat tanggap dokter baik2 semuaa moga rumah sakit ananda sukses selalu yaa,Positif
terima kasih rumah sakit umum ananda selalu puas dengan pelayananya kemarin habis lahir dari tugas depan sampai awat semua muas untuk ruang juga sangat bersih kalau bisa saya beri bintang 10 terus ikan yang baik rumah sakit ananda makin maju,Positif
terima kasih saya rasa puas dengan layan rumah sakit umum ananda purwokerto yang sangat ramah tamah tugas dan rumah sakit bersih dan nyaman sukses selalu untuk rumah sakit umum ananda purwokerto,Positif
layan bagus ramah lingkung bersih nyaman sukses selalu rumah sakit umum ananda,Positif
layan yang sgt muas dari hamil sampai lahir dan punya anak selalu periksa sini wkt anak imunisasi main di playground biar tidak bosan tugas pun informatif dan edukatif makin maju dan kembang rumah sakit ananda,Positif
terimaksih rumah sakit umum ananda yang selalu beri layan dengan ramah senyum dan cepat apalagi lingkung bersih dan nyaman sukses selalu untuk rumah sakit ananda,Positif
ramah poll semua nya penuh senyum dan nada lembut andai puskesmas juga begini haha,Positif
layan lama sekali tidak rekomendasi,Negatif
suka sekali ke rumah sakit ini kemrin terkahir dapat layanaan mcu rekomendasi bht lah,Positif
parkir ki ekspresi tekan larang,Negatif
hamil dua sedih sekali masih punya trauma dari hamil pertama gara2 lahir di ananda sudah muter2 rumah sakit lain cari obgyn sebenernya cocok sekali sama dari ika hamil pertama tapi proses melahirkanya sungguh benar traumatic karena bidan ruang observasi njatuhin mental sekali waktu itu lahir tidak didampingin suami karena masih dinas luar kota jadi sendiri di ruang observasi dan bidan yang jaga ngomel2 ngatain jangan lebay gausa brisik yang lahir tidak hanya lagi bu apa yang saya pegang di paksa lepas pake tenaga kasar sama nakesnya yagimana orang sakit genggam kasur gabole pegang tiang kasur gabole pegang tiang infus gabole dibentak2 terus sama nakes yang jaga ruang observasi ortuku lagi tangan kemo di rumah sakit lain waktu itu dan saat orang tua dateng jelang lahir eh nakesnya pura2 baik lagi mana dijait sakit luar biasa lebih sakit dari kontraksi pacu yakin sekali itu jait tidak bius padahal lama priksa hamil semua nakes baik2 sekali di instalasi gawat darurat juga baik pol bida full edukasi after lahir juga nakesnya baik2 ruang ranap hanya gara2 oknum satu itu bikin trauma sedih sekali mepet lahir anak dua galau pengin di ananda lagi tapi trauma ketemu provider yang jahat gitu,Negatif
layan baik ramah banget,Positif
rumah sakit dengan layan yang sangat baik lokasi strategis semua staff ramah,Positif
mungkin karena sudah biasa mari silah gimana kaka ada yang bisa bantu anggap seperti langgan saat tidak dapat senyum dari doktere jadi asa aneh apalagi telah antre lama,Negatif
maaf saya beri bintang satu karena rumah sakit tolak periksa pada masih ada dokter anak sudah full kuota gin banget jadi rumah sakit sudah di bela bain jauh sampai sini arah ke dokter umum,Negatif
sangat baik sekali layan mcunya,Positif
ampun banget udh hampir 1jam tunggu di nurse station pdhl tadi di daftar tidak ada 5mnit ini gmn y sistem nyasaya juga kerja di rumah sakit tetapi di tempat saya kerja tidak lelet ini layan di nurse station jadi andal pdhl pke asuransi di rumah sakit ananda ini bad banget,Negatif
rumah sakit ananda purwokerto sekarang lebih nyaman dan bagus layan juga sudah jauh lebih bagus dari belum tingkat terus sangat baik,Positif
poliklinik gigi termanteepp,Positif
layan sangat ramah fasilitas juga sangat pada terima kasih rumah sakit umum ananda,Positif
poliklinik gigi sangat baik sekali terima beri rumah sakit ananda,Positif
layan poliklinik gigi sangat bagus bakal repeat visit,Positif
poliklinik gigi baik sekali,Positif
alam ke dokter spesialis anak dan dokter spesialis kulit alhamdulillah cocok layan bagus rumah sakit juga bersih,Positif
semua layan baguslingkungannya bersih pegawai ramah dan awat cepat tanggap,Positif
rumah sakit ananda selalu gercep dalam laku layan lingkung nyamanbersihwangidan untuk pegawai juga ramah,Positif
rumah sakit luar biasa fasilistas pada dan layan nya sangat ramah,Positif
alhamdulillah karyawannya ramahramah ruang nyaman bersih sangat baik dan tampil karyawannya rapi wangi pokok beda dari rumah sakit yang lain terima kasih rumah sakit ananda moga makin maju,Positif
rumah sakit ananda layan muas dan bersihpegawainya ramah moga rumah sakit ananda makin maju dan makin banyak unjung,Positif
terima kasih rumah sakit umum ananda karyawan ramah dan tempat nyaman,Positif
terima beri kepada rumah sakit umum ananda pelayananya sangat bagusbersih dan rapi tugas ramah ramah,Positif
alam saya di rumah sakit ananda tempat bagus ruang tunggu juga nyaman layan baik tugas ramahramah sopan serta sangat bantu dalam arah pasien yang akan obat saya dapat layan yang muas terima kasih rumah sakit ananda,Positif
sudah berapa kali rawat inap di rumah sakit ananda tempat nyamanbersih dan layan cepatsemoga tambah sukses rumah sakit ananda,Positif
rumah sakit dengan layan yang ramah bersih dengan fasilitas ruang tunggu yang nyaman terima kasih rumah sakit ananda,Positif
terima kasih rumah sakit ananda purwokerto atas layan tempat bersih nyaman tugas ramah layan cepat dan tepat allhamdulilah sangat puas,Positif
pernah periksa anak ke sini dari nya ramah dan sangat komunikatif layan pun sangat baik,Positif
makan enak enakgizinya rama ramah,Positif
makan enaksedap,Positif
rumah sakit bersih nyaman dokter juga sangat ramah makan pasienya sangat enak sangat baik,Positif
rumah sakit bersih dan makananya enak enak,Positif
pegawai ramah ramah sekali rumah sakit bersih rapi wangi makan enak enak untuk anak2 karakter lucu2,Positif
masakanya enak enak tugas cantik dan ramah,Positif
makan enak dan bentuk luculucu,Positif
rumah sakit bersih karyawannya ramah makan enak enak nasi untuk pasien anak bentuk karakter lucu lucu,Positif
makan nya sangat enak tampil lucu dan kreatif,Positif
makan sedep sedep,Positif
layan sangat memuaskanmakanannya enak saji tarik dan untuk pasien anak2 dibentuk2 karakter lucu2jadi anak2 suka,Positif
layan ramah sekali ruang bersih makan untuk pasien juga enak dan lucu2,Positif
layan dirs ananda sangat muas makananya pun enakenak baik untuk rumah sakit ananda purwokerto,Positif
layan yang baik dan cepat serta tugas ramah,Positif
rumah sakit nyaman fasilitas lengkap sudah bisa daftar online tanpa rumit tunggu lama layan baik bangett,Positif
bagus layan ramah dan nyaman,Positif
mohon maaf apa sini terima pasien test swab antigen harga brp dan operasional sampai jam brp,Netral
sangat puas dengan layan poliklinik obgyn dokter awat bidan ramah dan profesional fasilitas sangat pada,Positif
layan bagus tugas ramahramah,Positif
layan bagus tugas ramah dan gercep ruang bersih dan wangi poko mantep untuk obat d rumah sakit,Positif
rumah sakit yang nyaman untuk berobatpelayanan ramahproses mudah dan ruang bersihmantappz poko,Positif
terima beri rumah sakit ananda saya alam lahir 2 kali sc dengan layan baguscepet ramah tempat nyaman sangat edukasi pasien the bagus pokok,Positif
lengkap ipal mbrc 120 sudah pasang 2016,Netral
layan nya baik awat ramah,Positif
pernah antar anak dan istri rawat sini bersih tempat wangi tidak bau obat lho awat dan tugas lain juga welcome tidak jutek untuk saya pilih pertama kalo mau obat tentu apalagi sudah ada bpjs sehat lagi jadi lebih mudah moga fasilitas lebih lengkap dan ruang bisa tambah luas ya semangat,Positif
tangan cepatkaryawanya juga ramahsmga makin maju rumah sakit ananda,Positif
sumpah ananda sekarang beda sama kyak dulu di instalasi gawat darurat di birin saja gk ada tindak hanya di tanya wong lagi sakit parah di tanya rumhnya mana tinggal sama siapa tanya kurang etis saat kedaan genting beda sma rumah sakit hermina dia utamkan pasien administrasi belakang yang penting tolong dulu kpok sudah di rumah sakit ananda dulu recomended sekarng sudah tidak recomended,Negatif
rumah sakit ter the bagus layan sangat ramah ruang bersih wangi dokter juga bagus dan rekomen makas rumah sakit umum ananda,Positif
periksa sini layan bagus sekali awat dokter dan staffnya ramah ramah semua rumah sakit juga bersih dan wangi,Positif
tidak pernah kecewa kalo obat ke rumah sakit ananda pwt alhamdulillah semua layan dari tugas dokter dan lain - lain semua ramah dan service excellent terima kasih,Positif
layan baik tugas ramahramah,Positif
alam saya periksa di rumah sakit ananda sangat puas dengan awat yang ramah dan detail dalam arah pasien dan bayar yang cepat,Positif
rumah sakit swasta nyaman di banyumas dengan layan yang ramah lingkung yang bersih dan dengan dokter yang nyaman untuk konsultasi,Positif
saya punya alam rawat inap dan tani orangtua rawat inap di rumah sakit umum ananda purwokerto lama awat tugas awat dan dokter ramah sigap moga untuk fasilitas dan ruang rawat inap lebih tingkat kembali,Positif
tempat bersihh tidak bau rumah sakit obat kaya banyak rumah sakit layan dan fasilitas serasa di hotel dokter ramah dan alhamdulillah cocok pegawai ramah ramah dan sangat peduli dengan pasien fasilitas juga sekarang ada kursi pijat jadi sambil tunggu bisa pijat2 dlu sukses selalu rumah sakit ananda,Positif
layan bagus dan tempat bersih meski pake bpjs sehat layan tetap bagus dan tidak dijutekin moga rumah sakit ananda tambah sukses,Positif
alhamdulillah lama periksa rumah sakit umum ananda sya rasa nyaman cocok rumah sakit bersih dan tidak bau obatuntuk layan sudah baik dan tugas sangat ramah moga rumah sakit umum ananda makin maju,Positif
alam suami rawat inap di rumah sakit ananda semua awat dan dokter ramah sekali gercep kalo ada keluhankesan sangat baik dengan dari rahardita dan dari pugud sppd rumah sakit bersih dan wangi tugas bersih juga sopan dan ramah sekali kalau mau bersihin kamar tidak pernah bingung pokok kalo ke rumah sakit ini pegawai sudah seperti keluarga selalu responsive nanyain perlu kita kerjasama dengan asuransi juga banyak sekali moga rumah sakit ananda layan makin maju dan kembang terima kasih sudah beri layan yang baik moga awat dokter selalu beri sehat,Positif
alam periksa di rumah sakit umum ananda layan bagus tugas ramah dan lingkung rumah sakit jugaa bersih,Positif
tempat nyaman dan bersihpelayanan bagus,Positif
rumah sakit yang tangan gercep awat baik dan karyawannya yang ramah sukses selalu rumah sakit ananda purwokerto terima kasih,Positif
layan baik tugas ramah ramah antri jelas sering nemenin ibu untuk kontrol ke poliklinik saraf dokter ramahkomunikatif dan dengar keluh pasien dengan baik untuk sarana prasarana rawat dengan baik lingkung juga bersih dan yang penting toilet selalu wangi dan tidak bau sama sekali tingkat selalu,Positif
alam saya waktu anak rawat d ananda cukup puas dari daftar awat dan dokter instalasi gawat darurat semua gercep untuk radiologi dan druangan juga awat ramah dan sigap ketika bel saya tekan untuk minta bantu terima beri rumah sakit umum ananda moga selalu jadi rumah sakit yang dsenangi banyak masyarakat,Positif
alhamdulillah ku dapat layan bagus apalagi dari eri perdana ushan spog k onk baik sabar banget ku derita kanker serviks layan dgn baik meski bpjs sehat ners nya juga sangat ramah ruang juga nyaman terima kasih untuk semua tenaga medis yang ada di rsud banyumas moga baik kalian dibls allah amin moga rsud banyumas sukses selalu hormat saya ibu suharni rawalo,Positif
grimis,Netral
pelayananya bagus sekali disanasehat terus untuk awat dokter dan semua yang ada di rsud banyumas terima kasih atas layan dan awat untuk anak saya,Positif
antre lama banget terus monitor antri tidak nyala,Negatif
tugas sangat ramah,Positif
rsud banyumas layan baik,Positif
alhamdulillah layan sangat baik sangat muas,Positif
layan sangat muas,Positif
rumah sakit yang sangat ramah,Positif
tempat yang ramah untuk didik dan layan moga makin baik,Positif
kk mau tanya kalau dari jatilawang ke rumah sakit mata naik kendaran umum turun di mana y kk,Netral
rumah sakit nya bagus perawatnyaa baik2,Positif
bagus sekali rajin bersih nyaman,Positif
pegawai ramah rumah sakit dari luar sampai dalam lihat sangat bersih,Positif
didik di rsud banyumas itu makin bagus dan makin jaya,Positif
layan baik fasilitas lengkap awat ramahramah,Positif
rsud banyumas fasilitas bagus dan layan nya bagus,Positif
bagus sekali layan nya awat pun ramah ramah,Positif
sangat kesan dan bagus untuk giat ajar,Positif
layan bagus banget,Positif
rsud banyumas beri layan cara cepat dan ramah,Positif
bagus layan didik baik,Positif
terima kasih banyak kpd semua tenaga medis para dokter dan team yang telah begitu cekat tangan kasus ganas sakit leptospirosis terima kasih adi lolos dari masa kritis dan sembuh sangatsangat bagus tindak selamat dari team dokter rsud banyumas ini terima kasih terima kasih terima kasih,Positif
rsud sangat bagus,Positif
informasi tidak jelas sudah naik ke lt 3 suruh turun saat turun suruh naik lagi ke lt 3,Negatif
rsud banyumas nyaman dan layan nya baik,Positif
rumah sakit nya nyaman untuk mahasiswa,Positif
layan baik orang ramah,Positif
rsud nya bagus sekali karyawannya ramah ramah semua,Positif
dokter nakes profesional ramah layan bagus sat set pol masya allah,Positif
rumah sakit bersih layan muas satpam baikbaik,Positif
rumah sakit bersihpelayanan memuaskankaryawan ramah,Positif
bersih dan nyaman sangat baik,Positif
tempat nyaman dan bersih sangat baik,Positif
bagus,Positif
bapakibu mohon untuk sistem serah hasil tes bera di poliklinik tht baik lagi mohon untuk hasil tes bera dapat siap lebih cepat dan serah kepada keluarga segera yang saya alami hasil baru serah telah habis pasien yang periksa ke dokter jadi pasien yang maksud hanya untuk ambil hasil urus akhir dan sudah sangat siang,Negatif
maaf belum karena sudah terlalu di laborat dan jadi beberapa kali tugas makan dengan santai di jam kerjasebelum waktu ishomadi saat ada pasien yang perlu periksa dan tunggu hasil periksa apakah atur di rumah sakit ini sepet itu kami kalau gk karena paksa tidak mungkin mau ke rumah sakit eh ini buka di layan malah di suruh tunggu tugas lab yang lebih dari 1 orang makan dengan santai dan canda sambil ngerumpi,Negatif
tempat nya yaman bersih dan jaga para pegawai ramah kepada langgan yang datang untuk obat,Positif
layan tenaga sehat ramah profesional dan sigap dalam bantu pasien,Positif
tugas rsud banyumas sambut serta dengan ramah dan beri jelas yang mudah paham serta rasa bimbing dengan baik dan arah saat pasuk areaarea tentu rumah sakit,Positif
sanget bagus layan,Positif
layan nya sangat baik luar biasa,Positif
layan ramah dan baik,Positif
asik sekali,Positif
asikk dann orangnyaa ramahh baik,Positif
biaya daftar 27500 tidak ada nota suruh bayar segitu tiap datang selalu ada biaya daftar,Netral
terima kasih kepada rsud banyumas yang sudah mau terima dan sambut dengan baik para mahasiswa profesi ners,Positif
terima terima kasih rsud banyumas sudah sambut kami mahasiswa profesi ners ump dan beri buah alam baru bagi kami,Positif
bagus tapi sering hujan,Positif
awal dari klinik jadi rumah sakit umum makin kembang dan tingkat layan nya,Netral
baik bagus aman nyaman,Positif
permisi saya mohon rsud banyumas untuk dua kali kemarin saya bintang 1 karena ulah psikolog yang bilang saya jangan kuliah saya bilang bapak saya duga npd dan laku manipulasi tapi kata manipulasi yang saya ucap malah jadi ledek awat nyata rsud juga laku manipulasi dan bohong bilang bapak saya juga ikut tangan nyata tidak malah saya rawat inap sampai tidak ikut uji tengah semester sedang bapak saya bebas lehaleha sekali lagi saya rasa rugi mohon untuk pimpin rsud banyumas tolong sekali untuk natar dan periksa layak seluruh kerja di rsud banyumas bukan dar dengar tapi tidak dilaksanakansaya ikut saja apakah ada pertanggungjawaban dan harap tidak sampai ranah hukum kulino matursuwun,Negatif
layan baik moga lebih baik lagi,Positif
layan sangat ramah dan rumah sakit didik yang baik,Positif
dunia layan harus bisa lebih harga waktu orang utama dokter dan pihak rumah sakit harus beri jam praktek biar jelas jangan hanya tulis sedia tambahin jam dari jam sekian ke jam sekian jadi jelas orang tunggu dari jam berapa dokter dateng jam berapa hargain waktu orang,Negatif
layan ramah baik,Positif
layan baik pegawai ramah sangat baik,Positif
rumah sakit yang luas dan layan sangat baik,Positif
kualitas,Positif
tempat layan bagus fasilitas lengkap pegawai ramah,Positif
rsud banyumas sangat muas,Positif
komentar bintang 1 bikin saya jadi bimbang kesana hanya karena fasilitas bpjs sehat kes di rendah padahal besok tgl 28 suruh usg kesana sama dokter spesialis obgyn karena di prediksi hamil kembar,Negatif
edit terima beri ke tugas jaga suster juga dokter keluh atau masuk langsung tanggap dengan cepat semua tugas yang sangkut sampai dengan ramah terus tahan dan tetap jadi baik excellent,Positif
rasa kecewa daftar untuk obat di poliklinik obgyn nomor antri 7 tunggu dari jam 8 pagi sampai jam 1042 baru panggil lama itu harus tunggu 2jaman baru panggil pakai umum bukan bpjs sehat,Negatif
layan banyumas itu kurang bagus segarusnya untuk daftar di jkn itu prrtama kali saja yang kontrol dua mestinys di buat antri sistem bukan ulang dari awal di jkn mobile lagi pasien harus kontrol tgl 15 di suruh dftr lwt jkn dan ini susah pasien jadi ky harus dftr dari awal dengan penuhny jdwl dokter jdny dapat jdwl di tgl 27 gk sesuai srt kontrol situ bilang gpp srt kontrol msh laku tetapi kt bagai pasien mn bs tahan sakit alias jdny harus tunggu smpai tgl 27 baru bs kontrol lagi meski harusny tgl 15 parah ini lbh ting manajemen yang bobrok banding sehat pasien cocok masuk rumah sakit tipe d moga perintah backlist rumah sakit model ky gin,Negatif
dapat rujuk di bedah mulut layan sangat sangatt tidakk muas karena pake bpjs sehat jauh jauh rujuk dari cilacap ke banyumas hanya di maki,Negatif
rsud banyumas makin cemerlang,Positif
pelayananya sudha cuku baik dan tempat sudah nyaman,Positif
layan cepat ramah banyak rekomendasi yang baik,Positif
kerja dan layan rsud banyumas sangat memuaskanbekerja dengan tulus penuh sopan dan integeritas tinggi,Positif
layan yang sangat muas di ruang gardena,Positif
layan di poliklinik gigi dan drgigi anak sangat baik dan muas terima kasih,Positif
pertama kali op rujuk ke rsud banyumas so far untuk layan cukup mus responsif dari prtama masuk ugd sore memang agak tunggu lama untuk kamar nya but tidak maslaah mungkin memang penuh sampai di antar ke kamar gardena room no 5 dapat todak ac hanya kipas angin hanya sangat disayangkam untuk kelas 1 belum ber ac semua mungkin untuk pemprof setempt untuk fasilitas nya lebih di perhati lagi tapi next day nya saya lngsung moving ke gardena 10 yang ber ac saat betul kosong anyway all awat di room gardena untuk dokter syaiful dokter bius dan dokter eko specialist urologi serta team management sudah tangap keluh saya yang first time di rawat di rsud banyumas and last thnx you sudah sangat responsif dan layan sepenuh hati,Positif
pelayananya baik dan ramah,Positif
terima beri banyak rsud banyumas untuk 8 hari yang luar biasa rumah sakit yang bersih lingkung nya tenang ruang awat yang bersih dan sesuai terima beri banyak juga untuk nakes2 ruang gardena untuk layan yang luar biasa cekat ramah informatif dan sangat2 bantu kami mulai dari dokter awat gizi dan semua yang libat dalam layan untuk adek saya lama 8 hari di rawat sehat2 terus untuk para nakes rsud banyumas moga rsud banyumas makin maju,Positif
rumah sakit besar lokasi mudah di temu depan rumah sakit banyak jual makan parkir cukup luas kamar rumah sakit anggrek cukup luas,Positif
rumah sakit di banyumas dengan layan baik staff medis sana sangat ramah dan baik dalam memberitahu informasi bagus pokok dehh,Positif
rsud banyumas layan baik,Positif
rsud banyumas layan muas tenaga medis ramah dan fasilitas makin lengkap layak jadi pilih utama,Positif
layan di rsud banyumas sangat muas dokter ramah awat sigap dan fasilitas lengkap tidak heran banyak yang bilang rumah sakit ini bagus,Positif
enak sekali,Positif
such a comfort hospital and bagus service,Positif
rsud banyumas top1,Positif
terima beri atas layan habis lairan dapat foto bpjs sehat bayi diaktivasi dan bantu buat akte dan kkkumplit terima beri bu bidan,Netral
good banget layan utama untuk dokter gigi sankurnia hari wijayadi tidak beda beda pasien meski punya riwayat sakit berat dokter baik apa lagi staf yang lainn,Positif
playanan sngt muas,Positif
saya dan putra saya pernah rawat inap tetapi sudah lama sekali juga putra saya pernah operasi anggota tubuh bagi tangan saya puas dgn kerja dokter dan asisten yang nama ika lawat,Positif
rsud banyumas dalam layan pasien sangat baik utama di poliklinik gigi anak anak tidak rasa takut lain dapat hadiah ketika sudah selesai tindak,Positif
dokter akbar bagus,Positif
rsud banyumas layan bagus dan fasilitas lengkap,Positif
layan sesuai harap,Positif
tangan sangat baik pasien tangan dengan baik dan cepat,Positif
rumah ke dua di rsud banyumas,Netral
sudah 2x salin di rsud banyumas terima kasih sangat baik karyawan nya,Positif
rumah sakit dengan layan baik ramah tempat layan cukup bersih fasilitas bagus dan rapi tugas ramah ramah waktu tunggu dokter mungkin gantung dari banyak sedikit pasien pda hari itu farmasi atau ambil obat ada fasilitas sijagopelayanan antar obat sampai ke rumah,Positif
layan bagus dan cepat tugas ramah dan tanggap dengan keluh pasien,Positif
nyamanmudah kalau periksa di rsud bms,Positif
rsud banyumas layan dengan hati,Positif
tidak pertama kali saya di rsud banyumas tapi kali ini saya benar2 rasa tidak nyaman dari ruang belum saya baik utama di paviliun wijaya kusuma walaupun bpjs sehat kelas 2 tapi ini saya di bpjs sehat kelas 1 malah awat nya bikin saya kecewa seolah2 ejek saya,Negatif
alhamdulillah ibu sya di tangan dengan baik layan tenaga medis baik cukup puas moga saat kontrol layan tetap sama baik,Positif
letak rumah sakit mudah di akses di pinggir jalan raya area cukup bersih dan asri fasilitas dan bangun yang cukup lengkap sehingha tunjang nyaman pasien dan antar layan yang baik dari staff karyawan dan tenaga sehat yang fully service beri kenyam dan puas suskes dan moga lebih baik lagi untuk rsud banyumas dalam beti layan sehat yang paripurna,Positif
rsud banyumas layan ramah,Positif
proses daftar sekarang sudah lebih baik ruang lebih baik awat komunikatif,Positif
rumah sakit yang terus kembang moga tetap terus tingkat layan thd pasien serta tetap menjd rumah sakit yang ramah pasien,Positif
siap layan masyarakat,Positif
rumah sakit bagus dan besar,Positif
layan sangat baik semua awat dokter semua sangat bagus,Positif
2 kali lahir di rsud banyumas layan sangat muas tugas sangat ramah,Positif
terima kasih untuk layan yang sudah baik mohon lengkap dengan tunjuk arah yang lebih imformatif agar unjung mudah cari ruang yang tuju,Positif
rsud banyumas layan baik fasilitas cukup lengkap tempat nyaman dan bersih lokasi juga mudah jangkau terima beri kepada seluruh tenaga sehat yang sudah layan dengan ramah dan profesional,Positif
lama jalan awat dan obat di rsud banyumas dokter awat dan bagian2 lain di rsud sgt muas layan salut dan sukses selalu untuk rsud banyumas,Positif
moga tambah maju aamiin,Netral
moga rsud banyumas makin jaya serta sukses,Netral
makin baik dalam beri layan prima,Positif
layan ramah dan sangat muas,Positif
layan baikramah,Positif
rsud banyumas layan bagusbersih obat lengkap,Positif
layan nya sangat baikperawat juga ramah2pernah rawat inap ruang dahliatempatnya yang luas bersih dan nyaman,Positif
rumah sakit gigi mulut didik universitas jenderal soedirman layan segala macam awat gigi dan mulut,Netral
rsud banyumas rumah sakit dengan fasilitaa lengkap dan layan yang sangat muas,Positif
layan cepat dan ramah mmatabb rsud banyumas,Positif
pelayanananya cepat tanggap hadap situasi darurat pasien selamat pasien jadi prioritas utama dan urus administrasi belakang benar benar beri layan yang baik untuk masyarakat yang membutihkannya,Positif
layan sangat muas moga selalu jaya,Positif
sipp harus ramah dan komunikatif semua karyawan nya,Positif
assalamualaikum dok saya ingin tanya apakah masih mungkin untuk laku pasang pen pada kaki orang tua saya yang alami patah tulang namun sudah jadi sekitar 2 tahun yang lalu belum tangan laku lalu terapi pijat selain itu apakah ada syarat tentu yang perlu penuh karena kami asal dari brebes dan beda kota dengan ortopedi purwokerto ini mohon jelas dok terima beri,Netral
layan sangat baik muas rsud banyumas,Positif
layan bagus alat2nya canggih dan awat serta dokter profesional dan sangat ramah joos lah untuk rumah sakit banyumas,Positif
layan sangat ramah dari securty awat dan dokter terima kasih rsud bms,Positif
bagus bersih bagus sangat baik cemerlang,Positif
jaya selalu untuk rsud banyumas,Positif
senang sekali obat sini tugas ramah ramah,Positif
terima kasih rsud banyumas sukses selalu dan makin jaya,Positif
sangat bagus layan di rumah sakit bms,Positif
layan yang cepat nyaman dan mudah akses,Positif
anak saya sudah 4 kali operasi sini masya allah terima kasih layan sehat nya sangat buat kami nyaman sampai sekarang pun anak saya masih bolak balik rsud banyumas moga layan nya bisa selalu seperti sekarang ini sangat buat kami nyaman urus yang sakit pun cepat pulih,Positif
rsud banyumas cemerlang rumah sakit layan dengan sepenuh hatibangunanya luas bersih karyawan sangat ramah awat dokter moga rsud bms makin maju dan depan dan pasien makin rame,Positif
sangat puas dengan layan di perinatologi awat edukatif kompeten profesional dan juga ramah,Positif
terima kasih para nakes rsud banyumas yang telah beri layan baik kepada pasien rawat inap maupun rawat jalanterutama layan di ruang hemodialisa baik,Positif
terima kasih untuk awat dan dokter rsud banyumas yang sudah sepenuh hati beri layan maksimal kepada pada pasien yang rawat jalan maupun rawat inapsehat selalu para nakes dan keluarga rsud banyumas,Positif
layan bagus awat baik dan juga ramahterimakasih untuk rsud banyumas moga makin jadi yang depan,Positif
terima kasih untuk team nakes rsud banyumas yang sudah luar biasa beri layan kepada para pasien dengan cepat dan tanggap moga makin jadi yang depan dalam layan sehat sehat2 sll untuk para nakes dan semua keluarga rsud banyumas,Positif
rsud dengan layan paling buruk awat dokter banyak kasar judes dan tidak sat set apalagi kalau sama pasien bpjs sehat kita bpjs sehat bayar tiap bulan bos bukan gratis saya kira dengan usia rsud sudah lebih dari 100 tahun bisa jadi rsud dengan layan yang baik tapi nyata tidak saya benarbenar kecewa dengan layan sana sering banyak keluh perihal layan sana tetapi tidak pernah ada evaluasi dan baik mohon untuk dinas sehat kab banyumas bisa tindak para nakes yang tidak bisa kerja dengan baik di rsud,Negatif
alhamdulillah saya rasa layan dengan baik utama oleh dari indra dan awat senior ngabid gercep komunikatif dan humoris,Positif
layan igdnya sangat baik,Positif
rumah sakit nyaman layan baik,Positif
pegawai sangat ramah layan bagus fasilitas lengkap moga terus beri layan baik,Positif
pegawai ramah layan muas lingkung suportif,Positif
tempat bersih,Positif
layan yang beri di ruang perinatologi sudah baik,Positif
pertama kali saya obat ke rsud banyumas dan dapat layan yang buruk dari poliklinik sakit dalam serta poliklinik gizi ya benar diagnosanya tepat obat cocok tapi sikap dokter buruk sangat judgemental tanya malah suruh untuk tidak usah minum obat saja 3 bulan nanti juga balik lagi kondisi begitu bilang ke dokter gizi pun sama saya tanya dengan nada yang remeh apakah saya serius atau tidak ingin diet ya saya tau kok saya obese tapi apa pantas kata seperti itu dengan pasien yang kalian saja baru temu pertama kali saya tahu review seperti ini percuma karena pun ragu akan sampai ke dokter dan bagi kait jika mau alas pasien banyak ya semua rumah sakit pasien juga banyak tapi banyak pula yang beri layan baik oh ya dan rasa mau bpjs sehat atau umum semua sama saja buruk mohon maaf jika ada kata tidak kenan namun di sini saya hanya utara kecewa saya,Negatif
saya sangat kecewaa sama layan stroke center yang jaga pada hari selasa sore tanggal 19 agustus 2025saya tinggal bapak jam 1330 tunggu druang penunggusebelumnya bapak masih ada respon saya pamit ke bapak saya luar ya pakjam 1700 wib saya masuk bapak sudah pucat dan keringat dan sudah tinggal dengan kondisi kantong oxygent facenya tidak gelembung berat kan tidak ada oksigen yang keluar taline ada yang lepassaya langsung teriak manggil awat baru 3 awat datang keruanganbapak kan lagi kondisi sesak kalo kantong oxygent face kempes arti kan engga ada oksigen yang dihirupkatanya awat daritd sudah mantau bapak karena sudah gelisah kenapa kalau tau sudah kritis keluarga tidak panggil edukasi suruh bapak dibimbingitu komputer ruang awat fungsi untuk apa saya masuk sudah lurus garisnyaaq teriak2 baru pada datangallah yang maha tau segalanyasmoga bapak husnul khotimah ya pakmaaf ya pak,Negatif
rsud banyumas moga makin maju dan kembang,Positif
rsud makin bagus ramah tamah,Positif
rsud banyumas makin maju,Positif
layan ramah wlopun pake kis dpet ruang yang isi 3 pasien ruang bersih toilet juga bersih makan juga rasa enak enggk hambar terimakasii untuk layan yang baik ini,Positif
sangat baik banget sudah baik terus tingkat serta tahan pelayananan baik terima kasih,Positif
pelayananya baik fasilitas muas pokok yang baik,Positif
layan cepat ramah moga depan makin baik,Positif
tugas ramah walaupun bpjs sehat kelas 3 tetap dapat layan yang baik karena sekarang kris tempat rawat inap nyaman ada ac sirkulasi baik wc bersih makan,Positif
rumah sakit nya luas bersih nyaman dan staf nya ramah ramah,Positif
rumah sakit bersih luas tata rapi dan para pegawai ramah ramah untuk parkir juga luas sangat sangat baik,Positif
rumah sakit nyaman dan staffnya ramahramah,Positif
layan yang baik dan ramah,Positif
layan nya sangat bagusperawat nya ramah ramah,Positif
layan nya sangat baik dan ramah,Positif
lama sudah langgan kaya berobatperiksa di rumah sakit bms karena layan lumayan bagustapi untuk hari ini agak kurang puas dengan layan di poliklinik orthopedisekedar masuk saja alangkah baik mungkin tambah personel dalam layan di poliklinik orthopedisehingga untuk yang akan laku tindak tidak harus tunggu pasien poliklinik habis dulu contoh saat akan di lepas gipssetelah di rontgen dan periksa dokter nyata pasien harus tunggu sampai pasien poliklinik habispadahal ada pasien lansia dan anak2 yang tentu saja cukup rewel untuk tunggu lamajika ada tambah personel mungkin jadi bisa bagi tugas lebih efisiensatu bisa jadi asisten dokter untuk periksa tensi dllpersonel lain dapat laku tindak up gips lalu yang dua keluarga saya kontrol gipssudah rontgen dan memang anjur belum dilepastapi nama lansia kekeuh minta lepas saja akhir gips di lepasyang jadi tanya kenapa pasien tidak beri surat antar lagi untuk kontrolkebetulan pasien bpjs sehat hanya di warning ini masih retak jangan jangan dulu lama satu bulan bukankah harus masih kasih surat untuk kontrol bulan berikutnyasaat tanya ke tugas kata tidak usah kontrol lagilalu darimana kita tahu untuk progres sembuh kalau tidak ada rujuk untuk kembali kontrol,Negatif
pertama kali kesini mau minta rujuk untuk kontrol di kertas tulis jam nya dari 1430 sampai 1630 sampai sana jam 1539 dokter nya sudah pergi,Netral
layan baik dan alhamdulilah baik sakit terima kasih,Positif
layan cukup baik ruang inap bersih makan pasien juga cukup enak nikmat tapi sangat sayang di ruang inap ada ac tidak boleh nyala kalo siang padahal kan kalo siang panas apalagi yang kls 3 kamar ada 4 orang mohon untuk evaluasi lagi,Positif
terima kasih banyak untuk para tenaga medis di rumah sakit ajibarang yang sangat ramah 3 kali istri saya di rawat di rumah sakit ini sangat puas dengan layan walopun pake bpjs sehat kelas 3 dan baru hari ini istri laku salin dan alhamdulillah ibu dan anak saya sehat sekali lagi saya ucap terima kasih sebanyak2nya dan moga rumah sakit ajibarang tetap konsisten dengan layan 23122025,Positif
layan baik tempat nyaman tugas ramah terima kasih,Positif
layan cepat tugas sopan dan alhamdulillah baik sakit,Positif
layan sudah baik rumah sakit juga bagus bersih maju terus rumah sakit ajibarang,Positif
muas dan nyaman dengan tempat,Positif
tetang layan di ruang elang turut saya sudah sangat baguspara awat sangat cekatanpara pegawai sangat ramahtentang makan semua sudah bagus saya sangat puas dengan pelanyanan d ruang elang,Positif
pelayanane bagus dokter dan awat nya ramah matursuwun semua,Positif
sangat bagus pelayana baik ramah kami puas dengan layan di sini terima kasih,Positif
alhamdulilah dapat ruang elang yang ruang nyaman bersih awat juga ramahramah,Positif
bismillah suami saya masuk ke rsud ajibarangditempatkan di kelas1 ruang elang 12 d dan opname lagi masih sama di kelas 1ruang elang 13 aalhamdulillah fasilitas bagus bangetpelayanannya juga tidak kalah bagus luar biasaterima beri untuk rsud ajibarang the bagus,Positif
untuk layan ruang elang sudah sangat baik dari segi dokter awat maupun dari tugas bersih kamar jga bersih kamar mandi bersih moga ttp di tahan layan,Positif
ruang camar awat baik dan muas terima kasih banyak,Positif
anak saya di rawat di ruang kepodang awat sangat ramah komunikatifterima beri sudah rawat anak saya untuk semua crew ruang kepodang,Positif
kualitas bagus sama doktersuster sungguh benar brtanggu jawabrama tama dalam mnjalan tugas kmasyarakatsehat sllu dokteersuster maaf kalau ada salah kata2,Positif
pasien dan saya keluarga dengan anak pasien rasa nyaman sekali di ruang elang ini layan ramah sopan baik trimaksih untuk semua layan sini udh laku terbaiksehat2 lancar untuk semua,Positif
rsud ajibarang makin sangat baik petugase ramah fasilitase apik pisanterutama ruang elang wis bersih awat doktere ya api,Positif
fasilitas nya pada nyamann dan dokter ramahh,Positif
layan ramah dan bidan nya tanggap,Positif
alam rawat di ruang camar baik saja,Positif
ruang elang rsud ajibarang masya alloh luar biasa pelayanane untuk pasien untuk penungguperawate ramah sopan selalu siaga moga maju terus tambh sukses makin manfaat untuk sama jazakallohu khyran,Positif
layan jos sekali ibu sya rawat dielangbersih fasilitas nyamanpokoke sangat baik,Positif
baik sudah,Positif
layan bagus ruang rapi bersih khusus ruang elang,Positif
layan untuk ruang elang muas dan bagus,Positif
assalamualaikumsalam sehat senin pagi saya seperti biasa antri pol syaraf kontrol dengan dokter edithsebelum masuk ruang bapak saya sudah keburu pusing serta keringat dinginsaya paniktapi tenangreflek q pegang sekuritiberhijab untuk cari kursi roda nyata pakai semuaterus tolong kembali oleh nakesbaju putih saat itu kalau tidak salah soni nama kemudian di bawa ugd karena tidak mungkin untuk tetap antri pol alhamdulillah dengan segala tangan sampai di kamar camar bawah 3dhanya terima beri yang saya hatur berkat sigap seluruh tenaga kesehatanbapak bisa tangan cepat dan tiap senyum yang ukir kpd kami pasienwalopun lelah jelas lihat di raut muka kalianapa lagi kalau sift malamtolong sampai terima kasih kepada dokter edith yang selalu ceria dan humblesemoga tuhan senantiasa jaga kalian,Positif
alam lama di rawat di ruang camar bawah dokter dan awat beri layan dengan sangat baik tetap tahan dan tingkat layan supaya jadi lebih baik,Positif
sya tlah di rawat di ruang camar bawah sya puas dgn semua playananya dari dokter awat pramusaji tugas bersih semua ramah baik sat set tdak ada komplen bagus trimksih untuk semua yang kerja di ruang camar,Positif
layan bagus ruang elang,Positif
layan bagus suasana senang apalagi ruang salina nyaman,Positif
layan baik bagus ruang nyaman ruang elang 6a,Positif
layan sangat bagussopanramah dan cepat terima kasih rsud ajibarangsemoga makin maju dan sukses selalu,Positif
layan baik tugas sopan dan sigap bantu terima kasih,Positif
ruang camar awat sangat ramah,Positif
awat ruang camar sangat baik awat ramah terima kasih,Positif
untuk di ruang di elang allhmdlillah baik semua hanya di area saat ronsen saat narikangkat badan ibu saya agak kasar pdhal ibu saya lemes susah gerakin badan itu saja lah yang sdikit bikin shock karena saya di ruang ronsen juga bantu angkat ibu moga bisa di baik di layan bagi ronsen,Positif
layan cekat responnya baik,Positif
ruang camar awat baik,Positif
baik dan ramah moga makin maju,Positif
layan nya sangat bagus ramah,Positif
awat baikkamar ruang elang no 7c bersih,Positif
layan nya buruk awat nya juga lebih buruknajis saya ke sini lagikali kali awat nya ngotak lah adek saya masih kecil salah masuk ruang langsung di bentaksampe sekarang masih pikir bukan untuk alam ajatapi di bentak abisantolong ini awat nya di benerin lagi,Negatif
alhamdulillah awat yang baik ruang elang,Positif
layan ruang elang cepat dan baik,Positif
layan bagusbidan sangat ramah baik,Positif
layan yang beri oleh dokter dan awat sangat baik ramah dan sopan untuk tugas konsumsi tugas bersih juga baik dan sangat sopan pokoke is the bagus lah untuk rsud ajibarang khususe ruang elang nomor 9 cd saya pasien umi kulsum darma,Positif
layan sangat baik ruang elang ruang baru,Positif
pelayanane bagus dan cepat juga bidan dan dokter baik juga ramah layan kamar salin,Positif
ruang elang pelayananya sangat bagus,Positif
tempat nya bersih nyaman banyak main jadi anakanak betah suka,Positif
satu bulan yang lalu rujuk ke rsud ajibarang obat disinirawat inap untuk operasi batu empedudokter dan semua awat amat sangat ramahbaiktempatnya nyaman bersih masya allah terima beri rsud ajibarang sungguh alam yang tidak akan pernah saya lupa,Positif
terimaksih banyak atas pelayananya bapak saya yang sedang rawat ruang elang,Positif
layan baik guna online n daftar jadi lebih cepat terima kasih,Positif
terima kasih banyak layan di ruang elang awat sopan dan ramah,Positif
luar biasa layan ramah puas,Positif
ramah dan fasilitas bagus,Positif
lama saya di rawat di ruang elang layan sangat bagus tugas juga bagus layan,Positif
layan yang beri bagus layan pasien dengan baik,Positif
layan kamar salin bagus sekali,Positif
layan ramah dan cepat tugas sigap walaupun saya pakai bpjs sehat lewat jkn mobile terima beri rsud ajibarang moga makin maju dan terus tahan layan yang baik seperti ini,Positif
semua tenaga medis ramah dan informatif fasilitas bagus dan pada layan sangat bagus,Positif
pelayana baik,Positif
lantai salin lantai 3 layan baik bidan ramah sukses terus rsud ajibrang,Positif
alhamdulillah telah obat ke rsud ajibarang sakit baik layan baik tugas ramah terima kasih,Positif
saya tunggu pasien ruang kenari bawah bapak ismail layan di ruang kenari bawah dari dokter awat awat ramah dan baik bersih ruang baik moga bisa di tahan,Positif
layan baik dan tugas juga baik ramah alhamdulillah baik sakit terima kasih maju terus rsud ajibarang,Positif
kamar salin 7 pelayananya sudah baik di tahan,Positif
pegawai ramah ramah layan baik,Positif
di ruang rajawali ruangane nyaman bersih awat ramah sopan,Positif
di ruang rajawali tempat bersihpalayanan jga baik,Positif
layan bagus ramah,Positif
ruang rajawali kamar 6 pintu wc nya keras sekali terus kordenya terlalu mepet dengan wc,Positif
ruang rajawali wc kamar 6a saat di buka suara ter lalu kerashordeng terlalu mepet dgn pintu wcpengguna cw rasa tidak enak karena ganggu pasien,Positif
layan mus dokter baik tugas ramah terima kasih,Positif
layan sangat bagusramah sopan rapi cekat bersih dan responsif khusus dokter bedah lutfi budiantoro beliauu dokter liar biasa saat dokter anestesi tidak boleh tindak karena ada hasil lab yang belum optimal beliau dari lutfi budi berani kabil putus dengan tindak yang tanggung jawab alhamdulillah sehat selamat sampai sekarangterima beri untuk rsud ajibarang seluruhnyasehat sehat dan makin sukses selalu rsud ajibarang,Positif
di ruang rajawali bagus dan cepat dalam tangan pasen,Positif
layan baik sangat cepat lalu awat dokter dan awat humble juga rumah sakit juga enak bersih dan rapi dokter dan awat yang lain juga ramah dan baik pokok baik,Positif
di ruang rajawali layan cukup cepatdan awat juga ramah2pesannya selalu tingkat layan agar pasien rasa nyaman dan aman terima kasih,Positif
layan di ruang rajawali baikmohon tahan,Positif
untuk saat ini bagus yahtadi saya habis ganti perban ke poliklinik bedahdan pelayanana ramahbaikbisa curhat juga hahahathnx mas,Positif
layan baik pake online antri nya cepat tidak perlu antri2 terima kasih,Positif
terima kasih kepada layan rsd ajibarang layan sangat ramah dan sigap kamar juga bersih dan wangi,Positif
prawatan di ruwang rajawali sudah bagus tolong diprtahan kan,Positif
awat di ruang rajawali sudah muas mohondi tahan,Positif
awat poliklinik orthopedi inisial b layan buruk kasar tidak sopan dan ramah sama sekali,Negatif
layan kamar ramah dan baik,Positif
layan di ruang salin baik bidan ramah dan telaten,Positif
layan baik muas terima kasih,Positif
rsud ajibarang makin bagus layan cepat dan ramah,Positif
very helped,Positif
tempat bersih apalagi ruang tumggunya ada minum yang sedia,Positif
fasilitas salin lengkap bidan ramah dan koperatif,Positif
saya tunggu ruang kenari bawah puas dengan layan,Positif
layan muas maju terus rsud ajibarang terima kasih,Positif
saya habis rawat di rsud ajibarang layan bagus dan awat juga sopan dan ramah,Positif
alhamdililah baik sakit layan cepat dan baik terima kasih,Positif
layan baik pake pendaftran online jadi cepat tugas juga ramah terima kasih,Positif
layan ramah terima kasih dokter dan semua staf rsud ajibarang,Positif
layan baik tugas juga baik ramah ramah,Positif
tolong pihak rumah sakit batesi yang nganter pasien rawat jalan 1 orang 1 pasien banyak yang nganter 1 pasien lebih dari 1 menuh2in tempat duduk yang mau obat bingung duduk kasi pasien,Positif
layan ramahh awat druang salin lt 3 juga baik cekat terima kasih,Positif
telah mondok dsini alhamdulilah baik tugas ramah dan dokter baik terima kasih,Positif
alhamdulilah sakit angsur baik terima kasih,Netral
layan baik dan muas lama rawat ruang camar,Positif
layan baik muas pendaftan juga cepat tidak antre antre terima kasih,Positif
semenjak periksa ke sini sakit nya angsur baik dan layan juga muas cepat terima kasih,Positif
alhamdulillah sudah baik dokter baik terima kasih,Positif
di ruang raja wali orang nyaramah ramah,Positif
di ruang raja wali perawatnnya sangat ramah,Positif
layan di ruang rajawali muas,Positif
layan di kamar salin baik bidan ramah ramah terima kasih atas layan yang cukup muas,Positif
layan baik tugas ramah muas,Positif
nyaman layan juga ramah kamar salin,Positif
layan security rawat inap kurang tidak ad profesionalitas dan terlalu sombong,Negatif
alhamdulilah layan muas tugas ramah mohon baik untuk pintu masuk utama asa ada yang kurang rata,Positif
layan baguskerencekatanterbantu dengan online jln mobile bulan depan,Positif
sudah muas layan baik sakit juga sembuh alhamdulillah terima kasih,Positif
lama rawat inap di sini layan dengan baik tugas juga sopan terima kasih,Positif
kalau ada bintang 10 saya beri dahpelayanan sangat ramah dan sabar dalam tangan pasiensungguh sangat memuaskanpelayanan no 1 di banding faskes di daerah saya sendiri kab brbs kalah telak,Positif
parkir pakai durasi tapi bayar tidak sesuai dengan lama parkir tarip yang pajang pos pintu keluar,Negatif
alhamdulilah baik sakit layan juga baik,Positif
semenjak obat dsini sakit baik layan ramah terima kasih,Positif
layan cepat sejak pake online sangat bantu terima kasih,Positif
layan sudah baik dan cepat sakit juga sudah angsur sembuh,Positif
turut saya tempat bersih nyaman untuk layan ruang salin ramah baik untuk bidan jga sangat baik semua apa lagi bidan yang tangan salin saya bidan gustin tidak buat saya panik akan mulai salin sangat bantu sekali dalam proses salin dari awal sampai akhir dan tidak buat trauma terima kasih rsud ajibarang dan terima kasih untuk bidan gustin yang tangan saya,Positif
pelayananmemuaskanpetugasnyasatset terima kasih,Positif
tugas dan layan baik muas terima kasih,Positif
layan sudah baik dan alhamdulillah baik,Positif
layan baik dan ramah bantu dengan online bulan depan,Positif
rumah sakit bagus rapi bersih sekali tempatnyaa banyak wastafel untuk cuci tangan dan ada poster langkah cuci tangan jugaa bagus pokoknyaa,Positif
layan sangat ramahdan ramahcekatan bantu dengan daftar online di depan,Positif
rsud ajibarang makin maju dan kini waktu saya ngantar saudara obat ajar sama tugas ppi cara cuci tangan yang benar layan sangat muas ruang bersih dan tata rapi moga makin jadi rumah sakit favorit,Positif
rsud ajibarang sangat bersih dan nyaman tugas ramah dan profesional saya rasa aman dan nyaman karena tugas juga sangat jaga bersih dalam tindak layan rawat jalan sangat baik,Positif
alhamdulillah nganter adek kontrol obat tb mlh dapat ilmu baru awat ngajarin etika batuk supaya tidak tular pada orang lain terima kasih,Positif
di rsud ajibarang sangat baik wastafel untuk cuci tanganya bersih bgtjadi semangat untuk cuci tangan,Positif
layan baik dan alhamdulillah baik sakit terima kasih,Positif
layan cepat tugas sat set muas maju terus rsud ajibarang,Positif
rsud ajibarang kini makin nyaman sarana dan prasarana makin bagus tugas yang sigap dan informatif ruang bersih dan tata rapi dan dapat taman hijau yang bikin adem untuk tugas ramah sekali ada yang ajar cara cuci tangan yang benar terima beri rsud ajb untuk layan yang sangat muas sukses selalu aamiin,Positif
protokol bersih di rsud ajibarang jalan dengan baik utama dalam terap cuci tangan bagi pasien dan unjung fasilitas cuci tangan seperti wastafel dan sabun juga sedia lengkap bagai pasien rasa nyaman dan aman dengan terap protokol bersih sebut,Positif
syukur pernah kunjung ke rsud ajibarang jadi tau cara cuci tangan yang benar karena diajarin sama petugasnyaternyata cuci tangan gk boleh asal karena bisa jadi sarana sebar kumanngeri kan kalau habis pulang dari rumah sakit malah bawa pulang penyakittrimkasih rsud ajibarang smoga makin maju dalam layan dan jangan lupa cuci tangan,Positif
sejak obat dsini saya cocok dan alhamdulilah baik terima kasih,Positif
rsud ajibarang kini makin bagus tugas yang sigap dan informatif ruang bersih dan tata rapi terima beri rsud ajb untuk layan yang sangat muas moga rsud ajb selalu jadi rumah sakit utama dan depan di hati kita semua sukses selalu aamiin,Positif
saya ajar cara cuci tangan yang benar bagus,Positif
bagus selain sangat ramah awat juga informatif saat pertama kali masuk ruang rawat inap keluarga pasien jelas bagai hal antara tentang cara cuci tangan dan etika batuk terima kasih rsud ajibarang,Positif
alam unjung pasien di rsud ajibarang tugas informatif dari awal datang ketemu satpam lalu di tunjuk ruang rawat kemudian tugas ruang ajar untuk cuci tangan 6 langkah belum masuk ke ruang awat terima kasih rsud ajibarang,Positif
rsud ajibarang dokter awat bidan semua tugas ramah ramah tambah lagi tugas mau ngajari cuci tangan juga ke unjung juga sangat baik jempol 2 poko,Positif
alhamdulilah rsud ajibarang sekarang smkin maju smkin rapi dan bagus tugas pun sangat ramah pada saat tengok teman yang sakit saya ajar cara cuci tangan dan batuk yang bnar sehingga smua sekarang jadi tahu mna yang bnar dan tidak bnar smga depan rsud ajibarang smakin maju mantapp,Positif
obat pertama kali di rsud ajibarang layan sangat ramah dari daftar sampai selesai rumah sakit bersih ajar cara cuci tangan sama awat pol terima kasih,Positif
tunggu mb opname saat di ruang r elang ajar hand hygiene jelas resiko infeksi dan lain - lain paling kesan tugas ramah tiap bad sedia hand scrub sangat mudah ps klg dan yang besuk untuk laku bersih tangan tambah maju dan sejahtera untuk rsud ajibarang,Positif
layan baik ruang tunggu di rawat jalan luas tugas yang layan sangat ramah dan daftar juga sudah online jadi tidak tunggu lama tugas juga banyak yang ikut diklatpelatihan salah satu ada latih ppi dasar moga diklat rsud ajibarang makin baik bisa hasil sdm yang latih dan kualitas sehingga layan di rsud ajibarang makin ceria,Positif
saya sangat senang dengan pegawai rumah sakitkarena semua pegawai ramah dan tudak pelit informasiketika saya sedang jenguk keluarga yang sedang sakit saya ajar cara cuci tangan yang benaritu alhamdulillah ilmu baru bagi sayaterimakasih semua,Positif
assalammualaikumterima beri ppi rsud ajibarang saya di ajar cuci tangan yang benarsangat manfaat sukses sll untuk rsud ajibarang,Positif
terima kasih sudah edukasi cuci tanganayocuci tangan biar bersihbebas kuman,Positif
alhamdulilah rsud ajibarang sekarang sangat sangat bagusbaik dalam cepat layan dan yang paling baik lingkung bersih sedia cair untuk cuci tangan banyak tempat dann tidak lupa kita juga ajar cara cuci tangan yang benar terima kasih banyakk rsud ajibarangsukses selalu,Positif
saya sangat apresiasi layan di rsud ajibarang program edukasi kena bersih tangan beri paham yang baik dan tingkat sadar saya serta keluarga dalam jaga bersih,Positif
rsud ajibarang ekspresi kagum rumah sakit nya bersih sekali facility care nya selalu stanby kalau ada yang kotor dan tumpah langsung di sih,Positif
masuk di lobi rsud ajibarang langsung sambut tugas yang ramah rumah sakit bersih tugas juga ajar dan ingat unjung untuk selalu cuci tangan 6 langkah yang benar,Positif
ruang rawat inap di rsud ajibarang sangat nyaman ruang bersih sirkulasi udara bagus tiap pagi suruh buka jendela supaya ada tukar udara,Positif
assalamu alaikumsaya sangat berterimakasih kepada rsud ajibarangselama ibu saya rawat dirs perawatya baikwelcome bgtkamarmandiy bersihkamarya bersihpencahayaan ruang baik,Positif
mba mba satpam ruang instalasi rawat jalan harus banyak banyak ajar sama satpam bca,Netral
saya tunggu pasien di kenari bawah layan nya ramah muas dan bagus,Positif
saya tunggu pasien di ruang kenari bawah dokter yang rawat baik awat juga baik sopan sopan semua alhamdulilah,Positif
ibu saya mau usg krna perutny sakit di suruh tunggu dari jam 9 sampai 11 belum jga di tanya nyata dokter belum berangkat kurang banget dokter jm segitu belum berngkat saya bisa spil nama kalau rsud bls komentar saya,Negatif
layan baik dan ramahterbantu dengan online bulan depancekatan,Positif
layan baik ramahterbantu dh layan online bulan depan,Positif
alhamdulillah sakit baik layan cepat muas terima kasih,Positif
tugas nya baik baik dokter ramah terima kasih,Positif
layan sudah baik tugas nya sangat ramah ambil obat cepat terima kasih,Positif
layan ya buruk,Negatif
rsud ajibarang layan bagus kemaren saya lahir anak pertama ajar birth ball lahir jadi lebih cepet kurang rasa sakit sangat baik rsud ajibarang,Positif
dokter baik dan ramah pokok ajibarang bagus,Positif
layan yang ramah dikmar salin,Positif
tidak ada lagi kesan seram hanya rumah nyaman tempat pulih dan kumpul harap yang bukti bahwa sehat adalah investasi indah untuk masa depan,Positif
tarif mahal layan baik itu wajar tapi tarif jangkau tapi layan the bagus itu rsud ajibarang,Positif
layan cepat ramah dan sangat bantu sekali tugas juga sangat informatif,Positif
layan baik dan ramahcekatanpuasterbantu dengan layan online bulan depan,Positif
layan baik dan ramahdi depan bantu dengan layan online bulan depansangat ramah,Positif
pelayananya sangat puas layan ruang salin,Positif
sudah muas layan baik datang langsung sambut dan layan dengan baik terima kasih,Positif
puas sekalipelayanan bagusanggota kamar salin ya sangat ramah,Positif
bidan di kamar salin sabarsabar bangettpuas sekali sama layan bidan di kamar salin semuaa ramahramah,Positif
alhamdulilah baik obat cocok layan juga bagus,Positif
alhamdulillah baik terima kasih moga makin maju rsud ajibarang,Netral
rsud ajibarang makin maju dan layan makin baik muas,Positif
alhamdulillah sembuh layan baik tugas sopan tempat nyaman dan bersih,Positif
layan awat kurang tanggap dan judes sus ps saudara rawat ruang antasena,Negatif
untuk layan di ruang salin sangat muas tugas juga semua ramah,Positif
sudah baik dalam laku layan sambut dan bantu tugas sopan sopan terima kasih,Positif
semenjak obat alhamdulilah baik layan baik tugas juga sopan ramah terima kasih,Positif
obat di rsud ajibarang layan baik dan cepat dalam tangan dokter ramah dan sopan,Positif
layan baik dan ramahterbantu dengan layan online jkn mobile tugas di depan cekat,Positif
puas dengan layan dokter dan bidan di rumah sakit ajibarang,Positif
alhamdulillah obat sini begitu masuk instalasi gawat darurat layan sangat ramah anak saya ambil darah tidak menang awat jos bs tenang trmksh,Positif
rsud ajibarang sangat bagus layan nya maju terus untuk beri layan baik di banyumas barat kami sangat bantu dan puas dengan layan rsud ajibarang,Positif
fasilitas dan layan bagus di ruang ada kursi panjang untuk istirahat tunggu sehingga lebih nyaman,Positif
tugas sangat sigap bantu datang langsung sambut dan antar ke tempat periksa sudah pake online juga tidak perlu antre pokok muas,Positif
saya rasa puas dgn layan di rsud kamar salin bidan ramah,Positif
alhamdulillah lama di rawat di ruang salin tempat bersih sejuk lega nyaman awat ramah sekali baik sopan dan jelas dalam jelas sesuatu dokter pun ramah sekali baik sopan sangat puas dengan tempat dan layan di rsud ajibarang tepat di ruang salin lantai 3 jazakumullah khair semua awat serta karyawan sudah rawat saya dengan sangat baik lama ada di rumah sakit ini,Positif
telah rawat dirsud ajibarang sangat puas dengan pelayananya,Positif
terima beri banyak atas layan yang luar biasa lama saya di rawat saya sangat terima beri atas sabar dan dukung yang anda tunjuk lama pulih dengan ini saya ingin sampai rasa terima beri saya kepada seluruh staf rsud ajibarang atas layan yang baik,Positif
alam pertama kali di rawat di rsud ajibarang di kamar salin kesan pertama sangat baik awat nya ramah bidan nya ramah sigap dalam tangan keluh dokter kandung nya juga lucu jadi tidak sepaneng tugas semua banyak senyum dan hibur kamar mandi enak bersih makan juga lumayan enak walaupun lagi tidak ada rasa nya karena lagi sakit terima kasih atas layan yang sangat baik dari rsud ajb utama kamar salin,Positif
tempat bersih layan ramah dan lumayan cepat banding di rumah sakit di bumiayu,Positif
layan di ruang salin rsud ajibarang cukup bagus dan muas,Positif
semenjak obat di rsud ajibarang sakit saya baik layan baikdan tugas nya ramah,Positif
layan baik dan ramah bantu dengan layan jin mobile bulan depan,Positif
rumah sakit layan nya sangat ramah aman puas baik,Positif
layan baik dan memuaskanterbantu dengan online jkn mobile,Positif
trimksih untuk bidan dokter lai dan semua mksih banyak sudah bantu saya dalam salin yang baik terima kasih ppknya debes mksih banyak sudah beri yang baik untuk arin astika dan daby saya mksih sehat sellu untuk dokter lai,Positif
layan ruang kurang baik tidak responsif dan minta tolong untuk benerin infus bocor pun lama harus manggil dua kali,Negatif
layan baik dan ramahterbantu dengan layan jkn mobile online bulan depan,Positif
layan baik dan ramahcekatanterbantu dengan layan online jkn mobile bulan depanbagus,Positif
seluruh tugas ramahbaikcekatandan informatif rumah sakit bersih dan nyaman moga makin jaya dan kembang rsud ajibarang,Positif
tempat rawat inap nyamanbersih tugas layan dengan baik terima kasih,Positif
layan muas tugas sopan dan ramah,Positif
layan baik sudah lama jadi pasien sini alhamdulillah baik maju terus untuk rsud ajibarang,Positif
adik saya malam masuk instalasi gawat darurat keluh demam nyeri tukak lambung kasih obat paracetamol generik sucralfate suspency generik cipro generik bayar total 100 lebih pliss lah meski pake umum masa ya tarif macam klinik swasta layan masyarakat macam apa,Negatif
layan sangat baik lantai 3 ruang salin di rsud,Positif
buruk sekali dari awal periksa hasil tidak di beri tau entah itu dari awat maupun dokter dari sore sampai isya pasien belum sadar juga tiba kasih ruang biasa bukan ke icu ini lah konsep bagaimana aneh sekali tolong lah baik layan teutama awat dari awal meriksa sambi kandaah kro btre lah layan macam apa,Negatif
ruang salin bersih layan nya ramah ramah,Positif
layan baik tugas ramah tiap ruang jaga bersih,Positif
rumah sakit nyaman kualitas baik untuk bidan awat dokter nya ramah ramah layan sangat bagus moga rsud ajibarang makin jayaa,Positif
bidan nya ramahramah ruang salin bersih dan rapi layan nya bagus,Positif
kualitas jamin atur sangat sangat dukung dan ketat untuk dokter bidan dan awat layan sangat ramah,Positif
layan di rumah sakit ini sangat muas mulai dari tenaga medis hingga fasilitas yang sedia dokter dan awat ramah serta sigap bantu pasien suasana nyaman bersih dan tata dengan baik,Positif
rumah sakit makin maju dan kini rasa nyaman lama obat sini dokter dan semua karyawannya sangat ramah sopan moga makin jaya dan makin jadi rumah sakit favorit,Positif
layan puas ramah baik bantu dengan layan jln mobile bulan depan,Positif
hari ini nganter mbah periksa ke rsud ajibarang layan sudah baik tapi ketika minta ronsen bagi lutut karena beberapa hari sulit jalan sudah tidak nyaman sudah pernah konsumsi obat dan karena ingin tau lebih jelas sakit belum boleh sama dokter entah karena alas apa pasien umum ada batas untuk periksa moga makin baik lagi,Negatif
layan muas dan cepat terima beri,Positif
layan baik dan daftar online sangat bantu terima kasih,Positif
layan baik dan ramah bantu dengan pelayananan online bulan depan jln mobile dan cekat,Positif
tugas online ramah dan sabar terima kasih sudah bantu onlin jadi cepat dan tidak lama priksanya,Positif
bidan kamar salin ramah ramah tanggap tempat nyaman bersih fasilitas cukup semua,Positif
layan yang muas di bagi salin bu bidan nya ramah ramah sekali benar benar bantu ibu yang baru lahir apalagi saya new moms sngt bantu sekali terima kasih,Positif
pelayananya cepat sangat baik sekali,Positif
bu bidan ramah cepat tanggap,Positif
layan baik dan ramahterbantu dengan online jkn mobile bulan depancekatanpuas layan nya,Positif
layan bagussangat ramahcekatanterbantu dengan online bulan depan jkn mobile,Positif
layan okesemoga makin maju,Positif
layan baiksangat ramahcekatanterbantu dgn online jkn mobile bulan depan,Positif
tugas ramah dan layan baik terima kasih,Positif
layan baik tempat nya nyaman deket dari rumah maju terus untuk rsud ajibarang,Positif
layan nya ramah karyawan nya cekatanthe bagus,Positif
layan baik muas maju terus rsud ajibarang,Positif
layan sangar ramahbaikcekatan tetbantu dengan layan online bulan depan jkn mobilecekatan,Positif
layan ramahh topp utama di ruang salin untuk bidan nya siap siaga selalu,Positif
ruang salin layan bagus nyaman ramah,Positif
kualitas jamin atur sangat sangat dukung dan ketat untuk dokter bidan dan awat dan mahasiswa yang sedang praktek sana sangat bantu dan sangat ramah,Positif
ruang salin layan sangat bagus,Positif
pelayana di depan ramah baik sopan cekat bantu dengan online bln depan,Positif
layan nya baik tugas ramah ruang vk jaga bersih,Positif
layan baik bidan nya ramah kamar salin nya rapi dan bersih,Positif
pelayananya bagus karyawannya bidan kamar salin ramah ramah kamar salin rapi bersih,Positif
mba cantik ramah dan sopan,Positif
terimaksig untuk mba online pelayananya ramah dan santun sabar mengajarka n no antri di bpjs sehat,Positif
layan baik dan makin tingkat jadi lebih baik maju terus,Positif
alam di rawat di ruang vk bidan dan dokter pelayananan bagus ramah tangan juga cepat,Positif
layan muas cepat dan layan dengan ramah,Positif
tugas ramah dan sopan layan baik tempat nyaman terima kasih,Positif
layan baiksangat ramahcekatan bantu online bulan depan,Positif
layan baik dan tugas sangat ramah terima kasih rsud ajibarang,Positif
layan ramah bidan baik dan ramah,Positif
tugas ramah layan baik tempat nyaman bersih,Positif
layan baik dan ramah sangat puascekatanterbantu online bulan depan jkn mobile,Positif
layan nya baik dan ramahsopanterbantu dengan online jkn mobile bulan depan,Positif
layan memuaskanbaikramahcekatanterbantu online bulan depan,Positif
daftar online sangat bantu tugas ramah layan muas terima kasih,Positif
layan baik sangat ramah bantu online bulan depan bkn mobile,Positif
layan sangat baikramahcekatanpuas pelayananterbantu online jkn mobile,Positif
layan baikpuassangat ramah bantu dengan layan online bulan depan,Positif
layan sangat ramah baik cekat bantu online bulan depan,Positif
layan baik dan ramahcekatanterbantu dengan online bulan depan jkn mobile bagus layan nya,Positif
layan nya sangat ramahbaik dan cekatanterbantu online bulan depan,Positif
layan bagus tugas sangat ramah sekali gercep sekali kalau ada yang mau ke poliklinik langsung sisampwrin,Positif
tugas ramah layan cepat tempat nya nyaman bersih,Positif
layan baik tugas ramah tempat juga nyaman bersih terima kasih,Positif
layan bagus petugase ramah pasien banyak tapi tetep cepet layan,Positif
layan baik dan ramahterbantu dengan layan online bulan depancekatan,Positif
baik komunikasi,Positif
layan baik dan ramah bantu dengan online bulan depan jin mobile,Positif
layan sangat ramahbaik cekatanpuas layan bantu dh layan online jkn mobile bulan depan,Positif
layan sangat ramahbaikcekatanterbantu dengan layan online bulan depan jkn mobile,Positif
baik alhamdulillah bantu,Positif
layan ramah baik cekat sopan bantu dengan online jkn bulan depan puas dengan layan,Positif
layan ramah tempatnta bersih,Positif
layan baik dan tugas ramah sopan,Positif
layan muas dan tugas ramah terima kasih,Positif
layan baik dan ramahterbantu dengan online jkn bulan depancekatan,Positif
bisa dapat evaluasi tentang gigi dan banyak rekomendasi untuk jaga sehat gigi,Netral
layan baik dan ramahterbanru dengan online bulan depan jkn,Positif
layan ramah baik cekat bantu dengan layan jkn mobile untuk bulan depan online,Positif
layan baik dan nyaman maju terus rsud ajibarang,Positif
layan sudah muas makin maju rumah sakit ajibarang,Positif
daftar online sangat bantu tugas nya juga sopan dan ramah maju terus untuk rsud ajibarang,Positif
tugas ramah dan gercep layan juga baik terima kasih,Positif
layan muas tempat nyaman dan bersih,Positif
layan baik dengan ada daftar online sangat bantu terima kasih,Positif
layan baik dan ramahcekatanterbantu dengan layan online jkn online bukan depan,Positif
layan ramah baik cekat bantu dengan layan online bulan depan jln mobile lebih mudah,Positif
layan nya baiksangat ramahdg tugas di depanterbantu dengan online bulan depanjkn mobile,Positif
layan bagus di ruang camar,Positif
layan di ruang camar bawah sangat baik awat sangat ramah,Positif
sangat muas di rawat di ruang elang,Positif
layan baik poliklinik dalam 2,Positif
tolong banget ini layan mbok ya sat set gitu lho ekspresi kaget tunggu obat 2 jam kira sante banget kali,Negatif
baik pelyanan tugas juga bantu online,Positif
alhamdulilah baik tempat nyaman bersih,Positif
terima kasih atas ilmu yang kait dengan selamat dan ppi,Netral
daftar online sangat bantu tugas ramah dan sopan,Positif
layan baik dan ramahsopan,Positif
layan baik tidak beda bpjs sehat dan umum semua muas terima kasih,Positif
tugas nya sopan layan baik alhamdulillah sakit baik terima kasih,Positif
daftar online sangat bantu jadi cepat tugas nya ramah dan sopan,Positif
ruang tunggu di lobby asa seperti di lobby hotel ruang rawat inap juga sangat manusiawi ada tempat duduk yang bisa guna untuk tidur tunggu pasien tamantaman di depan bangsal juga bikin tenang hati bagi tunggu paaiennya,Positif
yakin golagokin miturut inyong layan rsud ajibarang ngalah2na 2 rsud liyane sing ana nang kabupaten banyumas apamaning nek babagan nyebus obat paribasan ambek urung mapan acan uwis celuk antriane ora ngosih taker jam ora mawi ndaktar maning pokoke metu sekang poliklinik langsung genjlup maring apotek ngenteni celuk nginum gratis segeleme saja kewatir ngelak tenggorokane garing pokoke lah,Positif
layan kalah rumah sakit lain yang sudah diri hampir abad belum,Positif
alhamdulillah sekarang rsud ajb sudah banyak maju segala sarana infrastruktur layan pun sekarng lebih cepat dan lengkap moga makin jadi lebih baik kedepanny,Positif
rsud ajibarang layan is the bagus moga makin sukses,Positif
luar biasa rsud ajibarang patut acung jempol layan yang cepat ramah dan sangat responsif tenaga medis sigap komunikatif dan bikin nyaman rasa seperti rawat dengan sepenuh hati bukan sekadar formalitas terima beri atas dedikasi dan profesionalisme terus jadi andal sehat masyarakat,Positif
layan baik sangat sopancekatanterbantu online bulan depan,Positif
layan baik dan cepat terima kasih,Positif
layan baik dan mudah terima kasih,Positif
daftar online jadi cepat layan baik dan nyaman,Positif
bags dan ramah pelayananya,Positif
layan baik dan baguspelayanan sangat ramah,Positif
layan baik dan ramahterbantu dengan online jkn mobile bulan depan,Positif
pelyanan nya baikbagusterbantu dengan peayanan online bulan depan,Positif
layan sudah baik untuk tingkat lagi,Positif
baik kemarin rawat inap,Positif
layan baik dan ramahcekatandan bantu bulan depan online,Positif
pelayananny baik ramahterarah bantu daftar onkine bulan depe,Positif
layan baik sangat ramah bantu dengan online bulan depan jln mobile,Positif
layan baik dan ramah cekat bantu dengan layan online untuk depan,Positif
layan sangat ramahbaikcekatanterbantu dengan online bulan depan,Positif
layan sangat ramahbanik dan sopanterbantu online bulan depan,Negatif
layan nya baik dan ramah bantu dengan online jln mobile bulan depan online,Positif
layan muas obat cocok maju terus rsud ajibarang,Positif
saya suka sekali tidak mau pindah layan baik dokter ramah obat cocok,Positif
alhamdulillah semenjak obat baik dan layan muas terima kasih,Positif
rsud ajibarang sudah laku kerja sama dengan dindukcapil kab banyumas dengan inovasi jeram pasti deras jemput rekam pasien tanpa indentitas pada rumah sakit di kabupaten banyumas yang tuju jemput untuk rekam identitas duduk dan bantu selesai pasien yang punya data duduk masalah,Positif
layan bagus dari mulai daftar dan tindak apalagi dengan drhessa tapi ada satu yang buat kecewa alur pada saat bayar di kasir mohon di jelas apalagi jika pasien baru seperti saya yang guna umum ketika masuk apakah langsung duduk atau tunggu atau lapor kemarin saya langsung depan tapi entah mungkin karena banyak yah jadi layan kurang enak yang pada akhir saya langsung bilang maaf bu saya pasien baru dan tidak tau alur jadi jangan di judesin itu saja ulas dari saya semua bagus,Positif
suasana nyaman bersih dan bagus beda sama dulu makin maju rsud ajibarang,Positif
alhamdulillah sakit baik daftar online sangat bantu jadi cepat terima kasih,Positif
layan baik dan cepat moga sakit sembuh terima kasih,Positif
layan baik kami puas dengan layan untuk tingkat,Positif
layan baik bagus alhamdulillah sembuh terima beri,Positif
pelayananya ramah cepat pakai jkn mobile antrianyya lebih mudah dan tidak tunggu lama langsung ke apotik baru duduk obat langsung jadi,Positif
layan cepet dan puas apalagi bantu dengan tugas ramah saat tanya labgsung bantu,Positif
tugas sangat ramah dan layan muas,Positif
puas sama layan rawat inap lewat instalasi gawat darurat tidak punya jamin sehat terus ngajuin kis kasih surat rekomendasi untuk urus2 alhamdulillah bs aktf tanpa biaya apa pegawai ramah dokter juga awat juga baik di instalasi gawat darurat maupun di bangsal inap bangsal anak nyaman banget ada main mobil2nya sama ruang juga nyaman yang tunggu pun bisa tenang nikmat luar biasa ada rumah sakit bagus dekat dari rumah alhamdulillah terima kasih pemda banyumas dan perintah,Positif
bagus aman,Positif
layan nya baik ramahcekatan bantu dh layan bulan depan online,Positif
tugas ramah layan baik dan bantu dengan online,Positif
tolong team dokter yang jaga pada hari selasa sore tanggal 23 desember 2025 datang ontime antri pasien sudah banyak kasi manula yang tunggu lama mereka pasti lemas tunggu nya lebih lama lagi kalau dokter baru datang jam 1632 sedang di tulis jam buka praktek di jam 1530 saya nulis ulas ini agar ada benah dan lebih amanah untuk tolong datang tepat waktu jika memang biasa datang jam 1630 di ubah saja tulis jam praktek jadi pasien akan paham tulis itu rumah sakit nya bersih dan nyaman dan untuk layan team receptionist ramah sangat bantu jelas dengan detail jika pasien bingung guna aplikasi mobile jkn terima beri,Negatif
mohon tingkat layan,Netral
layan bagus tugas ramah tempat bersih good,Positif
overall bagus sihh nyaman untuk obat bersih layan bagus akses juga gampang sungguh benar pinggir jalan besar ke tempat2 penting kaya atmalfamart juga deket,Positif
bagus sekali layan kerenn,Positif
tidak jls banget harus teliti obat lah,Negatif
bersih nyaman antri kontrol juga tidak panjang moga rskb mitra ariva makin jaya amin,Positif
layan mudah tidak rumit,Positif
layan baik dengan tempat yang nyaman dan tidak berisik,Positif
jam besuk manusiawi,Netral
tempat tunggu bersih,Positif
layan bagustempatnya bersih sudah bisa bpjs sehat,Positif
tempat nyaman dan tidak berisik,Positif
alam rawat inap sini bagus dari tugas dan tempat bersih,Positif
kamar bersih dan tidak berisik,Positif
layan bagus dan cepatantrianya tidak banyak,Positif
layan cepat dan bersih juga tempat,Positif
rawat inap sini nyaman tidak berisik,Positif
tempat bersih dan tidak sumuk,Positif
layan cukup cepat tempat juga bersih dan tidak panas,Positif
alhamdulilahkemarin keluarga jalan rawat inap sudah sembuh tangan cepat dari instalasi gawat darurat sampai rawat inapterimakasih kak,Positif
tempat rapi,Positif
layan bagus dan tempat bersih,Positif
layan bagus sangat bantu dengan bisa layan pake kis,Positif
tempat bersih dan tidak panas,Positif
layan muas dan orang ramah,Positif
alam obat sini layan bagus,Positif
layan bagus tambah lagi layan yang bisa pake kis,Positif
layan cepat waktu tunggu cek napza cepat,Positif
layan farmasi cepat tidak lelet untuk antre juga cepat tidak tunggu lama,Positif
layan cepat dan antri tidak panjang overall okk,Positif
rskb mitra arivafasilitas bagusbersih dan nyamanpelayanan memuaskanpetugas ramah dan cekatanmaju terus rskb mitra ariva,Positif
ruanganya nyaman bersih dan layan ramah,Positif
habis cek bebas napza dsni hasil cepat sangat muas,Positif
layan bagus tugas sopan,Positif
tempat sunyi dan tidak sumuk,Positif
terima beri layan sangat bagus,Positif
layan sangat bagus sampai ke hal hal kecil seperti dispenser ada ini hal kecil yang kadang tidak sadar oleh orang lain,Positif
layan sangat bagus ramah ramah orang,Positif
obat sini enak tempat tidak brisik dan kamar bersih,Positif
tempat bersih dan rapi,Positif
obat sini cepat,Positif
layan ramahtempatnya nyaman dan dokter senang,Positif
parkir rapi,Positif
alam pernah anter saudara obat sini puas sama layan tanggap cepet juga tugas baik dan ramah sukses selalu rskb mitra ariva,Positif
rumah sakit bersih sanitasi bagus dan rawat inap nyaman tidak bising,Positif
alhmdulillah lama operasi di rskb mitra ariva di layan dengan baik dan sngat muas,Positif
rskb mitra ariva penuh kenyamananbersih dan tugas ramahpelayanan muas,Positif
layan cepat karyawannya ramahramah,Positif
ruang nyaman untuk istirahatrespon awat juga cepat,Positif
akses parkir enak tidak perlu jalan kaki jauh jauh,Positif
rumah sakit sus bedah mitra ariva tempat bersihnyamansejukpelayanan muas,Positif
layan sangat bagus bisa pake bpjs sehat sekarang,Positif
layan di rumah sakit baik dokter sangat ramah dan sigap,Positif
kamar inap bagus dan tidak brisik,Positif
layan baik dan ramah,Positif
layan sangat bagus ramah ramah ramah orang,Positif
layan bagus petuganya ramah dan cekat,Positif
pelayana bagus dan nyaman tahan,Positif
tempat bagus tidak brisik,Positif
layan bagus awat gercep saat butuh,Positif
layan bagus tempat juga bersih,Positif
layan bagus dan orang ramah ramah,Positif
layan muas jam besuk sangat manusiawi,Positif
dari dulu layan bagusalhamdulilah sudah bisa pakai kis,Positif
layan memuaskanfasilitasnya bagus,Positif
layan bagus dan tidak rumit,Positif
suasana nyaman sekali asa seperti di hotel bintang 7 gud sekali pokoke langgan dsni keluarga saya the bagus,Positif
pelayana baguspertahankan dan di tambah layan yang lain,Positif
kamar inap bersih dan nyaman karena tidak brisik,Positif
moga makin maju tempat bersih awat ramah ruang sejuk dan nyaman,Positif
kamar inap sunyi layan juga bagus,Positif
layan cepat semua karyawan di mitra ramah ramah,Positif
rumah sakit langgan layan baik dna meuaskan,Positif
layan ramah dan cepat awat dan dokter ramah,Positif
layan muas saya la gan an debu layan sangat okey,Positif
pelayananya bagus cepat awat ramah ramah terima kasih rskb mitra ariva,Positif
layan bagus cepat ramah dan sangat bantu,Positif
layan cepat dokter awat tugas ramah ramah terus kembang,Positif
busuk,Negatif
keponakan saya baru saja operasi sini karena infeksi jarum 2x operasi tidak juga temu jarum dan malah kasih kompensasi bpjs sehat telah pindah rumah sakit di jakarta saya shock dengan analisis dokter yang kata bahwa tangan di klinik ini buruk salah satu tidak rapi dalam jahit yang sebab infeksi lagi pada adik saya buruk sekali,Negatif
security minim attitude beri ingat dengan ngegas ngotot security yang jaga di pintu arah parkir mobil,Negatif
minggu kemarin sodara op dsini bagi daftar sama farmasi kurang sat set nunggunya lama padahal antri tidak banyak untuk bagi awat hasil pasang infus tolong lebih rapi lagi depa juga jangan komentar yang kurang enak didenger pasien terima kasih,Negatif
layan kurang bagus kontrol antre jam 1600 sd 2100 gila,Negatif
rumah sakit tidak bagusjelek layan buruk dokter visit hanya sore hari kamar vip ac panas tidak rekomen pasien tidak ada ubah langsung cabut pindah ke pwt,Negatif
dokter ramah antre di dokter cepet karena memang tidak sendiri tapi di daftar lama gatau pada ngapain padahal tidak antre tapi tidak di panggil2,Positif
layan ramah dan antri tidak banyak jadi cepat selesai,Positif
rumah sakit mitra arifa ajibarang layan nya cepat awat dan dokter ramah ramah saya pernah rawat inap sini dulu th 2008 dan sekarang oprasi sini lagi tapi layan tetap sama bagus bgttempanya juga bersih sukses terus rumah sakit mitra arifa ajibarang,Positif
layan baik orang nya ramah ramah baik terima kasih mitra ariva,Positif
layan ramahtempatnya bersihthe bagus lah,Positif
first time kesini nemenin bokap untuk rontgen awal masuk kita layan dengan baik sama pegawai nya dan siap sedia jikalau pasien butuh kursi roda salut sekali karena layan dorong sampai masuk keluar ruang bintang 5 untuk mas nya thank you tempat nya sendiri bersih bagus tempat sampah tidak tinggal di tiap sisi tempat,Positif
layan nya bagus,Positif
bersih jaga dgn baik,Positif
layan 24jam,Positif
cepat ramah,Positif
jam besuk jam berapa yah,Netral
staff dan dokter layan dengan baik rumah sakit nya bersih dan lokasi bagus sukses selalu rumah sakit mitra ariva,Positif
rumah sakit dengan layan yang sangat prima apalagi tugas radiologi sangat ramah impor langsung dari kendal,Positif
assalamualaikum wr wb mohon tanya adminapakah tanggal 1213mei 2025 tetap buka terima pasien untuk suntik varises,Netral
layan ramah vaksinasi sudah sedia suster dan awat baik2 semua sukses ya untuk rumah sakit mitra ariva,Positif
rumah sakit khusus mata di purwokerto bagus eye care in town,Netral
rumah sakit nya bersih tetapi mohon maaf pendaftaranx oh my god terlalu lelet,Negatif
daftar lelet tidak cekat meski sudah resevasi lewat app masih saja suruh daftar lagi di tempat,Negatif
layan sangat ramah tempat tunggu nyaman baik di ajibarang,Positif
sangat maksimal dalam tangan pasien bersih rapi nyaman tidak brisik pokok baik terima beri untuk semua,Positif
priksa g perlu antre lama layan cepat dan ramah,Positif
selalu nyaman periksa di rumah sakit mitra selain memang tempat nyaman layan dokter ramah dan obat berkualitassukses selalu untuk rumah sakit mitra ariva,Positif
ramai lancar,Netral
layan bagus muas cepat dan tanggap saya puas hanya mungkin untuk masyarakat bawah agak berat untuk administrasi nya,Positif
rumah sakit bagus fasilitas pada,Positif
karena banyak culik,Positif
baru pertama sya punya ank bisa du2k sendiri brkt d trap trimksh ats bantu,Netral
layan cepat ruang bersih tenang tapi ane sendiri tidak suka rumah sakit kenya sehat terus,Positif
dulu pernah obat ke obgyn ke jih sembuh nah sekaranh sudah ada dek bayi alhamdulillahtadi waktu mau konsul ke dsa padahal di jawdalnya 09001100 dftr online dapat nomer 17 jam 12 lebih baru sampai antri 6 di baik lagi sistem kalo bisa di batas antre dalam hari berapa dan jangan tulis jadwal dengan jam tepat di ganti saja mulai 0900selesai anak keburu rewel jadwal tidur siang jadi amburadul ekspresi kaget alam kurang kesan banget 1 lagi ruang laktasi kalo bisa di tambah lagi lah hanya 1 dan hanya luas toilet moga bisa jadi bahan evaluasi layan si baik sangat ramah,Negatif
sangat nyaman dokter suster semua karyawan ramah,Positif
rumah sakit nya bersih awat sangat ramah layan bagus,Positif
layan sangat baik dan awat ramah,Positif
layan okee,Positif
layan dan fasilitas bagus,Positif
layan okee bidan juga sangat ramah dari yang di instalasi gawat darurat sampai ruang salin ramah semuaa,Positif
layan ramah fasilitas okay nyaman,Positif
awat ramahh fasilitas bagus nyaman,Positif
puas banget lahirann di bunda arif layan bagus pokok recomended banget lahir di bunda arif,Positif
layan bintang 10 super ramah dari awat dokter cs sampai tugas cleaning servis semua ramah recomended moga rumah sakit bunda arif makin kembang dan lengkap fasilitas ya,Positif
rsia bunda arif memang paling sangat baik sangat ramah semua ruang bersih dan nyaman,Positif
alhamdulillah awat dan dokter ramah 2 x lahir sini muas lebih tingkat lagi layan yah sukses selalu,Positif
tempat di pusat kota nyaman dan tugas ramah,Positif
layan dan fasilitas sangat muas,Positif
rumah sakit pada umum parkir banyak,Positif
bismillah terima kasih untuk arah dan bimbing tugas ramah yang awal salah gedung langsung antar ke tuju sukses terus untuk rsia bunda arif,Positif
tiap kali anak saya alami keluh dan harus bawa ke rumah sakit ini selalu ada solusi baik yang beri terima beri banyak untuk dari dian yang begitu komunikatif sabar dan selalu bantu dengan jelas yang jelas sehingga buat kami bagai orang tua rasa lebih tenang,Positif
sudah langgan periksa sini dari lama mulai dari resepsionis awat dan bidan dokter umum dokter spesialis dan staff lain ramah semua dan selalu beri layan prima tanpa diskriminasi baik biaya umum atau bpjs sehat selalu lancar tanpa kendala karena staffnya sabar beri arah cara rinci apa yang butuh pasien terima kasih bunda arif moga makin tahan dan tingkat kualitas layan,Positif
absolutely not rekomendasi staff resepsionis di sini seolaholah tidak punya hati dan tidak pernah ajar etika komunikasi tidak ada ramah tidak ada empati dan sama sekali tidak mau dengar keluh pasien hanya sekadar sebut jadwal akan kami ini bukan manusia tapi nomor antri seperti kritik yang sama sudah berkalikali sampai oleh orang lain sini tapi nyata sama sekali tidak ada ubah dengan arti manajemen tutup mata dan telinga hadap layan buruk ini dengan layan seperti ini jangan harap bisa percaya lebih baik cari tempat lain daripada buang waktu dan tenaga di sini,Negatif
layan baik fasilitas yang pada,Positif
layan yang ramah,Positif
sudah jadi pasien tetappelayanan sangat baik,Positif
layan baik,Positif
rumah sakit yang layan bagusperawat dan pegawai juga ramah ramahbersihpokoknya rsia bunda arif the bagus,Positif
layan rumah sakit bunda arif sekarang jauh lebih baik dan lebih ramah ruang kelas 3 sudah ada ac terdirri dari 2 bed layan bpjs sehat sehat,Positif
sedikit insight dari saya lama anak saya rawat sini layan instalasi gawat darurat cukup bagus dokter jaga juga ada walaupun harus tunggu sebentar rumah sakit brisik kaya pasar padahal dalam kamar rawat inap suara dari luar kamar rawat inap dengar sekali awat kurang etika suara kencang2 sekali ketika bicara dengan teman sehingga dengar sampai dalam kamar jadi walaupun sudah larut malam dan ini sangat ganggu nyaman pasien apalagi pasien anak yang sedang sakit kamar rawat inap vip minimal ada jam dinding ini tidak ada tempat sampah super kecil tidak milik wastafel seperti di gambar yang jelas lama tani rawat inap anak sudah 2x satpam tiba2 buka pintu dengan alas ecek ecek ecek apa dan ada saya belum pakai jilbab sangat tidak sopan masuk dan keluar rawat inap tidak ada yang bantu bawa barang sama sekali sedang daerah saya rumah sakit kecil sekalipun kalau ada pasien rawat inap pasti bantu dibawain barang2nya tuju kamar rawat inap minimal oleh awat jaga atau admin ini tidak ad sama sekali jadi super repot lebih dokter anak baik ramah dan hangat ketika ajak diskusi ibu pasien bagi administrasi juga baik dan ramah jelas kena rawat inap juga detail makan yang saji enak,Negatif
terima kasih kepada owner rsia bunda arif keluarga besar bapak arif syamsi edi yang tidak bisa saya sebut satu per satu terima kasih kepada humas rsia bunda arif ibu ety yang selalu sigap merespon semua tanya di whatsapp terima kasih kepada dari syamsul anam spog dan tim yang telah sukses laksana tindak sc atas istri saya lahir putri kami dalam kondisi sehat dan selamat dua terima kasih kepada bidan dan awat yang senantiasa peduli rawat hingga waktu kami jadwal pulang,Positif
layan yang ramah tamah dan tempat bersih,Positif
jauh ini ini rumah sakit paling compact meski kecil tapi cukup baik fasilitas untuk ibu dan anak dari awal hamil sampai anak 4 tahun selalu periksa sini harga murah nakesnya sangat ramah dokter juga baik2 lahir sini juga cukup nyaman krna pro normal,Positif
bukan rumah sakit mewah tapi selalu excellent service bpjs sehat kelas 3 perintah pun tetap layan dengan sangat baik tidak anak tiri kamar inap kelas 3 dengan 2 bed pasien ac kamar mandi dalam maksimal sekali ruang nyaman krna bersih yang jadwal dokter suster dan staff lain ramah juga gercep dulu waktu lahir sodara parkir sempit sekarang sudah tambah lahan di seberang rumah sakit untuk parkir jadi buka cukup luas moga makin baik terus kembang nya good job bunda arif,Positif
kontrol hamil dengan dari anam sangat rekomen jelas detail baik dan ramah layan rsia bunda arif juga sangat muas,Positif
terima beri layan bunda arif,Netral
layan nya baik tugas ramah sabar murah senyum sukses selalu untuk rsia bunda arif,Positif
layan struktur rapi pasien puas perlu tular pada rumah sakit lain masuk rsud,Netral
layan nya bagus dan cepat anak akhir lahir di sini kaget banget nyata sangat di bantu untuk buat akte lahir sangat baik sekali,Positif
staffnya ramah ramah sekali fasilitas juga baik parkir juga tidak muter muter jauh,Positif
layan baik cepat dan ramah terima beri banyak,Positif
rsia yang bisa andal di purwokerto,Positif
tempat parkir luas dan nyaman serta sedia kantin,Positif
friendly staff and doctors,Positif
rumah sakit nyaman dan senang awat bida dokter dan semua ramah dan sat set,Positif
urut tidak jelas,Negatif
punya kesan yang kurang senang sini,Negatif
terima kasih untuk layan sehat yang baik dari dokter perawatstafdan security semua baik,Positif
mohon untuk yang tukang parkir kalo sama orang tua yang mondar mandir keluar kendara jangan di jutekin sudah tau posisi jaga ya bijakasan gmn lah jangan diem jutek gitu toh juga nanti selesai bayar parkir kecuali tidak bayar sudah instalasi gawat darurat sempit kamar mandi ada cacing atap ruang rawat sperti tidak rawat ada banyak bekas atap bocor staf sama tukang parkir jutek sama kaya saudara kandung semua deyh heran badd rumah sakit si to sorry,Negatif
sangat sangat tidak erti cara periksa nya semua staf ramah lah hanya cara periksa dokter nya saya sangat sesal jelas tidak detail sangat terburu2 dan tidak jelas tidak jelas bagi bagi tubuh dan posisi bayi nya padahal dari rumah sudah semangat sekali mau usg liat bayi nya tapi sampai sana hanya ini ini ini sudah sehat semua astaga,Negatif
layan nya mantapgercep,Positif
obat yang resep dokter habis mau kontrol saat tanggal betul dokter cuti kalau mau sambung obat untuk beberapa hari tidak bisa pakai bpjs sehat harus pake umum kurang solutif untuk pasien yang pake bpjs sehat,Negatif
saya warga baru di pwt pindah dari jogja nyari2 rumah sakit yang bagus dan ketemu rsia bunda arif ini lewat review2nya qodarullah saya 2x tindak di rumah sakit ini layan mulai dari daftar perawatbidan jaga di poliklinik vk dan bangsal dpjp nya sangat baik dan ramah sekali layan muas tidak beda pasien dgn asuransi atau tidak saya pernah ke poliklinik dari edy sp og karena kuota full saya alih ke dari tomo sp og dokter juga sangat detail dalam periksa mungkin jika kuota sudah full dokter yang lain juga sangat rekomendasi,Positif
layan dokter bagus namun di poliklinik 3 untuk panggil sangat pelan sekali jadi suara kalah sama balita yang main di ruang tunggu layan di kasir moga lebih cepat,Positif
maaf saya beri bintang 2 karena kemarin tgl 11 februari 2025 saya nebus obat di instalasi farmasi minta dicopy resep tidak boleh padahal bukan masuk obat psiko narko maaf tidak semua orang bawa uang lebih qadarulloh nya kmrn atm dan mbanking saya tidak bisa pakai alhasil boleh nebus paro tetapi tetap tidak beri copy resep padahal obat baru kasih paro padahal copy resep kan salin resep untuk tebus obat kurang kan sah2 saja pasien minta,Negatif
agak kecewa waktu periksa buka waktu hamil di igddokterperawatnya jutek posisi hamil dan lagi tidur telah selesai laku periksa mau duduk tapi susah karena lagi hamil tapi malah dokterperawatnya jawab lah saya harus gimana mksdku buka ditolongin atau gimana malah jawab gtuaku lupa nama siapa tapi untuk salin situ cukup muas layan,Negatif
alhamdulillah konsultasi di rsia bunda arif puas sekali awal tau bunda arif karena recommend dari saudara di bagi daftar saat daftar online admin nya respon balas nya cepat dan beri informasi juga cukup jelas untuk dokter dan awat serta bagi farmasi nya juga ramah ramah masuk list rumah sakit yang rekomendasi terima kasih rsia bunda arif moga selalu depan,Positif
tgl 24122024 saya ke instalasi gawat darurat jam 8 malam masuk instalasi gawat darurat untuk periksa rawat jalan dgn keluh sakit kepala demam tulang linu linu flu posisi bed instalasi gawat darurat saya tepat belah awat jaga sejak saya datang sampai selesai 1 infus itu mba mba awat jaga ada 2 orang sibuk gosip ngomongin orang dgn suara yang sampai saya yang sakit bisa dengar lalu ada awat juga di bed samping saya mereka ada 3 orang cerita ngobrol ketawa ketawa ya ampun ini kan ruang instalasi gawat darurat kenapa brisik sekali jujur saya sangat tidak puas dgn layan dan attitude awat di bunda arif minim etika dan empati hadap pasien,Negatif
ijin rate bintang 1 karena kami kecewa karena tidak update jadwal dokter di mjkn sudah daftar mjkn tetapi sampai di rumah sakit dokter tidak praktekdan parah lagi tidak ada dokter ganti mohon untuk evaluasi kembali,Negatif
bagus pelayanannyaa,Positif
lahir istri rumah sakit ini puas sekali walaupun pakai bpjs sehat tetapi saya rasa saya dan istri ttp dapat layan yang baik utama untuk awat jaga yang standby cukup responsif ketika kita butuh bantu entah ketika bayi nang atau waktu kontrol bayi terima kasih rumah sakit bunda arif,Positif
rumah sakit dengan layan yang bagus dan ramah,Positif
terima beri dari edi dan jajar alhamdulillah mudah segala urus salin dan layan luar biasa mudah2an semua jajar karyawan beri sehat dan mudah rizki rekomendasi untuk para bunda yang akan lahir di purwokerto dst,Positif
mau beri kritik dan saran sini 2x imunisasi anak pertama umur 2bln ada dgn dari umum langsung imunisasi 2 sunti kanan dan kiri di laku cara ganti dua umur 3bln dgn dokter umum nah yh 3bln ini benar benar bikin trauma karena paha anak umur 3bln di suntik cara sama awal saya tanya ini d suntik bareng kata ya telah jwab anak saya lgsng di suntik bareng dan nang kejer situ saya trauma dan tidak mau imunisasi sini lagi mgkn itu biasa d laku tetapi bagi orang awam sprti saya rasa di hati tidak tega lihat mgkn kalo d laku cara ganti lebih menusiawi,Negatif
senin 29 juli 2024 jadwal kontrol anak habis lahir jam 0900 selesai kontrol mau ambil surat terang lahir di admin belakang karena pintu di tutup harus buka pake akses saya izin satpam tidak di boleh kan masuk kata nya tugas admin belum masuk dan jam 1100 baru boleh masuk padahal saya sudah kasih tau bisa di ambil bareng saat kontrol agak jengkel dgn satpam yang tidak layan dgn baik diri dari pos depan pun tidak padahal hanya mau ambil surat ketlahir bukan kunjung,Positif
bulan mei 2023 jam 0100 istri saya lahir sini alhamdulillah layan bagus tangan nya jga bagus moga rsia bunda arif selalu jadi rekomendasi untuk semua kalang ibu dan anak aamiin,Positif
boleh beri saran tidak lah sini ini jadi tahun yang lalu lah sebenernya posisi saya hamil besar krng 2mnggu lagi lahir ke poliklinik penuh sekali banyak bumil2 yang anter suami dan saya sendiri kursi penuh dengan para suami yang ikut duduk sementara saya harus diri berjamjam tahan pegal kaki krna hamil besar pihak rumah sakit seperti security tidak ada tegur atau prioritas saya bagai bumil besar untuk beri tempat duduk jujur kecewa sekali dan jadi ini tidak hanya sekali dua kali saya alami saat saya kontrol di hamil tm 3 moga pihak rumah sakit baca ini dan baik lagi layan prioritas,Positif
jaayaa kayaa rst wijayakusumaa,Netral
rumah sakit khusus bedah,Netral
lahir pertama kemarin sini masya allah puas banget sama layan baik dokter awat bidan tugas semua ramah sekali kamar bersih wcnya juga ada jam bersih bersih makan juga enak ada rasa ku kira hambar wkwk moga lebih baik lagi depan makin jaya ya bunda arif hihi terima kasih sudah beri kesan pertama yang baik,Positif
alhamdulillah layan di rsia bunda arif lumayan baik dan muas awat ramah tempa nyaman bersih juga trjaga,Positif
layan cukup puasa,Positif
layan sangat muas dari mulai priksa hamil dengan dari edy priyanto dan dengan drdian novita sari bagai dokter anak moga selalu tingkat layan,Positif
rawat jalan rawat inap bisa,Netral
layan bagus dan cepat awat juga ramah ramah maju terus rsia bunda arif,Positif
pelayanana super bagus baik semua,Positif
dari layan sangat ramah apa lagi dokter edy masya allah tiap kontrol bikin tenang dan yakinin bisa lahir normal alhamdulillah,Positif
assalamualaikum maaf mbmas yang sudah obat kesana mau tanya kalau jadwal praktek dari husus tulang belakang itu hari ap,Netral
good service,Positif
layan yang sangat muas semua tugas sangat bantu fasilitas yang lengkap,Positif
alhamdulillah nyaman bpjs sehat kelas 1 satu ruang satu pasien sedia ac tv kamu dalam lemari makan enak layan ramah semua,Positif
alhamdulillah layan di rumah sakit bunda arif suster sangat ramah,Positif
rumah sakit khusus ibu dan anak kemarin saat anak sakit ke elisabeth dulu karena full pikir kesini layan bagus awat ramah gercep tiap hari ada tugas yang bersihin makan juga enak bisa pake bpjs sehat,Positif
jauh ini layan muas,Positif
layan baik dan sangat muas,Positif
terima kasih saya ucap kepada apa dari edybu bidan staff rsia bunda arif pertama lahir sini pke bpjs sehat layan bagus dan muas moga rsia bunda arif lebih maju aamiin,Positif
rumah sakit dengan layan baik mulai dari dokter sampai awat ramah semua terima kasih rsia bunda arif sudah layan pasien dengan baik lov sekbon,Positif
rontgen gigi,Netral
kemarin sempat mondok hamil 7 bulan masuk ugd krna lambung mual muntah layan ugdnya cepat tangap siap sedia bagus saya suka cepat jga di pindah kamar tapi untuk bed nya kurang nyaman karena mgkin suda brp thn tidak ganti kurang nyaman di pke duduk atau tdr keras dan bdn jadi pegel2 mohon untuk bed awat pasien lebih di perhati ya saya kmrin masuk ruang bpjs sehat kls 2,Positif
tempat nyaman dan layan ramah,Positif
layan muas petugas2 sigap dan ramah baik,Positif
alhamdulillah layan bagus sigap dan ramah ramah tugas terima kasih rsia bunda arif sukses selalu,Positif
alhamdulillah sgt puas dgn layan di rsia bunda arifrwat inap pake bpjs sehat sgt lancar dan mudah tanpa tunggu lamaanak saya lgsg ditanganindktr awat nya sgt ramah komukatif,Positif
layan bagus dan muas bersih juga bagus,Positif
semua layan baik dokter maupun awat terima beri rsia bunda arif,Positif
alam lahir pertama sini alhamdulillah bisa cara normal timbang dokter edy baik sempat induksi alhamdulillah bisa hasil bidan2 nya sigap,Positif
sangat baik dokter dan awat sangat ramah,Positif
sangat puas dengan layan dirsia bunda arif,Positif
good service cepat dan tanggap,Positif
layan dan bidan ramah semua tidak membedabedakan antara umum dan bpjs sehat,Positif
terima kasih rsia bunda arif atas layan yang baik,Positif
awat ramah2tidak beda beda pasien jkn,Positif
sangat puas dengan layan bunda arif baik awat tugas dokter semua sangat ramah dan bikin nyaman sudah 2x alam rawat inap di rsia bunda arif dan selalu rasa puas dan nyaman terima kasih atas layan maju terus rsia bunda arif,Positif
alam salin di rumah sakit bunda arif purwokerto dengan guna bpjs sehat sehat sangat muas dengan layan prima terima kasih rumah sakit bunda arif purwokerto dan bpjs sehat sehat,Positif
terima kasih banyak atas bantu layan jauhh lebih baik dan muas daripada alam pertama saya pada tahun 2019 moga depan lebih baik lagi,Positif
layan bagus awat ramah ramah,Positif
pelayananya cepat,Positif
untuk dokter yang super lelet,Negatif
layan cepattanggap,Positif
layan yang sangat senang lahir dgn fasilitas bpjs sehat sini,Positif
baik bagus ramah tamah lengkap,Positif
alam lahir di rsia bunda arif alhamdulillah layan dengan baik,Positif
tempat nyaman kamar inap bersih parkir tata,Positif
alam yang sangat senang lahir sini semua dokter bidan awat ramah sekali,Positif
2 kali lahir di rsia bunda arif layan dari segi tugas medis sangat bagus meski rumah sakit tfk golong besar tetapi bersih jaga sekali terima kasih rsia bunda arif,Positif
layan baik dan tangan cepat,Positif
layan yang sangat baik dan sigap dalam layan pasien dan anak,Positif
sangat muas pelayananya,Positif
bagus baik ramah,Positif
alam lahir awat yang tangan lahiranya jutek,Positif
cukup baik dalam semua layan,Positif
layan bagus muas,Positif
alhamdulillah layan dari awat dokter dan admin lain sangat bagus sigap ramah dan sabar dari bersih juga sangat nyaman,Positif
layan baik semua ramah,Positif
pertama kali lahir sini layan bagussaya periksa sini dari awal hamil dan harus rawat inap juga waktu itu kemarin juga waktu lahir harus dadak caesar bidan langsung tanggap saat ada masalah dalam proses salin alhamdulillah lahir lancarsehat ibu dan bayi,Positif
lama periksa di rumah sakit bunda arif tugas nya sangat ramah dan tidak membanding2 kan dengan guna bpjs sehat,Positif
langgan sini dua kali lahir selalu bantu layan pasien yang pakai bpjs sehat tidak beda dengan pasien umum awat selalu siaga dan gercep bukan rumah sakit mewah tapi layan super asik,Positif
layan baik dan ramah,Positif
layan ramah tempat nyaman dan bersih sangat muas,Positif
layan bagus tempat bersih dan nyaman makan yang hidang untuk pasien rawat inap juga gizi dan tentu sangat baik untuk sembuh pasien,Positif
alhamdulillah saya sudah lahir 4 kali di rumah sakit bunda arif lama ini saya rasa layan yang bagus bahkan ketika sempat jadi salah ada pihak dari rumah sakit yang kunjung ke rumah untuk sampai minta maaf bagus maju terus bunda arif,Positif
pilih ke bunda arief karena ada dari edy layan awat juga bagus hanya tempat parkir saja yang susah,Positif
pelayanannyanbaik staf ramah ramah,Positif
layan sangat muas sopan dan cepat tangan pasein tempat nyaman dan bersih,Positif
bidan yang kurang support dalam bimbing proses salin,Negatif
layan nya sangat ramah,Positif
layan dari awat kurang muas lelet,Negatif
cukup muas hanya saja ruang terlalu sempit,Positif
layan ramahsopan dan cekat untuk bpjs sehat kelas 3 kamar nyaman dan muas hanya isi 2 bed dan 2 kipas toilet juga jaga bersih,Positif
layan di rsia bunda arif layan baik,Positif
usg 2dimensi 215 rbpelayanan dokter kurang muas mungkin sudah cape apa gmana sudah beberapa kali usg dan pindah tempat baru kali ini saya rasa harga tidak sesuai dng layan,Negatif
layan ramah cepat dan muas selalu utama selamat pasien,Positif
layan nya sangat baik dokter dan awat sangat cekat dalam tangan pasien,Positif
alhmdllh layan rumah sakit yang baik dan sopan santun dokter dan awat bidan sangat sopan dan santunsangat tebantu dengan kerja team rumah sakitalhmdllh lahir dengan selamat dan sehat anak kamitrimakasih rumah sakit bunda arif,Positif
tempat yang sangat nyaman,Positif
sangat muas layan dan tempat nyaman,Positif
tenaga medis komunikatif helpful bersih ruang rawat inap jaga,Positif
cukup muas fasilitas sudah cukup pada,Positif
pelayananya sangat bagus ramah,Positif
sangat bagus dan puas layan sangat baik dan ramah,Positif
pelayananya bagus semua sangat ramah juga tempat juga nyaman,Positif
layan bagus dan tugas sangat ramah fasilitas cukup baik dan nyaman,Positif
cukup puas untuk rawat inap sini tugas ramah dan sangat bantu,Positif
layan nya baik cepat moga tingkat lagi ya,Positif
puas dengan layan tempat yang nyaman baik layan juga cepat pokok puas,Positif
sangat senang lahir di rumah sakit bunda arif pertama kali saya lahir dan tidak salah dalam pilih tempat ini bagai yempat lahir mulai dari layan tugas parkir ugd bidan dokter dan staf lain good job dan sukses selalu untuk rumah sakit bunda arif,Positif
tiap mau masuk ruang pasti selalu tunggu lama,Negatif
layan di rsia bunda arif sangat baik dan nyaman dokter dan awat ramah tangan juga cepat sangat muas dari segi fasilitas dan lain,Positif
layan baik dan ramah tempat nyaman selalu puas dengan jelas yang maksimal dari dokter dan tugas,Positif
untuk periksa bagus dokter juga awat ramah untuk ruang nyamanbersihluas,Positif
dari periksa lama hamil sampai proses salin layan dokter dan lain sangat ramah dan memuaskantempatny nyaman karena khusus untuk ibu dan anaktingkatkan dan pertahankanterima beri,Positif
ketika layan pasien ramah dan beri layan baij,Positif
bidan dan awat baik dan ramah,Positif
sangat puas dengan layan di rumah sakit bunda arif purwokertopelayanan yang ramahsigap rumah sakit yang nyaman karena khusus ibu dan anak jadi tidak ganggu tenang pasien yang campur dengan pasien dewasathe bagus rumah sakit bunda arif purwokertolove you,Positif
alhamdulillah sekarang ruang nya lebih luas layan juga ramah dan baik,Positif
dapat layan yang sangat ramah dan cepat tanggap dalam bantu salin,Positif
tempat bersih nyaman layan baik fasilitas bagus,Positif
layan nya sangat bagus ramah baik juga untuk awat dokter dan juga pegawai nya lingkung juga bersih dan untuk bpjs sehat kelas 3 kamar nyaman yang isi 2 bed dan kipas angin,Positif
alam pertama kali periksa di rumah sakit bunda arif ke instalasi gawat darurat ujung advis rawat inap dokter dan awat instalasi gawat darurat ramah komunikatif dalam jelas diagnosa anak saya guna bpjs sehat kelas 2 namun pada saat masuk titip kls 1 karena full tetapi dengan batas fasilitas seperti tv dan ac tidak boleh nyala hehehe alam saya rawat inap di dua rumah sakit swasta lain yang lebih besar jika hak kelas penuh dan status titip maka fasilitas pada kamar tsb tetap bisa pasien guna mungkin itu kembali bijak masing2 rumah sakit ya kemudian pada saat daftar rawat inap saya masih kena charges bayar materai harap depan moga untuk bea materai harus sudah bisa diincludekan pada biaya administrasi rawat inap meski nominal tidak berapa namun jika keluarga tidak bawa cash repot juga di rumah sakit swasta lain juga tidak ada kena charges materai jika rawat inap bpjs sehat zero bayar lebih layan yang saya terima kemarin cukup baik,Positif
parkir amann tempat bersih nyaman ruang ada yang ber ac dan non ac dan ini saat banget lagi pakai yang fasilitas ac tv kmr mndi dalam nyaman poll awat nya ramah dan juga humble hibur,Positif
to be honest ada beberapa bidan yang kurang support dalam bimbing proses salin dari segi attitude dan cara tangan so bad mohon lebih teliti dalam rekrut bidan yang sesuai dan sdm yang baik,Negatif
moga lebih baik lagi,Netral
saya lahir anak ke 3 di sini benar semua layan baik bahkan saya bisa buat akta lahir di sini sekali hanya saya kurang sreg dengan proses lahir biasa saat bayi lahir akan di temu dulu dengan ibu entah untuk imd atau macam tapi saat bayi saya lahir langsung di bawa bidan pergi untuk urus imunisasi dan lain - lain bahkan saya tidak beri sempat laku imd coba beri wktu sebentar untuk ibu dan bayi laku skin to skin telah lahir karena itu prosedur yang harus laku entah mngkn karena anggap buang wktu atau apa hal itu tidak laku di sini lalu bayi baru lahir yang pertama kali chek up ke dokter banyak langsung di vonis kuning tanpa cek kadar bilirubinnya,Negatif
dokter telat lebih dari 2 jam lihat buru2 saat periksa tidak bisa konsul antri lebar kasir lama bagi daftar layan dengan cengengesan dengan teman di belah,Negatif
senin1772023 dateng sekitar jam 1730 udh ambil nomer antri dapat no 66 tunggu lah di dlmpas aq liat no 65 sudah selesai dan sudah kosong tidak ada orang tetapi koq tidak panggil jdne aq pindah ke depan takut itu kira udh tidak ada lagi yang daftar makane tidak panggil kan tidak lama masuk bpk langsung tanya pdhl mereka tiga pada sibuk masing ini itu bpk langsung layan lah dan disrh duduk depan itu bkn srh tunggu di tempat tunggu aq kan nanya koq mlh bpk nya dl aq no 66 belum panggil kan katane srh tunggu dl bu ini cm nanyaskrng cm nanya knp disrh duduk di depan daftar kan aq yang tunggu dari tadi jadi sabar tunggu di tempat tunggu koq skrng guna alat ambil nomer daftar untuk apa coba kalau yang baru dateng langsung layan sedang yang tunggu dari tadi disrh tunggu lgtolong lah layan nya tingkat lagi kita ke situ byr koq tidak ngutang or minta,Negatif
layan yang baik dan ramah,Positif
layan ramah cepat dua kli lahir di rsia bunda arif,Positif
layan masuk cepat tugas nya juga ramah ramah informasi selalu sedia baik lewat whatsapp maupun instagram,Positif
sangat memuaskanterimakasih,Positif
rumah sakit dengan layan yang ramah dan cepat dokter dan awat ramah ramah,Positif
tempat nyaman layan muas,Positif
alam lahir sini sangat puas dengan layan dari dokter maupun perawatsangat cepat tanggap hadap keluh pasien,Positif
alhamdulillah layan sini memuaskandari dokter obgyn awat n semua pegawai sini,Positif
layan cepat bersih hanya parkir kurang luas,Positif
layan di rsia bunda arif sangat muas karena layan yang cepat tanggap orang ramah ramah,Positif
layan super ramah,Positif
para dokter di sini sangat profersional dan cepat tanggap hadap pasien selain itu awat dan bidan juga layan dengan ramah teliti serta displin ruang rawat inap dan ruang lain tata rapi dan bersih sehingga nyaman untuk pasien,Positif
sangat puas dengan layan bunda arifdari anak ke dua sampai ke tiga,Positif
mampir sebentar rumah sakit tuju,Netral
rumah sakit nyaman layan cukup baik tangan cepat,Positif
layan buruk terlalu lama suster tidak ramah tera maksimal yang tunggu 2 orang tapi hanya boleh 1 orang dini hari jam 1 pagi malah di usir,Negatif
alhamdulillah alam saya saat lahir dirsbunda arif sangat puas dengan layan karena awat sangat ramah dan senang,Positif
rsia bunda arif rupa rsia padu hadap layan muas dan sangat nyaman untuk para tugas pun ramah untuk tempat juga jangkau tengah kota,Positif
nang cepatramah,Positif
puas lahir sini 2x,Positif
sangat ramah dan sangat muas layan nya,Positif
sudah lahir yang dua di sini ada dokter edy yang memang turut saya pro lahir spontan terima beri dokter edy dan rsia bunda arif,Positif
alhamdulillah bagus layan,Positif
rumah sakit ibu dan anak tangan yang sangat baik,Positif
semua karyawanbidan dan lain - lain ramah dan sabar dalam hadap pasienlingkungan bersih,Positif
layan baik petugasanya ramah,Positif
alam di rawat di rumah sakit bunda arif ini saya rasa sangat puasuntuk semua layan di sini,Positif
layan sangat muas banget dokter dan awat juga ramah trmkasih rsia bunda arif,Positif
layan ramah semua cepat tanggap,Positif
alhamdulillah tempat nyaman dan layan muas dokter dan awat sangat ramah,Positif
sangat cukup puas,Positif
layan bagus dan tugas ramah,Positif
great,Positif
utama selamat sama meski ada bagi yang tidak suka,Positif
allhamdulilah layan dirs bunda arif bagus,Positif
layan muas tetapi dalam tindak dan etika kurang muas,Positif
sangat memuaskanpelayanan ramahterimakasih rsia bunda arif,Positif
dokter 1 ini selalu telatkalau praktek jam 1500 ya molor jangan sampai 15 jamganti jadwal sajapraktek jam 1700moso tiap kontrol telat meluluhuhbayar kok susah,Negatif
untuk jenis layan sudah bagus yang saya sesal kenapa bayi belum 100 fit bisa suruh pulang padahal malam masih demam alhasil belum sampai hari balik lagi dan paksa guna umum lantas saya rujuk ke rumah sakit lain bisa sampai 1 minggu untuk benar benar pulih catat jangan main sehat seperti itu ya kasihan kita orang awam yang tidak tau apa2,Negatif
rsia baik di purwokerto fasilitas dan layan baik tugas ramah ramah overall good,Positif
layan yang muas bidan dokter awat ramah semua anak dua dan terus mau bunda arif lagi,Positif
layan bagusruangan nyaman,Positif
over all puas dengan layan sini tidak salah kalo 5,Positif
layan cepat suster ramah ramah,Positif
tugas dan dokter sangat ramah,Positif
alhamdulillah layan bagus pegawai ramah dokter komunikatif,Positif
layan muas dokter bidan dan awat ramah,Positif
alhamdulillah salin di bunda arif fasilitas nyaman lengkap,Positif
terima kasih rsia bunda arif atas layan sehat moga makin maju,Positif
bagus muas terima kasih,Positif
nang dan layan ramah,Positif
terimakssih,Positif
tempat strategis,Positif
layan ramah sigap dan tanggap,Positif
layan yang ramah cepat dan bagus,Positif
layan di sini bidan sama dokter sangat ramah sukses terus ya,Positif
tangan cepat dan tugas ramah ramah,Positif
alam lahir di rsia bunda arif alhamdulillah muas pelayananya di tangan oleh dokter edi dokter profesional dan layan awat baik ramah informatif alam nginap di ruang vip tidak ada komplain sama sekali bersih baik terima kasih rsia bunda arif tingkat selalu layan baik,Positif
layan cukup baik dan cepat awat dan dokter ramahramah tidak kecewa untuk salin di rsia bunda arif,Positif
layan scra kseluruhan sangat muas dokter nakes dan staff nya ramah dan fast respon playanan pasien pmbayaran pribadiumum atau bpjs sehat jga bagus,Positif
layan nya ramah dan muas,Positif
layan di rumah sakit ini sgt responsif beberapa responden yang saya temu kata bahwa layan sgt cepat utama di instalasi gawat darurat dan rawat inap beberapa keluh area parkir yang sempit keluh lain muara pada layan rawat jalan yang rasa agak lama mulai dari sistem daftar yang msh lihat lama dalam layan pasien hingga jarak waktu antara pasien selesai daftar hingga panggil ke ruang dokter sampai proses bayar benar tugas rumah sakit sudah layan dgn sgt baik dan sgt cepat hnya saja yang buat lihat lama ialah ketika datang pasien baru sebab mereka pasien baru harus isi data diri hal ini memang jarang jadi namun dalam beberapa momen mngkn sdkt ganggu pasien lain yang sdg saling tunggu untuk daftar dan yang lain itu pasien lamabukan baru mngkn suatu hari bisa temu terobos dalam bidang sistem informasi di mana daftar bisa lalu online saja dan kemudian pasien baru dapat isi sblm ia dtg ke rumah sakit beberapa keluh lain tuju untuk salah1 dokter kandung yang sgt lama dtgnya dan tidak sesuai dgn jadwal masyarakat tidak ada yang mau tahu yang mereka paham ialah brdasarkan jadwal dokter yang ada barangkali jadwal dokter dapat sesuai lagi dgn realtime kpn dokter akan benar2 sampai mngkn selisih 3045mnt msh dapat tolerir ini dokter kandung tsb bisa 12 bahkan 3 jam baru dtg bersih area sudah sgt baik ramah tiap2 tugas juga sgt baik tidak ada yang benar2 buruk semua hanya btuh saling empati sehingga ambil putus untuk implementasi pada layan masyarakat hasil output yang optimal oh ya di luar sana msh bnyak instansi sehat yang beda layan pasien bpjs sehat dgn umum bahkan beberapa wktu lalu ada yang malah jadi konten menrut saya di rsia bundaarif tidak prnh membedabedakan ini salah satu hal yang baik dan bagaimana rumah sakit ini sgt rekomendasi bagi keluarga cinta kita terima beri,Positif
saya obat untuk anak syuntuk layan dari nya bagus tapi untuk layan pegawaisuster nya kurang gercep padahal lagi sepi unjung,Netral
pasien dokter arinton ruang d4terimakasih atas layan,Netral
layan bagus sangat muas,Positif
alhamdulillah lama ini puas dengan layan,Positif
dapat layan yang nyaman dokter ramah tempat strategis moga depan ramah tugas lebih tingkat lagi,Positif
layan baik dan profesional dredy spog layan di daftar cukup lama dan ramah untuk anamnesa cukup lama karena pasien di kumpul jadi 1 bukan per polidr yang makan waktu cukup lama adalah waktu tunggu layan dokter layan dokter cukup komunikatif masuk untuk manajemen mungkin untuk waktu tunggu layan dokter di koreksi agar pasien tunggu tidak terlalu lama dan ruang tunggu pasien mungkin perlu besar karena jumlah pasien yang banyak bagi kasir dan resep obat juga perlu tingkat lagi,Positif
rumah sakit islam purwokerto yang ada di jl mashuri no39 kalibogor rejasari kec purwokerto bar kabupaten banyumas jawa tengah 53134rumah sakit yang dulu kurang awat sekarang sudah di renov di bagai sisi sekarang sudah lihat bagus dan rapi dan juga bersih untuk pealayanan mohon di tingkat kan lagi pelayana obat d cepat kurang ramah sudah terima pasien bpjs sehat,Netral
puas dengan layan di rumah sakit bunfa arif,Positif
sangat puas salin di rsia bunda arif,Positif
alhamdulillah anak ke2 lahir di rsia bunda arif lahir dengan selamat terima kasih para awat yang sudah tolong salin,Positif
layan bagus informatif kamar nyaman dan makan enak walaupun di rumah sakit,Positif
tempat nyamanbidan dan dokter ramah,Positif
layan sangat ramah rekomendasi terima kasih bunda arif,Positif
layan baik bidan nya baik dokter juga tanggung jawab,Positif
layan nya sangat baik ramah dan muas terima kasih,Positif
tempat nyaman awat ramah,Positif
alhamdulillah lahir lancar terima kasih rsia bunda arif,Positif
layan sangat bagus dokter bidan dan tugas nya ramah,Positif
layan cukup baik ramah hanya saja di anamnesa waktu tunggu yang relatif lama dan di bagi farmasi lama nya banget pasien sedikit atau banyak tidak ada beda waktu tunggu bikin anak dan orang tua tidak mood tunggu mohon untuk lebih cekat karena bagi layan,Netral
layan baik tugas ramah,Positif
tempat bersih mushola bersih toilet bersih layan baik awat cepat tanggap,Positif
layan baik,Positif
terima beri bunda arif,Netral
layan cukupp muas,Positif
semua gappa si tempat parkir kursi sempit tidak mempermasalhakan itu hanya saja tunggu obat di bagi farmasi hampir 40 mnt saya tanya ulang lalu panggil lagi dan kata tunggu konfirmasi dari apoteker dan akhir suruh nebus luar tau gitu kn tadi gausah tunggu 40 mnt mohon bagi farmasi layan di baik lagi terima kasih moga bunda arif bisa better,Negatif
untuk layan dari kontrol sampai lahir sangat puas banyak fasilitas yang sangat mudah kita,Positif
alhamduliah rsia bunda arif memang bagus,Positif
layan sangat memuaskanpetugas nya ramah rawat inap nyamantrimakasih rsia bunda arif,Positif
layan nya ramah pasien bpjs sehat dan umum tidak beda awat orang enak semua moga selalu beri layan yang baik untuk ibu dan anak,Positif
baru pertama kali ke rsia bunda arif nyata layan nya sangat muas sampai informasi nya jelas awat ramah dan fasilitas nya bagus,Positif
layan yang sangat memuaskanuntuk awat san bidan sangat cepat tanggap,Positif
dokter perlu evaluasi dehmaaf yah klu batuk ya minum obat batuk klu panas ya obat panas klu mual muntah ya minum obat mual muntaini anak saya masih kecil lho 2x obat ngawur saya sampai masuk instalasi gawat darurat 2 rumah sakit beda saya cerita pada geleng2 kok dokter tidak beri resep utama mual muntah malah kasih lacto b radang perlu evaluasi belum ada yang nuntut untung ank saya sekali minum obat di instalasi gawat darurat langsung segar sodara saya juga gtu orng habis operasi suruh pake kateter kok malah di cabut pasang trs sampai perut kaya orng hamil gara2 tidak pipis sakit hati sama rumah sakit ini,Negatif
sangat muas salin di rsia bunda arif,Positif
alhamdulillah layan nya bagus sangat memuaskanterimakasih,Positif
dari segi layan ramah dan cepat begitu dengan bersih lantai yang selalu dibersihkannamun perlu ada tindak untuk perhati lebih lanjut karena di ruang saya rawat inap ada beberapa nyamuk dan itu sangat tidak nyaman apalagi untuk pasien db mohon untuk perhati kembali trmksh,Negatif
luar biasa layan sangat baik dan ramah untuk cleaning service juga sangat rajin ruang bersih awat dan bidan edukasi dengan sabar terima kasih rsia bunda arif moga makin jaya,Positif
alkhamdulillah pelan bagus tangan cepat ibu dan bayi awat,Positif
baik sekali kinerjany,Positif
alhamdulillaahudah 2 kali lahir disinipelayanan selalu baik dan ramahtrimakasih rumah sakit bundaarif,Positif
alhamdulillah layan bagus dan ramah,Positif
terima kasih banyak atas layan yang baik,Positif
trmksh sudah mbntu pslinan istri saya hingga berkbpuas dgn smua petugasramah keluarga sekalisuksess trs untuk bunda arif,Positif
layan bagus ramah ramah dan murah senyum dan saat jelas hasil periksa sangat jelas n mudah paham,Positif
bunda arif rumah sakit ibu dan anak baik di banding rumah sakit lain nya mulai dari layan nya yang baik dari daftar farmasi dan awat bidan nya ramah ramah dan dokter nya juga ramah ketika kita ingin tahu dan tanya pada dokter dokter dengan senang hati jawab tanya sampai kita mudeng dan puas,Positif
trimkasih sudah bantu saya dalam proses lahir di rsia bunda arif dengan ramah semua tugas sangat ramah aplagi ijin untuk bersihin kamar saya sopan sekali dan lebih neng lagi bisa di buat kk dan akte sidebay dengan ngumpulin berkas saja dan tinggal tunggu jadinyatrimkasih sukses selalu,Positif
maasyaallah layan sangat muas terima kasih rsia bunda arif,Positif
layan sangat baik nyaman muas lanjut jaya jaya jaya,Positif
dokter awat dan bidan sangat ramah moga selalu tahan dan moga makin kembang aamiin,Positif
waktu itu dini hari obat ketemu dokter jaga ny ramah gercep sukses selalu,Positif
terima beri rsia bunda arif sudah beri layan yang baik bidan dan awat instalasi gawat darurat nya tanggap cekat dan puas dengan jelas yang sampai dokter juga ramah banget engga jutek engga kaya dokter di rumah sakit belah moga rsia bunda arif makin maju komitmen untuk layan baik agar tetap jaga,Positif
terima kasih rsia bunda arifsdh bantu salin syalhamdulillah 2 anak saya lahir di rsia bunda arif semuapelayanannya yang baik dan profesionalterimakasih juga sudah banyak bantu pantau sehat anak2 syterimakasih bykmdh2an rsia bunda arif makin maju dan manfaat untuk semua khusus wrga karesidenan banyumas,Positif
sangat baik layan dari aulia nurrozaq,Positif
untuk layan fasilitas dan ramah karyawan sangat baik sangat rekomendasi untuk obat anak dan ibu lahir hanya ada satu hal yang kurang kenapa obat2 bpjs sehat rawat jalan harus selalu bayar padahal obat anak di rumah sakit swasta lain tidak pernah bayar dan selalu tercover smg jadi perhati dari pihak manajemen untuk baik dan maju rsia bunda arif salam,Positif
kami sangat puas awat y,Positif
ramah baik bagus,Positif
layan rsia bunda arif sangat muas,Positif
layan cepat profesional marketingnya juga baik komunikatif,Positif
layan bagus informatif dan cepat,Positif
terima kasih atas semua bantu layan di bunda arif masyallah luar biasa maksimal moga makin maju,Positif
layan sangat ramah dan nyaman,Positif
layan bunda arif memang baik,Positif
layan salin normal nya sangat baik,Positif
saya sangat puas dapat layan sehat di sini dua kali lahir mau tetep di bunda arif baik banget rumah sakit bunda arif,Positif
alhamdulilah lahir normal bund meski ak juang lahir normal pertama kali gatau apa2 gmn cara ngeden bantu sama bidan2 n dokter akhir krg lbh 1 jam proses telah buka lengkap bsa launchingpadahal tenaga uda hampir habia makash layan bunda arif muas banget bnr2 suka,Positif
jadwal dokter ktnya jam 1430 tapi smpe jam 1630 dokter belum juga dtg belum juga mulai capek tunggu dokter doang,Negatif
layan bagus awat suster ramah,Positif
layan dokter dan awat ramah dan tanggap,Positif
beri layan yang trbaik untuk pasien,Positif
terima kasih rsia bunda arif saya lahir sini layan bagus bidan dan awat ramah tempat bersih saji makan untuk pasien juga rasa enak untuk layan rawat jalan pun baik nomor antri sudah jelas dan atur untuk karywan bagi rawat jalan pun ramah dan cantikcantik untuk tugas farmasi juga ramah dan jelas saat jelas obat ruang tunggu rawat jalan walaupun kecil tapi bersih dingin karena ac nya banyak sehingga tidak engap moga depan bisa lebih maju yaa salam sehat,Positif
maaf dok saya mau tanya tgl 8 sep 2023 saya priksa stlah priksa saya kasih obat tetes mata antibiotik yang saya tanayakan ap teres mata antibiotik harus habis atau tidaksoalnya saya lupa tanya dokmohon bantuanya,Netral
alhamdulillah layan d rsia bunda arif muas,Positif
orang sangat ramah,Positif
layan yang sangat muas,Positif
terimakasihh sudah bantu dari proses hamil hingga lahir sangat bantu,Positif
jadwal praktek 1430 sampai jam 1700 di tunggu dari 1430 spai 1600 tidak dateng2 tanpa pasti,Negatif
tiap pasien dan keluarga di rsud ajibarang selalu ajar cara cuci tangan yang benar,Netral
2x anak sya yang paling kecil rawat inap di rsia bunda ariflangsung masuk ugdalhamdulillah bisa langsung tindak walau kami pakai bpjs sehat perintah sangat membantupelayanan pun sangat ramah ruang rawat inap nya juga nyaman dan bersihterimakasih untuk para suster dan dokter yang sudah dengan baik layan kami para orang kecildg sepenuh hati,Positif
fasilitas nyamandokter dan bidan2nya ramah,Positif
bagus layan di ruang kresna ramah maturnuhun rst wijayakusuma pwt,Positif
ayah masih minggu dua kali hd di sini tetap semangat para tugas dokter dan semua yang libat layan ramah dan penuh beri buat ayah seperti ada keluarga baru di sini,Positif
baik bagus dan ramah awat di ruang kresna rst wijayakusuma purwokerto,Positif
bagus layan di ruang kresna rst wijayakusuma purwokerto semua nya nyaman dokter dan awat komunikatif ramah dan baik,Positif
layan yang beri cukup muas di ruang kresna sangat bantu pasien dalam obat awat dan seluruh pegawai sangat ramah,Positif
alam kami lama awat ibu saya di bagi bedah onkologi sangat baik dokter davin beri jelas kondisi ibu saya dengan jelas dan ramah sehingga kami rasa lebih tenang mbak erni dan tim awat pun penuh perhati telaten dan responsif bagi administrasi juga sangat bantu dalam beri arah yang perlu cara seluruh layan yang kami terima sangat baik dan muas terima beri banyak,Positif
ruang parikesit dokter ramah awat juga gercep,Positif
sangat puas dengan layan di rswk utama dari poliklinik bedah ongkologi dan kemoterapi khusunya dari davin dan pak margi dan tidak lupa tugas medis juga layan baik ramah dan sangat bantu jika ada keluh langsung direspon dengan baik terima kasih semua,Positif
rumah sakit wijayakusuma pwt di ruang kresna baik layan nya nyaman juga ruang nya terimkasih,Positif
bagus layan nya ramah dan baik semua dari segi layan di ruang kresna tingkat selalu layan di rumah sakit wijayakusuma pwt,Positif
rumah sakit wijayakusuma baik semua layan nya suami di rawat di ruang kresna dokter dan awat baik dan ramah,Positif
lama ibu saya rawat di bagi bedah onkologi layan yang kami terima sangat baik dokter davin beri jelas yang jelas ramah dan buat kami rasa lebih tenang jalan proses awat pak margi juga sangat bantu dalam administrasi dan selalu sigap beri arah ketika kami butuh informasi para awat yang jaga ibu saya pun sangat telaten perhati dan cepat respons tiap butuh pasien cara seluruh kami rasa bantu dan rasa layan yang beri sudah sangat baik,Positif
bagus layan nya di ruang kresna moga makin baik selalu layan di rst wijayakusuma pwt,Positif
layan sangat puassemoga makin maju,Positif
terima kasih banyak atas layan yang sudah beri di ruang kresna baik dan muas,Positif
ibu saya baru saja obat di poliklinik orthopedi dengan dari dwi budhi masyalloh layan nya sangat muas awat dan dokter yang sangat kompeten yang sangat baik dan ramah kepada pasien nya terima kasih rumah sakit wijayakusuma yang selalu beri layan yang baik dan muas,Positif
bidan ramah cekat sabar beutsuka rekomendasi,Positif
layan di ruang gayatri baik buat akte keahiran gratis bpks aktif semu gratis bidan ramah sangat baik banget ma acie bu bidan,Positif
layan muas tenaga medis juga ramah,Positif
bidan dan dokter ramah tempat enak nyaman layan baik sehingga saya ssmbuh dengan cepat terima kasih,Positif
layan di ruang parikesit baik dan muas,Positif
bagus layan nya kamar nyaman dokter dan awat nya ramah dan baik alhamdulillah bapak saya di rawat di ruang kresna,Positif
ruang kresna nyaman layan baik ramah sopan dan komunikatif,Positif
terima kasih atas layan tahan dan tingkat,Positif
sangat baik layan nya dia ruang kresna sangat nyaman,Positif
layan sangat ramah di ruang kresna tingkat selalu,Positif
layan di rst wijayakusuma muas,Positif
terikasih untuk rswk dan ruang abimanyu layan sangatt baik ruang bersih nyaman sangat baik,Positif
layan bagus sopan cepat dan sangat recomd sekali,Positif
layan bagu dan sangat ramah,Positif
layan bagus bidan nya ramah,Positif
alhamdulillah layan di ruang kresna sangat baik ramah dan bersih terima kasih banyak,Positif
layan rumah sakit wijayakusuma baik terima kasih untuk ruang kresna,Positif
harus parkir kalo sebentar tidak sampai 15 menit jangan laku tarif sama dgn parkir yang lama baik bijak harga parkir,Negatif
layan rekam medis,Netral
sangat bagus awat sangat ramah ruanganya bersih dan bagus terima kasih ruang kresna untuk pelanyannya terima kasih rst wijayakusuma,Positif
terima kasih layan baik untuk awat abimanyu awat yang beri layan hampir 24 jam karena shif tanggung jawab yang kalian emban mulia makin maju manfaat dan adil rst wijayakusuma jaya,Positif
tangan rehab medik fisioterapi dan okupasi mantapp terima kasih rstk wijayakusuma i,Positif
ruang bagus semuapakai ac semua dokter tidak perlu ragu lagi layan nya muas dan cekat sekali everything is good,Positif
layan fisioterapi bagus suka baik baik semua ramah,Positif
layan ramah respon cepat informasi yang di ikan mudah di paham saya apresiasi dengan layan rehab medik,Positif
terima beri telah layan dari poliklinik hingga rawat inap sangat gercep ruang gayatri layan sangat daebak,Positif
rumah sakit dkt layan baik,Positif
rumah sakit yang strategisprnh ank saya rawat di abimanyu ruang ny bgs toilet bersihnyaman bkin betah layan bgs awat ny ramahsm anak kecil sgt hati2 dalam penanganandokter juga ramah enak bwt konsultasi cepat tanggap saat panggil untuk gnti infustetap tahan kualitas lbh tingkat lagi biar lbh baik lagi,Positif
tugas ramah lingkung bersih rapi,Positif
layan baik dan santun,Positif
layan sangat ramah moga rswk makin jaya,Positif
tingkat kan lebih bagus lagi,Positif
sudah kurang lebih 2 bulan fisioterapi anak di rswk masya allah maju adek pesat sekali khusus untuk mba najma terapist adek yang super ramah telaten bahkan chat di wa untuk stimulasi2 lanjut luar jam fisioterapi juga dibales akhir adek cepet pinter guling,Positif
pagi2 sudah kena omel sama bapak2 tentara di depan jaga pintu masuk sudah usaha ramah ucap terima beri tetap saja sinis pak berkah ya kerja sedikit senyum pada pasien atau keluarga tidak akan buat rugi ingat kami bukan satu kami rakyat sipil mari saling harga wujud layan yang baik tentara tetap punya hati,Negatif
layan bagus ramah obat bisa kirim dan tidak ada biaya kirim,Positif
pelyanan fisioterapi bagus ramah pegawai,Positif
layan fisioterapi bagus,Positif
untuk ruang kresna terimaksih atas pelyaananya bapk sya sangat baik bagus serta sangat ramah tahan terus maju terus rumah sakit dkt,Positif
terima kasih atas layan rehab medik terap baik dan ramah dan ruang bersih,Positif
ruang bersih fisioterapi layan tanggap fasilitas nya lengkap,Positif
pertama kali saya ke rumah sakit wijaya kusuma untuk obat sakit saya itu di bagi fisioterapi dan untuk tangan sangat bagus mulai dari tempat untuk laksana fisioterapi bersih nyaman dan rapi untuk staff daftar dokter dan awat perempuan cantik sangat helpfull sigap dan ramahramah moga kualitas layan yang tulus ini selalu konsisten sehingga pasien rasa nyaman terima kasih untuk dokter dan awat di bagi fisioterapi atas tangan untuk saya dan alhamdulillah atas tangan sakit yang saya alami berangsurangsur baik,Positif
perawatny ramahalatnya juga fungsi dengan baik layan dan tindakanya baik trimkash rumah sakit wijayakusuma,Positif
2 anak saya pernah di rawat di rst wijayakusuma purwokerto di ruang abimanyu kelas 1 alhamdulilah ruang nya bersih awat dan tugas non medis nya ramah cepat dan cekat dalam layan selain hal sehat hal lain seperti religi juga mudah di akses adzan kumandang 5 waktu lingkung bersih dan aman moga rst wijayakusuma makin jadi faskes depan di wilayah banyumas dan sekitar nya terima kasih,Positif
saya obat ke rst wijayakusuma purwokerto tempat nyaman awat dan tugas lain juga ramah,Positif
rumah sakit dengan layan prima,Positif
layan yang muas awat yang rapi cantik dan baik cekat dan sangat ramah lingkung bersih,Positif
terima kasih rumah sakit wijayakusuma purwokerto yang sudah rawat adik saya depan harap makin maju dan makin manfaat tahan dan tingkat awat abimanyu hebat bersih baik,Positif
layan yang beri sudah baik sukses selalu untuk rumah sakit dkt,Positif
pernah tunggu bapa rawat sini awat ramah dokter juga ramah ruang juga nyaman makin sukses yah untuk depan,Positif
terima kasih sudah rawat keluarga saya dengan cekat awat abimanyu sangat baik rumah sakit baik depan makin manfaat lanjut juang rumah sakit dekate,Positif
smoga selalu beri layan yang baik untuk semua langgan,Positif
bagus bersih dan moga jadi rumah sakit baik,Positif
awat ramahpenangan cepet terima kasih dkt,Positif
daftar bpjs sehat wajib surat dari faskes pertamabegitu gaess,Netral
suami saya wktu bulan kemarin di rawat di rumah sakit wijayakusuma pelayananan di instalasi gawat darurat cepat wktu itu lagi panas demam lgsung masuk obat jadi lgsung reda panas nya rawat inap di ruang abimanyu awat baik ramah dokter nya juga selalu kunjung ke pasien tiap hari ruang nya juga bersih awat nyaman,Positif
layan di rst wijayakrama muas,Positif
layan anak saya di rumah sakit wijayakusuma sudah baik awat ramah dan care dokter dalam jelas kan informasi juga bagus terima kasih untuk ruang kresna dan dokter krisnanto sp ot,Positif
layan baik sekali saya rasa puas terima beri,Positif
awat ramah dan detail helpfull sekali fasilitas kamar juga baik,Positif
layan di ruang kresna sangat sat set sangat ramah awat dan ruang sangat nyaman sekali dan bersih,Positif
sat set sekali untuk layan di ruang kresna sangat ramah terimaksih sekali untuk awat anak saya,Positif
terima kasih atas layan untuk suami saya di ruang kresna awat nya baik dan sangat ramah sangat bantu,Positif
terima kasih untuk layan ugd sangat cepatperawat ramahdokternya baikcepat tindakanyasemoga terus maju,Positif
layan ruang srikandi cepat dan awat ramah ramah,Positif
untuk pasien rujuk apalagi saya guna bpjs sehat layan sangat cekat dalam penangananperawat ramahsemoga makin kembang lebih besar dan lebih baik biar bisa bantu banyak orang,Positif
rumahsakit yang selalu kami datang untuk obat akhir kali istri mondok di ruang kresna ruang nyaman ramah tugas baik layan baik semua nya muas terima kasih,Positif
layan ruang antasena baik,Positif
layan cepat sat set ruang rawat bersih lingkung tenang pokoke kaya kie lah dkt tetep dihate,Positif
ke rumah sakit dkt obat ke dokter kulit sama bu dokter baik dokter nya ramah cantik layan tulus hati obat manjur,Positif
layan sangat baik dan cepat,Positif
rumah sakit tengah kota akses mudah layan cepat,Positif
layan laboratorium bagus,Positif
layan cepat dan tugas ramah,Positif
layan cepat ramah dan lingkung bersih,Positif
ibu saya pernah rawat inap di rumah sakit wijayakusuma pelayananya sangat bagus ramah dan bersih lingkunganya,Positif
alam di ruang kresna layan ramah dan bersih,Positif
alam di ruang kresna layan baik dan ramah ruang bersih dan nyaman,Positif
alam rawat inap di ruang kresna ruang yang nyaman sejuk dokter dan awat juga ramah ramah banget,Positif
pengalamann ruang kresna layan baik dan ramah ruang bersih nyaman dan tata rapi,Positif
layan di rumah sakit wijayakusuma sangat baik ruang kresna bersih dan nyaman awat ramah cepat tanggap dan perhati pada pasien terima beri atas layan,Positif
alam ruang kresna awat baik ramah dan cekat moga sukses selalu rst,Positif
datang malam ke instalasi gawat darurat hari ini awat sigap dan dokter jelas cara detail alhamdulillah puas dengan layan serta jelas,Positif
rumah sakit favorit rekomendasi untuk keluarga sanak sodara tetangga dan semua masyarakat pada umum layan sangat baik,Positif
untuk layan di rumah sakit wijaya kusuma semua nya baik bagus ramah tindak cepat tingkat terus agar selalu jadi rumah sakit yang selalu cari oleh org banyak,Positif
layan di instalasi gawat darurat sangat bagusdokter dan awat nya ramahwalau pasien di instalasi gawat darurat banyak tapi tetap utama layan yang baik terima kasih dokter dan suster moga makin sukses dan selalu beri sehat,Positif
makin percaya sama rumah sakit dkt,Positif
alhamdulillah ibu saya slu di layan sangat baik di rumah sakit wijayakusuma purwokerto ruang nyaman informasi jelas sangat ramah untuk dokter dan awat nya rumah sakit favorit yang selalu keluarga saya datang untuk obat terima kasih banyak,Positif
kalau tidak pepet di tengah kotasuami saya sakit tidak mungkin bawa ke rumah sakit initolong baik awat kalau dimintaiin tolong harus gercep jangan leletjuga jangan judes sama yang tunggu pasien harus murah senyumga boleh cemberut,Negatif
obat ke poliklinik onkologi layan ramah cpt tidak ada kendala dokter paramedis cekat tmksh smg sehat sll,Positif
layan sangat baik ramah dan bagus maturnuwun ruang kresna,Positif
layan di poliklinik anak sangat baik dokter dan awat ramah serta informatif,Positif
terima kasih rst wijayakusuma telah rawat anak kami tangan di instalasi gawat darurat cepat layan di ruang rawat inap kresna baik terima kasih dokter dan juga awat yang sudah rawat dengan sepenuh hati,Positif
layan sangat bagus ramahramah mulai dari staff daftar rawat inap dokter dan awat perempuan sangat helpful dan sigap bahkan staff bersihbersihnya pun ramahramah moga kualitas layan yang tulus ini selalu konsisten sehingga pasien rasa nyaman aman anak saya 4thn rawat inap di pav kresna,Positif
terima kasih rumah sakit wijayakusuma atas layan cepat,Positif
rumah sakit dkt atau wijaya kusuma purwokerto layan sangat bagus suster ramah dan gercep sekali ketika ada keluh,Positif
dokter dan awat instalasi gawat darurat sangat baik cekat,Positif
jauh ini saya suka dgn layan nya tugas ramah dokter juga baik,Positif
kalo tidak pepet banget pasti tidak ke instalasi gawat darurat instalasi gawat darurat kok layan pada ngobrol sendiri saya dateng langsung bilang kepala sakit bahkan sampai lihat susah kok ya masih masih tinggal ngobrol olah olah kaya saya dateng itu ngganngu padahal bayar kamu ini ke instalasi gawat darurat hanya di tensi reda nyeri pun tidak keluar kaya hanya mentingin administrasi,Negatif
terima kasih atas layan untuk suami saya di rumah sakit wijayakusuma purwokerto khusus nya ruang kresna baik bagus ramah,Positif
terima kasih atas layan ruang kresna layan sangat ramah dan baik sekali tingkat terus pelayaan di rst wijayakusuma purwokerto,Positif
kesan pertama pasuk area rst wijayakusuma adalah oldschool abiss ingat bangun yang hasil preservasi dari era kolonial mungkin proses administrasi dan daftar pasien di sini ndak rumit simpel dan cepat saya nilai layan rawat inap di ruang gayatri sangat baik dan hasil beri kesan positif pada kami satu hal penting yang perlu paham jika anda jalan rawat inap di rumah sakit ini adalah hadir nyamuk yang cukup banyak maklum bangun lama dan banyak area buka hijau nuansa kebun,Positif
alhamdulillah sejak saya opname lama 7 hari sini tangan dengan baik layan obatobat awat tenaga medis siap siaga dan dokter sangat ramah sehingga alhamdulillah kondisi saya baik tempat pun bersih dan nyaman terimaksih atas pelayaanannya,Positif
layan baik untuk masyarakat tangan juga satset banget terima kasih untuk rumah sakit wijayakusuma purwokerto moga makin maju,Positif
tempat nyaman dan bersih rekomendasi,Positif
ibu saya rawat ruang antasenafasilitas nyaman dokter dan awat ramah,Positif
layan poliklinik cepat dokter dan perawatny ramahramah,Positif
layan rumah sakit wijayakusuma bagus sekali trtma poliklinik onkologi kemoterapi dokter n awat humble n fast respon sekali,Positif
layan di ruang kemoterapi sangat bagus dokter dan awat ramah ramah suasana keluarga tampak sekali sini terima beri tim kemoterapi yang telah rawat pasien dengan sepenuh hati,Positif
pernah sekali kesini,Netral
layan di ruang kemoterapy sangat muas dokter awat baik yang pertama kemo takutcemas tidak bisa tdr trnyt tidak semenakutkn itu dulur sekali pokoke ruang bersihkmr mndi nya okey rswk tbest,Positif
puas bnget obat layan ramah dan rumah sakit bersih,Positif
saat saya rawat dii rumah sakit wijayakusuma layan baik dan operasi jalan dgn lancar,Positif
layan di rst wijayakusuma sangat baiktidak tunggu lamapendaftaran sudah bisa akses lewat online mudah dalam proses pendaftaranno antri yang sudah layan bisa di pantau dari rumahjadi kita bisa kira kapan bisa layan,Positif
selalu dapat layan yang baik,Positif
ruang rawat inap bagus dan nyaman layan muas makan untuk pasien juga enakenak,Positif
bersih modern nyaman luas estetik dan rapi,Positif
layan di kamar abimmanyu dan fisioterapi baik saran saja fisionya ditambahakan dengan gerak anggota tubuh yang kaku pkoknya baik,Positif
pelayananya sangat baik,Positif
layan bagus cara jelas untuk daftar online jelas bagi daftar poliklinik juga cepat dan ramah awat dan dokter juga beri jelas dgn detail tentang keluh pasien,Positif
layan di rumah sakit wijayakusuma dari pertama datang ke daftar ke instalasi gawat darurat sampai di rawat inap tugas pun ramahramah dan layan cepat tanggap,Positif
layan baik sudah banyak ubah yang lebih baik kamar rawat inap sudah bagus moga rswk makin jaya,Positif
layan rswk sangat muas prima,Positif
rumah sakit ini sangat tata rapi bangun dalam negeri bersih karyawanny sangat sopan dan ramah selalu utama layan prima kpd pasien moga makin maju dan makin lebih baik lagi dalam segala hal,Positif
layan sangat muas tugas ramah dan lingkung rumah sakit bersih dan nyaman,Positif
pernah periksa sekaligus obat ke dokter gigi bagus banget layan dokter juga ramah dan baik sekali,Positif
layan sangat baik tugas ramah dan informatif rumah sakit bersih dan banyak tanda sehingga mudah saat cari ruang,Positif
layan yang ramah profesional sigap dan komunikatif dari tenaga medis dokter awat staf fasilitas yang pada modern bersih dan nyaman serta proses obat yang lancar dan muas bagi pasien masuk untuk pasien guna bpjs sehat,Positif
layan baik tingkat,Positif
tempat nya bagus bersih dokter baik cepet ramah,Positif
usg rumah sakit ini sampai berapa yaa,Netral
layan di daftar sangat ramahgood job,Positif
lama saya obat rswk ini layan sangat profesional jika ada kendala cepat respon meski tengah malam saya lapor daftar online tidak bisa langsung direspon dan langsung tindak lanjut terima beri sangat baik,Positif
rst wijaya kusuma makin jaya,Positif
alhamdulillah sini dapat awat yang ramah sejak datang daftar periksa di poliklinik hingga dapat obat semua ramah dokter dan bidan ramah poll,Positif
terima kasih rswkdokter nya sangat baik dan ramah layan muas,Positif
layan mobile jkn sangat bantu,Positif
layan sini gercep bgtcepet dokter ramah awat nya juga sat set dalam tangan pasien luv sekali rswk moga makin jadi yang baik dalam layan pasien2 nya,Positif
alhamdulillah anak saya beri layan yang baik lama obat di rumah sakit wijayakusuma terima kasih dokter dan awat di poliklinik,Positif
layan di rumah sakit wijaya kusuma alhamdulilah baik dan jamin dari fasilitas dan layan,Positif
layan sudah lebih bagus,Positif
terima kasih layan sangat bagus sudah bantu untuk buat akun jkn mobile sampai hasil dan bisa untuk daftar online,Positif
saya berterimakasih kpd rumah sakit wijayakusuma untuk layan yang bagus tugas ramahramah dokter sangat informatif,Positif
parkir bersih dan rapi,Positif
terima kasih rst wijayakusuma layan kemoterapi dan poliklinik onkologi ramah ramah nyaman awat sangat bantu dan motivasi pasien agar selalu semangat dalam tiap tahap keoterapi,Positif
info gajelas bgtt dari jam operasi yang tiba2 dimajuin dari jadwal yang sudah tentu dokter yang jarang visit jadwal pulang juga apa2 serba dadakn info info tentang awat rumah jugaa kemaren awat bilang a eh saat mau pulang jadi b,Negatif
terimakasi untuk dokter instalasi gawat darurat dan awat baju biru karena sudah ramah dan masih empat awat instalasi gawat darurat jaga malam baju ping mohon untuk tingkat empati dan jangan langsung beri tatap judge walaupun pakai masker tetapi tetap lihat tetap semangat untuk nakes,Positif
suami saya pernah di rawat sini awat benar benar judes sekali tidak ngenakin ati masa saya yang jagain kira saya adik pdhl saya istri harus kalau nanya di pikir dulu nanya sudah ning belum orang sakit kok di tanya begitu,Negatif
layan laborat dan radiologi mcu cepat tepat,Positif
alhamdulillah layan bagus dan tanggung jawab,Positif
terima kasih rumah sakit dkt,Netral
tetap semangat dalam tingkat layan,Positif
dokter ramah dan jelas sangat rinci hadap penyakit2 yang derita pasien layan lengkap awat dan tugas ramah,Positif
layan luar biasa bagusramah,Positif
terima kasih layan bagus,Positif
terima kasih layan nya bagus kita di layanin dengan baik,Positif
termksh layan bagus,Positif
layan di poliklinik gigi baik,Positif
pertama kali ke sini agak jauh dari rumah tapi tempat nyaman tempat tunggu banyak dokter datang tepat waktu hanya tunggu obat agak lama pgn pake jne tapi tkutnya lama overall baik,Positif
rumah sakit nya cukup lucas layan di ruang salin cepat tugas komunikatif di tahan layan baik terima kasih,Positif
layan hadap pasien bagus sekali selesai administrasi struktur baik kontrol sakit pasien dengan cepat efisien tepat,Positif
dokter dan tugas poliklinik dalam baik dalam beri layan sangat ramah sukses selalu,Positif
dokter dan tugas poliklinik dalam ramah baik saya senang di masuk di dalam grup pasien poliklinik dalam mudah untuk beta dan di jawab dengan baiksemoga rumah sakit wijayakusuma makin maju,Positif
terima kasih atas layan dokter dan tugas poliklinik dalam pelayananya baik ramah dan murah senyumsemoga rumah sakit wijaya kusuma makin maju,Positif
termaksih atas pelayananya d okter dan awat poliklinik dalam ramah dan baikkonsultasi lewat wa grup di respon cepat,Positif
layan di poliklinik gigi sangat bagus,Positif
baik,Positif
layan ramah cepat ruang parikesit good,Positif
bagus awat ramah ramah,Positif
ibu saya sakit diabetes selalu kurang kasih obat khusus sunti insulin alesannya selalu lagi kosong sengaja tidak kasih kertas kurang obat biar tidak dibolehin ambil obat layan gaada yang bantu malah ngotot kalo mereka tidak salah,Negatif
lama di rawat di ruang parikesit sangat puas,Positif
layan dan fasilitas sangat bagus terima kasih awat srikandi yang sudah rawat ibu saya,Positif
layan sangat muas ruang abimanyu bersih dan nyaman,Positif
rswk makin kembang dan selalu mmberikan yang baik,Positif
terima kasih atas pelayanannyaterbaik,Positif
bagus tugas nya ramah ramah,Positif
rungan ibs sangat baik,Positif
terima kasih rswk jaya selalu,Netral
layan bagus tahan dan tingkat lagi semangat,Positif
rumah sakit baik,Positif
rswk sangat baik,Positif
layan sangat buruk sudah tau orang lagi ada kritis di biarin begitu saja malah awat ngobrol sendiri2 parah banget dokter lama tidak sat set,Negatif
baru pertama kali di sini saya nyaman dengan suasana banyak pohon dan tidak asa tunggu di rumah sakit selalu nonton orang yang apel di lapang lihat tertib dan disiplin mungkin itu yang untuk karyawan nya profesional dan tanggung jawab mantep,Positif
bagi ambil obat sangat kecewa pagi bilang obat sore jadi sudah bisa di ambil gilir sampai ke rumah sakit janji besok sore besok saya kembali belum jadi jugadijanjikan pagi lagi sangat kecewa padahal jarak rumah saya ke rumah sakit 1 jam tolong jika sekira belum siap jangan beri harap dulu kasi pasien yang rumah jauh buka kami paksa cepat tapi kami juga ingin sembuh,Negatif
untuk layan obat di baik lah masa obat kosong sampai 1 minggu orang sakit obat kan mau minum obat tapi saat ambil obat nyata kosong dan harus tunggu 1 minggu itu pun saat hari kata bisa d ambil harus tunggu siangsore lagi tidak bisa pasti jam berapa obat kirim kapan pasien sehat kalo begitu belum kalau rumah jauh harus bolak balik tunggu obat,Negatif
tgl 18 mei 25 antar bpk harus rawat inap ndilalah saat lagi penuh kamar jadi bagi bangsal instalasi gawat darurat belum ada jelas sampai kapan dapat kamar yang harus bisa istirahat jadi kurang maksimal istirahat,Negatif
obat di poliklinik anak dokter edukatif awat ramah layan muas,Positif
untuk tukang parkir lebih hati hati lagi lah lebih profesional kalau kerja kalo mindahin motor liat liat dulu helm sudah benar kunci motor pake di lepasin segala helm saya jatuh jadi dan baret helm sama visornya spoiler retak kalo helm ratus ribu saya tidak masalah lain kali liatliat dulu lah biaya untuk untuk ganti visor sama spoiler juga lumayan boro boro minta maaf saya tidak masalah biaya tetapi lebih hati hati lagi lah kalo kerja biar tidak ngerugiin orang lain kalo suruh ganti rugi emang mau,Negatif
ini bru yang nama rumah sakit dgn layan yang maksimal tugas sangat ramah dokter pun ramah dan bagus udh pling benar n cocok dsni jangan pindah krs lain plg krmh pasien dalam ada sehat alhamdulillah beberapa kali d rawat dsni memang g pnh mngecewakan layan nya anak suami dan sya sndiri udh pnh rasa drawat dsni smua terima kasih rstk wijayakusuma moga makin maju lagi agar sllu beri layan yang baik untuk pasien2nya,Positif
apakah ada tangan hemofilia nya tentang darahhematologi onkologi,Netral
bagus layan nya,Positif
rumah sakit paling tidak jelas kalau bisa beri bintang minus juga saya beri bintang minus layan tidak profesional saya guna bpjs sehat saya tau bpjs sehat booking pakai jkn jkn saya bermasalh karena belum punya nomor rekam medis jadi belum bisa daftar jkn saya tlpn wa dan datang langsung h1 untuk minta di daftar dulu agar saya bisa booking via jkn agar saya dapat nomor rekam medis jawab saat tlpn guna bahasa ngapak tanpa salam tidak beri solusi malah ngata ngatain saya kepriwen si mba ulang kali padahal saya hanya minta di bantu datfar agar bisa booking via jkn baik manual saya 15 menit belum jam dokter praktek kata di hari h saya datang 15 menit belum jam praktek dokter sini juga layan tidak jelas saya sudah bilang masalah saya tidak bisa via jkn karena tidak ada no rekam medis karena saya baru pertama kali obat ke rumah sakit wijayakusuma sama tugas arah serah surat rujuk langsung ke dalam di dalam saya hanya di suruh tunggu di luar sampai nama di panggil tanpa jelas lebih saya tunggu 2 jam lebih 2 jam yaa bukan waktu yang sebentar saya tanya ke tugas di dalam ruang periksa kapan yang manual di panggil karena dar tadi yang datang telat tapi sudah online di panggi lebih dahulu dan boom tugas baru bilang yang manual di panggil telah online selesai gila tidak itu online saja tambah terus tidak ada batas saya tanya lagi bisa tidak di bantu daftar dulu agar dapat no rekam medis nya jadi saya bisa daftar jkn dan tugas bilang tidak bisa dari atas tidak bisa hahah lucu banget padahal rumah sakit lain saja bisa lho yaa hanya biar dapat no rekam medis lalu saya di arah jkn rumah sakit lain saja bisa ini rumah sakit besar kelas wijayakusuma tidak bisa tidak jelas dan dengan ketawa tugas bilang yang lebih lama dari saya juga banyak yang tunggu kaget marah emosi gampang waktu org apa karena bpjs sehat gitu jadi di pelak kecewa berat marah besar saya tidak akan pernah ke rumah sakit wijayakusuma lagi dan ini poliklinik anak bayang banyak banget bayi tunggu berjam2 panas tempat tunggu tidak proper campur sempit banyak ank dan bayi yang rewel 2 tengah jam tunggu saya lebih baik cabut berkas pulang kalau bukan karena dokter dian sana saya juga malas ke rumah sakit dkt,Negatif
anak betul rawat inap 1 bulan yang lalu lama 6 hari di paviliun kresna no 3 cara seluruh dari instalasi gawat darurat sampai dapat ruang tidak sampai 2 jam gercep dokter dan awat serta bagi daftar rawat inap inap mau hampir keluarga pasien untuk isi berkas2 yang kurang layan dari dokter anak dari dian gercep sekali komunikatif dengan kami enak ajak konsultasi untuk awat juga gercep ruang bersih dan wangi untuk tunggu dapat jatah makan buka puasa ruang sangat luas ada dapur dan set meja makan juga tv sofa panjang lemari kulkas dispenser kamar mandi luas wastafel bed sudah elektrik parkir luas bisa langsung di depan ruang terima kasih rswk sudah beri layan sepenuh hati,Positif
alhamdulillah salin di rst wijayakusuma memuaskanbidannya ramah dan sabaranak saya dapat foto dan bpjstidak dapat akte karena saya dari luar kotaterimakasih ibu ibu bidan ruang gayatri rst wijayakusumasemoga alloh senantiasa beri kesehatanaamiin,Positif
saya senang obat di rswijayakusuma purwokerto moga rswijayakusuma purwokerto makin jayasy rawat oleh dokter bedah,Positif
layan daftar sampai tunggu ke temu pak dokter alhamdullillah lancarterimakasih rswk,Positif
terima kasih ruang antasena sudah baik untuk layan nya,Positif
terima kasih untuk awat nya moga layan makin baik,Positif
layan baik,Positif
pokok rst cinta cinta,Positif
terima kasih layan sangat baik dokter dan awat ramah gercep,Positif
layan baik tahan dan di tingkat,Positif
kemarin adik saya rawat inap di rswk alhmdulillah layan sangat muas awat dokter dan bidan ramah sekali sukses selalu rswk,Positif
pokokoknya salut lah sama layan rawat inap dkt awat banyak senyum tidak jutek terima kasih mba2 awat dkt ter the bagus,Positif
layan bagus dan pegawai ramahramah,Positif
dokter judes baru dateng layan nya kurang kurang sat set dokter nanyain keluh kaya di anggep sepele padahal lagi sakit sudah 3x kesitu dapat layan yang tidak baik terus,Negatif
saya dari tegal 3 kali suami op di rumah sakit ini alhamdulillah smakin ksni layan smakin bagus dokter davin dan awat poliklinik maupun rawat inap baik2 terima kasih khusus ruang abimanyu mb fenti dkk,Positif
layan buruk lama,Negatif
layan sangat baik dan fasilitas juga baik kendala hanya banyak nyamuk dalam ruang,Positif
layan di instalasi gawat darurat alhamdulillah sudah sangat baik,Positif
layan instalasi gawat darurat sangat ramah dan cepat,Positif
trima ksh untuk awat dan dokter instalasi gawat darurat saya jatuh dari motor datang langsung layan dengan baik,Positif
instalasi gawat darurat layan cepat langsung tangan,Positif
mohon maaf kepada dokter urologi betul ayah sya habis ke poliklinik urologi tgl 9april2025 kok dokter nya kurang ramah mungkin dalam sampai informasi sakit maupun tindak soal bikin pasien agak takut layan lai sudah baik tempat bersih sekali lgi mohon maaf dan harap jadi maklum tidak semua pasien langsung erti arahantindakan dokter,Positif
terima kasih rumah sakit wijaya kusuma rame selalu,Netral
selalu puas dengan layan instalasi gawat darurat di rswk walau pasien rame sekali tetapi kita tetep tangan dengan baik awat yang bisa ajak ngobrol dengan kita jadi bisa kurang rasa sakit kita bisa senyum dengan mereka terima beri dokter dan awat instalasi gawat darurat yang sudah layan kita dengan baik alhamdulillah saya sudah membaiksehat selalu untuk tim medis instalasi gawat darurat rswk,Positif
alam obat di sini sangat muas layan ramah cepat dan langsung di tangan,Positif
pertama datang ke sini layan bagus cepat di tangan overall muas terima kasih,Positif
terima kasih banyak untuk layan nya di instalasi gawat darurat walaupun lagi sedang rame awat cekat dan sigap dalam tangan saudara saya sekali terima kasih untuk awat dan dokter jaga instalasi gawat darurat,Positif
layan di instalasi gawat darurat sangat baik awat dokter ramah konsultasi jadi nyaman jelas sangat jelassabar dalam jelas kepada saya yang orang awam terima kasih,Positif
alam obat ke rumah sakit wijayakusuma tengah malam masuk ke instalasi gawat darurat dengan kondisi nyeri perut dari mulai langsung di tangan perawatdiperiksa sama dokter dan alhamdulilah sembuh,Positif
terima kasih atas layan nya tepat waktu fasilitas ckp bagus bersih,Positif
obat ke instalasi gawat darurat rumah sakit wijayakusuma sangat memuaskanpelayanan dan tangan nya cepat,Positif
layan awat dan dokter di instalasi gawat darurat sangat tidak baik dan tidak profesional saya sudah sakit tapi hanya periksa saja itu saja untuk periksa tunggu tengah jam sudah daftar juga padahal tetapi awat dan dokter di instalasi gawat darurat tidak tangan dan beri obat apa sama sekali malah canda sampai tertawa bahak bahak dengan kencang hingga menganggu semua pasien di instalasi gawat darurat pada malam itu semua pasien di instalasi gawat darurat juga tunggu untuk tangan lanjut dan saya sudah sampai tunggu hampir 2jam telah periksa tetapi tidak ada tangan lanjut sampai saya sendiri turun untuk tanya langsung padahal saya sudah sangat sakit tetapi jawab awat dan dokter di instalasi gawat darurat dengan santai hanya bilang tunggu ya dan habis itu juga masih belum ada tangan lanjut sampai akhir saya putus untuk pindah ke rumah sakit lain dengan ada sakit tengah mati karena sangat kecewa dengan layan di instalasi gawat darurat rumah sakit wijayakusuma pwt lain kali jangan begitu ya ke pasien lain nyawa orang banyak jadi taruh kasi,Negatif
terima kasih sudah beri layan yang sangat baik dari staf sampai awat nya sangat baik moga sukses dan lebih maju lagi,Positif
tanggal 23 maret 2025 dini hari tiba2 perut saya asa sangat sakit dan lari ke instalasi gawat darurat dkt sempat was was karena yang jaga hny ada 1 orang lalu saya rebah di kasur tunggu tangan lebih lanjut sekitar 10 menit awat grecep tangan saya dan sekitar mau jelang pagi hasil periksa saya keluar dan trnyata rawat jalan doktermya beri bnyk nasihat nyata saya kena kram lambung syngnya tidak bisa claim bpjs sehat tapi telah saya rutin minum obat lama 1 minggu alhamdulillah saya sembuh,Positif
mohon untuk bagi bersih dikamarkecil poliklinik depan poliklinik dalam sangat kotor dan jorok,Negatif
tidak bisa kata apaapa si hanya bilang terima kasih banyak soal layan sini luar biasa bagus dan ramah sekali,Positif
ruang paviliun kresna bersih tangan cepat noted banyak sdm apoteker,Positif
layan baik dan muas awat ramahramah dan cepat tanggap,Positif
layan muas maju terus rswk,Positif
untuk layan ruang gayatri alhamdulillah baik ramah suster tidak mengecewakanterimakasih untuk layan moga makin maju makin sukses,Positif
layan respon cepat ruang bersih drramah awat ramah,Positif
profesional ramah layan dengan hati fast respond dan fasilitas pada alhamdulillah telah rawat inap 3 hari pulih kembali terima beri untuk staff medis dan jajar rumah sakit tk i wijayakusuma purwokerto,Positif
sangat bagus layan nanya awat ramah dokter juga ramah,Positif
layan memuaskanperawat ramahtempat nyaman,Positif
ruang parikesit layan sangat baik kamar nyaman awat dan dokter sangat ramah lingkung juga sangat bersih,Positif
terima kasih atas layan untuk anak saya di ruang kresnasangat baik,Positif
rumah sakit buruk se indonesia,Negatif
layan sudah sangat baik,Positif
awat nya baik baik,Positif
terima kasih atas layan,Netral
rst wijayakusuma layan bagusperawatnya juga cekatantidak membedabedakan pasien bpjs sehat maupun non bpjs sehat,Positif
layan sangat baik ruang kresna,Positif
awat dan tugas ramah ramah dan sopan layan nya juga cepat lingkung rumah sakit wijaya kusuma juga bersih terima kasih rumah sakit wijaya kusuma,Positif
saya ucap kan ibu ribu terima beri kepada semua jajar rumah sakit wijaya kusuma layan nya cepat tanggap awat nya ramah ramah apa lagi awat ugd layan dengan tulus dan saya uckan terima beri yang sangat dalam kepada dokter urology ibu dian kurnia sari spu yang telah mengoprasi batu ginjel saya moga beliu di ikan nikmat sehat serta panjang umur terima beri ibu,Positif
subhanallah rumah sakit wijaya kusuma layan nya luar biasasaya ucap ibu ribu terima beri kepada rumah sakit wijaya kusuma utama dokter urologi ibu dian yang telah operasi kan batu ginjal saya moga belio di ikan sehat serta panjang umur,Positif
sekarang cukup baik layan kamar sudah agak kondusif tidak terlalu ramai ranjang pasien layan parkir lumayan mahal apa lagi nginep kasihan pasien kurang mampu keluarga pasti selalu nginep ini kelas rumah sakit perintah tapi tatif parkir seperti kelas hotel dan mall,Positif
pertama kali rawat disni awal masuk dari instalasi gawat darurat untuk layan awat dan dokter sangat2 responsif dan satset tidak ada beda pasien bpjs sehat dan umum semua layan dengan tulus karena ada kamar sedang full jadi lama tunggu di instalasi gawat darurat dari siang smpe jam 9 mlm baru pindah ke ruang awat kresna 9 dan nyata kamar nya bagus bersih dan awat ac dingin kamar mandi juga bersih ada air panas special nya di rumah sakit ini kelas 1 isi nya hanya 1 bed asa kamar vip krna kalau di rumah sakit lain biasa nya kelas 1 di isi dengan 2 bed pasien overall untuk layan dan bersih wajib kasih bintang 5 terima beri untuk layan nya para dokter awat dan staff mulai dari instalasi gawat darurat sampai ruang awat,Positif
nanang lambat di instalasi gawat darurat nya,Negatif
lama,Negatif
terima kasih karumkit dan jajar atas layan yang baik smoga makin sukses dan berkah,Positif
layan nya oketempatnya juga bersihstaf suster dan dokter pun ramah pokok mantep dari segi layan moga makin sukses selalu rst wijaya kusuma,Positif
saya sedang di rawat di rumah sakit wijaya kusuma purwokertoterimakasih karena seluruh layan sangat baik sangat ramah,Positif
terima beri banyakrs ini layan sangat bagus baik awat maupun dokter terima beri berkat rumah sakit ini saya bisa kumpul sama keluarga lagi,Positif
bangunanya bagus layan baik,Positif
ruang parikesit sangat baik dokter dan bidan sangat ramah terima kasih atas bantu semua,Positif
baik dan muas layan bersih tempat,Positif
layan dan fasilitas muas dan bersih,Positif
tugas piket ksatrian ramah sekali gerak cepat bantu pasien bawah pimpin serda rohman,Positif
tempat yang sejarah di hidup dari bagai tempat ajar rawat jenguk teman sampai rasa rawat lengkap bukan,Positif
terima kasih atas segala layan yang di ikan kepada kami keluarga khusus untuk tim gayatrisangat muas tahan layan kalian,Positif
tempat bersihterjangkau layan juga ramah,Positif
sangat baik palayananya,Positif
layan di dkt sangat muas,Positif
alam kami di ruang parikesit sangat puas dengan pelayanannyajd tau tentang penting hidup sehat untuk diri kita sendiri,Positif
sangat muas dan awat sangat baik,Positif
layan baik awat ramah ramah,Positif
layan sangat baik cepat dan terang kondisi pasien dengan jelas,Positif
layan bagus cepat tanggap dan fasilitas bagus layan ramah dan mudah di paham dalam sampai terang,Positif
ruang nyaman layan ramah fasilitas lengkap dan staff edukasi,Positif
sangat baik,Positif
ruang lama di rawat ruang antaaena bersih,Positif
bersih nyaman awat ramah ramah,Positif
awat dan dokter ramah ramah semua keluh tangan dengan baik dan cepat tempat bersih parkir luas terima kasih rst wijayakusuma walaupun pakai bpjs sehat tetap layan dengan baik,Positif
layan baik tempat bersih rapi nakesny ramah,Positif
untuk awat bagus tmpat juga bersih,Positif
layan nya sangat ramah pegawai nya sangat humble terima kasih atas layan,Positif
rawat inap 3 hari 2 malam layan baik tugas gercep terima kasih,Positif
layan sudah muas d tingkat lbh baik lagi,Positif
alhamdulillah fasilitas baik nyaman segar tempat bersih awat ramah lembut cekat baik sehingga pasien rasa nyaman perhati,Positif
intro do away di rumah sakit sky r u a gang beds versus permeate baik2terima jason,Positif
bagaimana daftar cara online supaya di respon dengan cepat,Netral
suster dan dokter sangat ramah,Positif
ruang tunggu dan rawat inap yang bersih nyaman dan cukup tugas yang ramah dan beri layan dengan baik dokter yang jelas kondisi sehat pasien dengan baik tugas yang sigap dalam beri layan,Positif
layan baik cepat dan nyaman khusus di rgayatri drsutrisno,Positif
terima kasih atas awat yang beri dan dokter juga baik enak untuk konsultasi awat juga baik fasilitas rumah sakit juga sangat bagus terima beri,Positif
awat sama pelayananya sangat muas dan untuk dokter sama awat juga ramah dan baik2,Positif
awat ramah pelayananya bagus dan ruang bersih,Positif
ruang antasena nyaman bersih layan baik dan ramah bpjs sehat benar benar gratis tidak pungut biaya apa,Positif
layan sangat baik tidak ada kendala apa,Positif
terima layan yang kalian ikan untuk keluarga kamisehat sehat selalu untuk kalian semua khusus untuk awat ruang srkandi,Positif
layan nya sangat senang,Positif
alhamdulillah layan di rumah sakit wijaya kusuma memuaskanperawatnya juga ramah dan saya bagai ibu pasien cukup puas dengan layan sini,Positif
layan cepat awat abimanyu ramah dan murah senyum ruanganya bersih nyaman terima kasih,Positif
terima kasih layan sangat muas,Positif
saya jadi sembuh kembali,Positif
layan bagus muas saya di rawat di ruang abimanyu ruang bersih dan nyaman,Positif
layan baikramah,Positif
layan baik dan awat nya ramahh,Positif
mantapp ruang antasena,Positif
alhamdulillah awat baik dokter juga baik awat semua sangat ramah layan sangat bagus alhamdulillah terima kasih atas semua jasa moga kita semua slu dalam lindung alloh swt amin yra,Positif
alhamdulillah layan bagus moga tambah baik dan maju semua,Positif
layan ruang parikesit muas awat sangat ramah,Positif
baru saja ibu saya laku rawat inap di rst wijayakusuma purwokertodari masuk instalasi gawat darurat sampai dapat kamar dan pulang layan muas dan sekarang ruang kamar sudah direnovasisudah lebih nyamanbersihkamar mandi dalam berac dan ada tvy walopun di kls 3 tidak seperti yang dulu alhamdulillah ibu saya sudah baik proses pulang sekarang cepat awat sangat ramah terima kasih rst wijayakusuma purwokerto moga makin maju lagi,Positif
layan cepat dan baik tempat nyaman dan mudah di jangkau,Positif
layan baik ruang wangi,Positif
layan ramah dan muas,Positif
saya rawat di r abimanyu layan sangat sangat baik awat abimanyu sangat ramah rekomendasi untuk awat sini,Positif
untuk layan cukup baik ruang nyaman bersih,Positif
selain layan yang baik pegawai yang ramah kamar yang luas kantin yang lengkap rumah sakit ini juga kental dgn nilai2 islam rumah sakit umum rasa rumah sakit islam pasien laki2 layan dgn tenaga medis laki2 dan pasien perempuan dgn tenaga media perempuan para karyawan tenaga medis perempuan pakai syar moga bisa jadi contoh untuk rumah sakit lain,Positif
layan lambat sekali umum sama bpjs sehat sama saja antre panjang percuma bayar lebih tapi dapat laku samaa evaluasi tuhh kamu punya poliklinik gigi sama bedah mulut,Negatif
poliklinik gigi bedah mulut tangan lambat,Negatif
rumah sakit cepat jangkau,Positif
tempat baik layan di tempat baik tolong tambah layan informasi untuk pasienpasien yang sudah daftar cara online lalu batal oleh sistem karena ada ubah jadwal atau lain supaya kami bisa daftar ulang cara online sudah online dapat antre no9 nyata batal sistem karena ada ubah jadwal dpjp pasien tidak beri informasi akhir harus daftar di tempat dapat antre 40an mohon perhati mas,Positif
rumah sakit nyaman bersih layan dokter awat super ramah terima beri rssiaga medika,Positif
saya ingin sampai terima beri kepada drsetiawan dan awat yang tangan atas perhati dan awat yang beri kepada anak saya dokter tangan dengan sangat sabar dan penuh peduli sehingga anak saya rasa lebih tenang dan nyaman tiap jelas sampai dengan bahasa yang mudah paham buat kami bagai orang tua rasa lebih yakin dan tenangkami sudah beberapa kali temu dengan dari setiawan di poliklinik mata dan anak saya telah jalan dua kali tindak operasi kalazion bersamabulan lalu dan tahun laluseluruh proses jalan dgn baik dan anak saya di tangan dgn penuh tenang dan hati hati kami sangat harga baik serta tulus dokter dalam rawat anak saya moga dokter selalu beri sehat dan berkah,Positif
saya habis sc tgl 3 desember 2025 kemaren kenpa y sc ke 2 sakit luar biasa sangat2 sakit beda dengan yang pertamadi ruang observasi lama banget sampai kedinginansambil nahan sakit jaitan selesai operasi jm tengh 2 baru pindah kmr jm tengh 5 kata tunggu kmr kosongsaya kecewa ko bisa sampai lama banget tunggu nycara angkat pasien pindh ranjang juga kurang pelan ky angkat semangka saja pdhl angkat orang habis oprasi besar harusny sangat pelan2 situ saya kecewakarna saya sakit sungguh benar sakit sampai nang terus,Negatif
trbaik,Positif
sudah baik tambah lebih baiksempurnaaimin,Positif
sangat sangat buruk layan jam jam antre berangkat pagi sampai sore pun belum di apa apain sangat tidak rekomendasi,Negatif
layan thtnya engga banget lelet parah sudah daftar online tapi tetep aza lama bangetdi panggil acak tidak sesuai no daftar percuma lah daftar onlineperan kalau poliklinik dalam sesuai no daftar dari jam 8 sampai jam 11 belum ada panggil hu,Negatif
ruang icu tidak wajar dimana2 pasien masuk icu max 1orang keluarga pasien lahh ini tidak boleh satu pun yang nungguin pasien sudah kritis baru keluarga di panggil memang begitu yaa atur yang saya tanya kenapa keluarga pasien tidak boleh tunggu satu bagaimana ada pasien di dalam dari jam 7 malam sampai set 8pagii di panggil2 sudah kritis rumah sakit tidak etis sama sekali awat di icu kaya awat magang tolong lah bagi icu yang lebih ahli nyawa orang bukan untuk coba2 sampai saat ini pun saya masih kecewa walaupun sudah 8bulan yang lalu,Negatif
layan bagus dokter awat ramah ramahtrimakasih siaga medika banyumas,Positif
kakak saya di rawat di ruang chrysan layan di rumah sakit umum siaga medika banyumas sangat muas dan awat sangat ramah dalam tangan,Positif
langsung ke instalasi gawat darurat krna habis jatuh patah tulang tapi nungguin dokter ortopedi lama banget dari jam set 12 sampai jam 3 sore belum juga tangan padahal pasien sudah sakit tidak ada respon apa saat tanya kata dokter ortopedi sudah hubung tapi belum direspon nah lho memang dokter hanya 1,Negatif
rumah sakit islam salaf dengan layan terbaikbebas parkirdktr ramahruangan nyaman,Positif
rumah sakit baik antara 5 rumah sakit yang pernah saya kunjung layan super ramah baik dokter awat dan tugas lain ruang nyaman dan bersih makananya cukup enaksedikit saran saja untuk tugas kasir di kantin sama tugas tensi belum ke poliklinik kalo lebih humble lagi perfect lah sama farmasi kalo bisa lebih cepat dan tidak numpuk bakal perfect sekali terima kasih,Positif
layan ramahtempat praktek nyaman,Positif
sangat baik dan bersih utama bersih bab si mayit masya alloh poko siaga medika joss dan trmksh sekali kmrn bisa ajar cara bersih bab jenazah yang benar,Positif
masya allah tabarakallah rumah sakit kesayangandari ak pasang pen 2019 sekarang kembali lagi op anak daktil 2025 layan nya masih sama ramahgercepdan nyaman dan untuk humas nya pak samsul baik dan sabar untuk ngondisiin dari ak tasik sampai pulang dari rumah sakit moga rsusiagamedika tetap ada dalam keridhoan allah dan semua crew nya beri kesehatanaamiin,Positif
obat ke poliklinik mata rencana tindak operasi katarak alur tidak jelas kesana kemari kalau engga nanya ke awat pasti bisa sampai sore tolong baik alur nya soal saya liat pasien nya banyak lansia kasi kesana kemari dan lama bagi farmasi terlalu sedikit tugas tidak banding dengan resep yang mereka terima sehingga tunggu obat lama sekali,Negatif
calm and comfortable,Positif
jauh ini lahir kontrol anak tangan dengan baik sat set tetapi bagi saat pendftran bagi poliklinik anak rada judes yang mba mba cewe,Positif
layan kualitas bantu dalam buat rm online layan baik dan ramah,Positif
maaf saya beri bintang satu karena alam saya untuk dua kali priksa di rumah sakit ini layan di bagi daftar poliklinik bedah mulut sangat kurang baik kes tidak pernah ramah tlg lah di mana etika bagai pasien juga layak untuk dapat hak yang baik bukankah sama muslim itu senyum adalah ibadah layan dengan sepenuh hati jangan dgn muka kasar dan bicara yang kasar dan layan yang baik itu laku untuk semua lah dan untuk layan dari dokter cukup baik lah dari farmasi juga cukup baik mohon evaluasi saran dari saya terima kasih,Negatif
tugas di ruang icu ramah dan cekat merespon keluh pasien dengan baik terima kasih untuk layan nya,Positif
ruang tunggu nyaman,Positif
tempat baik layan ramah,Positif
di ruang lari layan di rumah sakit siaga sangat baik awat baik sopanlingkungan rumah sakit jga bersih dan nyaman,Positif
alam saya anak saya pernah masukrsu ini alhamdulillah layan nya sangat baikdan perawatpetugasnya sangat baik dan ramah dokter juga sangat ramahdan baik terima kasih moga makin banyak yang sembuh dan membaikdengan segala fasilitas,Positif
layan lama dan rumit,Negatif
sudah tunggu antri lama 4 jam tapi belum ditanganifisioterapi kalo duduk terlalu lama pinggang malah tambah sakit mohon evaluasi,Positif
mohon tambah lagi untuk jadwal praktik fisioterapi karena kapasitas antri dan layan pasien sudah sangat lebih,Positif
untuk pol bagus tetapi tunggu obat lama banget ada 2 loket tetapi yang jalan hanya 1 2 jam lebih tidak dipanggilpanggil cabut gigi bius sampai mau habis senudsenud banget ekspresi istighfar obat tidak jadijadi,Positif
tempat bersih dan nyaman layan juga cept,Positif
ibu saya celaka langsung di bawa kesini tanpa alam lebih dahulu pokok bismillah saja nyata datang ke tempat yang sangat tepat tangan sangat cepat dahulu pasien transparan seluruh staff awat sangat rapi bahkan untuk staff kantin juga seragam sangat rapi bersih sekali lingkung dan kamar meski pasien bpjs sehat tapi beri layan vip tidak membeda2kan mereka selalu sisip salam dan doa tiap interaksi moga lekas sembuh ya moga cepat pulih ya sangat sangat rekomendasi,Positif
layan lama padahal yang antre kasir hanya saya sendiri tetapi tidak segera di panggil untuk laku administrasi,Negatif
layan nya ramah dan muas serta cepat tanggap dan respon klau ada adu terima kasih,Positif
layan ramah ramah biaya rakyat serta tangan cepat tahan,Positif
tempat nyaman layan ramah,Positif
alhamdulillah sangat memuaskanruang melati 7,Positif
saya liat kurang nya anggota scurity jadi sistim aman nya tidak bagus kalo bisa di tambah anggota lagi jadi tiap pos ada yang jaga satu,Negatif
lama rawat bangsal anak layan memuaskanperawatnya sangat ramah,Positif
ruang melati layan muas anak saya rasa senang dan sudah sehat rumah sakit bersih dan nyaman,Positif
layan rawat inap ruang melati untuk anak sangat baik dan ramah,Positif
terima kasih banyak untuk rumah sakit siaga medika banyumas dengan layan yang ramah dokter baik2 sukses selalu untuk rumah sakit siaga medika banyumas tmbah maju dengan layan yang lebih baik lagi sangat senang bisa obat kesini sungguh muas layan nya terima kasih banyak,Positif
bismillah amazing sekali ini pertama kali saya obat ke rumah sakit umum siaga medika dan tuju poliklinik bedah umum dari awal registrasi layan dokter medis laboratorium sampai radiologi mereka kerja dengan baik beri jelas dan edukasi pasien dengan persuasif dan tenang tidak ada kendala sampai tahap ini kendala muncul saat saya antri di ruang resepobat tugas yang jaga 3 orang awal saya kira lancar saya tunggu sejak pukul 1148 wib sampai 1345 hingga sabar saya sedikit pancing dan saya tuju ke bagi layan obat 1 saya tanya pak antri x ada kendala apa ya sampai saya harus tunggu hampir 2 jam dan tugas pun kaget dan minta maaf its baik masih saya toleransi mungkin ini bukan lalai di pihak mereka karena mereka ambil obat sesuai obat yang sudah racik dari dalam ya saran saya ayo lah bagi tim racik farmasi lebih gesit dan aware lagi utama dengan antri resep obat yang masuk oh ya kejut sekali tentang parkir gratis dan security depan menyebrangkan kendara dengan baik terima beri negatif point bagi farmasi,Positif
tangan dalam rawat jalan tugas nya sigap dan mudah pasien untuk konsultasi,Positif
layan sangat bagus dan profesional anak saya lahir sini lalu cesar staff dan suster beri instruksi yang jelas dan ramah fasilitas bersih dan rapi salin dicover bpjs sehat semua dan tidak rumit tidak beda kelas tidak beda suku agama juga semua pasien dapat 1 ruang untuk 1 pasien masuk untuk saya yang kelas 3 kami sangat untung bisa dapat di rumah sakit ini terima beri,Positif
bagus n enak tempat nya,Positif
layan baiktempat bersihperawat ramah,Positif
dari ski banyaky dapat orang yang kunjung dan obat di rumah sakit siaga medika memang benar ada klu turut saya pribadiada bagi awat yang kurang sopan santuny tetapi memang tidak semuahanya bagi,Positif
bismillaah alhamdulillah satu bulan yang lalu saya operasi total hip replacement dirsu siaga medikarecommended untuk layan dari dokter dan awat sangat ramah dan sabar layan pasien dan untuk ruang rawat inap sangat bersih terima kasih rumah sakit umum siaga medika,Positif
istri saya operasi bonggol tulang panggul di rumah sakit ini layan rumah sakit ini sangat luar biasa muas dokter dan awat sangat profesional ramah dan peduli dengan pasien alhamdulillah proses operasi istri jalan lancar,Positif
ruang anggrek nyamanyg pasti adem,Positif
muas awat bagus awat sangat ramah terima kasih,Positif
ruang mawar anak benar benar nyaman serta pegawai dan awat sangat bantu untuk cepat stabil anak untuk sembuh,Positif
sangat suka dengan staff layan instalasi gawat darurat nya sangat ramah dan jelas dengan jelas namun seperti untuk yang shift malam bisa di tambah 2 orang saya kasihan lihat nya karena pasien di malam hari sangat banyak dan yang saya lihat staff nya sudah maksimal mungkin layan pasien harus di perhati juga untuk sehat nya tenaga sehat layan masyarakat dengan baik alangkah baik nya tenaga sehat juga di perhati sehat,Positif
terima kasih siaga medika ruang chrsn c24 saya sangat puas atas layan yanv berik kepda ibu saya moga siaga medika ssmakin jaya,Positif
alhmdulillah terima kasih banyak untuk rumah sakit siaga medika yang sudah bantu rawat anak saya lama 8 hari sampai sembuhtempatnya bersih tugas ramah dokter baik dan profesional moga tambah maju,Positif
layan ramah dan tempat nyaman hanya waktu tunggu untuk obat terlalu lama mungkin depa bisa cepat lagi,Positif
layan ramah nyaman sangat baik banget,Positif
alhamdulillah layan nya sangat baik,Positif
layan sangat baik awat nyg juga ramah bolak balik kesini go pernah kecewa terima sekali,Positif
ibu saya di ruang anggrek dapat layan yang bagus mba2 awat baik dan cepat dalam tangan ibu saya terima kasih,Positif
mauberobat malah dimarahinpoli bedah saraf,Negatif
lama rawat ruang chrysan c baik layan sopan tugas makin maju rumah sakit umum siaga medika banyumas,Positif
awat baik dan ramah,Positif
terima kasih rsud banyumas kemarin tetangga saya di wangon pasien jiwa sudah jemput gratis,Netral
layan di ruang anggrek sangat muas awat baikbaik bersih rapi sepi kami ucap terima kasih sekali atas layan yang sangat muas,Positif
saya keluarga pasien di ruang rawat chrysan c 6 alhamdulillah awat bagus bagus baik baik ramah ramah semua layan bagus tanya tnya tidak ada yang judes awat d jawab semua di jelas dengan jelas nyaman jauh jauh dari pangndaran tidak kecewa,Positif
layan di ruang anggrek dari dokterperawatkenersihanpelayan konsumsi alhamdulillah bagus smuatrima beri ats disiplin,Positif
layan rawat inap di ruang anggrek lantai 3 muas tangan cepat awat ramah terima kasih,Positif
barusan tadi saya obat ke poliklinik tht selesai periksa saya langsung bayar ke kasir nyata harga nya 849500 itu hrga turut saya sangat mahal banged walau pun dokter baik dan fasilitas juga bgus tapi dengan harga 849500 itu mahal banged memang beda saat saya obat di rumah sakit jawa timur ya inti nya dengan harga segitu benar benar mahal banged tapi good job juga di rumah sakit siaga medika,Negatif
di ruang chrysan c layan nya bagusalhamdulillah sangat muas terima kasih kepada tugas siaga medika banyumas,Positif
puas dengan layan di medika banyumas awat di ruang crysan c1 ramah dan sopan ibu saya rawat dengan tlaten sampai boleh pulang,Positif
layan di chrysan no 20 sangat bagus awat nya ramah baik,Positif
layan baik awat nya baik ramah,Positif
terima kasih rumah sakit umum siaga medika dan prwt ruang chrysanc alhmdulilah ibusaya sudah sembuh layan bagus,Positif
awat crysan judes2 suka ghibah di ruang awat hei kalian kerja di rumah sakit kerjaanya layan pasien dengan tulus bukan di pasar yang suka ngomongin orang belakang kurang sat set kalo periksa grombolan brisik,Negatif
awat i ruang crysan c 02 rekap pasien pulang nya cepet awat cepet perawate tidak judes,Positif
layan baik pasien tidak harus tunggu walau guna bpjs sehat tempat bersih pegawai dan dari sangat ramah,Positif
fast response,Positif
chrysanthrax c 06tidak ramah infus habis sudah lapor 2x ktanya nanti utama yang saat jaga mlm ktanya tunggu keliling sedang awat sedang canda semua awat jutek dan judesmohon di tingkat disiplin dan butuh pesien,Negatif
terima beri rumah sakit siaga medika banyumas khusus tim medis ruang icu yang telah beri layan prima informatif dan keluarga atas tiap kondisi awat pada anak saya,Positif
adik ipar saya di rawat d ruang isolasi lantai 3 layan baik bagus dari suster dokter security tapi d saat pasien d suruh pindah k icu kata biar lebih intensif layan nya malah 180 derajat layan nya buruk suster jaga malam nya 2 cwe 1 cwo adik saya sakit msalah nafas di ruang isolasi masalah oksigen bagus masuk k icu kenapa malah lebih parah nafas nyapasien saja rasa ini oksigen nya kurang keluarga komplain tlong d cek kenapa jawab suster malah kasar ini sudah sesuai sop nya kata telah keluarga pasien marah2 nyata ada bocor di salur gas yang untuk oksigen nya itu gilir sudah jadi itu suster jawab nya saya pkir tadi habis d pakai makanya bagus harus kan keluarga komplain tolong d cek dulu ini malah sikap kasar dluan masa nyawa orang d untuk main2 heran tolong itu di training lagi kalau mau jadi suster sudah tau d icu sudah kritis bukan nya ngademin pasien dan keluarga malah sikap kasar kalau d ruang isolasi saya aku bagus tapi suster d icu tidak bagus darikebersihan bagus semua gedung rumah sakit sekian masuk dari saya keluarga pasien yang telah kehilanngan adik ipar saya 2 minggu lalu sila d cek pak direktur pak pimpin untuk d evaluasi kembali,Negatif
saya mau beri nilai plus untuk rumah sakit ini walau pun saya hanya 4 jam di rumah sakit ini qadaruallah ibu orang tua pasang tinggal belum tinggal liat perawat2nyaa baik sopan tidak ada raut muka judes atau gmn2 pun untuk administrasi pun sangat cepet tidak ada dbikin sulit semua moga allah jaga rumah sakit ini dalam penuh berkah,Positif
pelayananya baik ramah dan tempat nyaman,Positif
anda puas kami bahagia,Positif
layan bagus pasien bpjs sehat dan umum layan di sama rata kantin makanya sangat enak dan ruang rawat inap sangat bersih terima kasih siaga medika banyumas,Positif
layan nya bagus suster nya juga baik ko saya suka dokter nya juga baik,Positif
layan buruk tunggu obat lama sekali hampir 2 jam loket farmasi ada 2 tapi yang di pake hanya 1 doang,Negatif
maaf mau tanya kalau mau usg ke bunda arif apakah bisa lngsung datang atau harus minta rujuk dulu ke faskes pertama agar bisa pakai bpjs sehat,Netral
terima beri rumah sakit umum siaga medika saya habis salin layan sangat luar biasa hanya bs ucap terima beri moga rumah sakit umum siaga medika tambah sukses aamiin ya robbal alamin,Positif
tangan ke pasien sangat ramah masuk instalasi gawat darurat tangan dahulu dahulu pasien baru masuk ke daftar ruang sangat hening sangat nyaman guna untuk istirahat sama pasien yang di rawat dan tiap selesai sholat wajib pasti ada kaji yang di salur ke semua ruang dan awat ruang mawar sangat ramah,Positif
layan prima untuk semua sistem,Positif
alhamdulillah sangat baik layan,Positif
rumah sakit umum dengan layan dan fasilitas baik,Positif
sangat buruk dalam layan masa pasen sakit suruh di jemput plg tanfa alas yang jelas,Negatif
layan cepat tempat bersih,Positif
terima beri atas segala bantu layan baik dan pegawai ramah saya jauh dari banjarnegara sengaja pilih rumah sakit siaga medika untuk obat,Positif
bbrpa hari yang lalu nenek sya dii rawat di siaga medika waktu di instalasi gawat darurat smua baik ramah ehh waktu sudah pindah ruang ad prawat yang masukk bawa air impus untuk ganti kami jga belum blng mrk sdah taau tetapi yang disyangkan beliau masuk tnnpa permisi dan basa basi biasa permisimaaf mau ganti infus dulu ya bupak sama skli tidak smpai mau pergi tdak ada satu kata pun sampai saya blang terima kasih eh ya di jawab brti bsa ngmg mohon tingkat lagi ramah jangan krna 1org jelek smuanya,Positif
semua lengkapada disinijangan ragu,Positif
salin di rumah sakit umum siaga medika sangat nyaman kakmulai dari dokter obgynnya yang baik dan humbledan informatifperawatnya sangat sabartlatenramah dan lembutruangan rawat inap bersih dan nyamanmakanannya juga enak sehat selalu untuk dokter dan nakes rumah sakit umum siaga medikaaamiin salam dari mantan pasien preklampsia,Positif
tempat yang tepat untuk layan sehat kita,Positif
parkir motor untuk unjung supaya beri atap tidak hanya parkir untuk karyawan saja yang beri atap sehingga ketika hujan motor akan aman dari hujan ac ruang kurang dingin mungkin perlu servis lagi,Negatif
tuju sekali pokoke untuk obat,Positif
kami siap layan dengan sepenuh hati,Positif
layan awat perempuan jutek posisi ibu mau pulang jadi kita anak dan cucu datang karena ingin jemput sekali bantu bawa barang bawa eh salah satu awat ada yang nyemplong ke teman awat lain dengan suara agak keraskaya piknik saya rasa tidak pantas orang awat ucap kalimat seperti itu apalagi maaf dengan seragam syar harus bisa lebih jaga attitude nya,Negatif
this good,Positif
layan tidak ramah lelet dokter jam praktek jam brapa datengnya jam brapapadahal pasien yang tunggu banyak,Negatif
bagus sekali layan nya masya allah gerak cepat sekali ramah semua dokter suster bidan kemarin saya lahir sini alhamdulillah lancar segala dan tentu islami sekali sukses terus rumah sakit siaga medika berkah limpah dan terus tahan,Positif
saya kemarin kontrol ke dari anak dokter telat hampir 1 jam masih bisa dtrima trus awat beri lihat hasil mantoux nya ke dari nya tapi telah lihat langsung kaya ngalih2in suruh pergi duduk tidak lihat tatap muka nanya sungguh benar jawab kaya marah komunikasi nya sangat sangat tidak bagus saya singgung dan sakit hati atas laku belum cek lab dan rontgen tapi tidak di jelas hasil alhasil saya ke dari anak lain untuk minta jelas minta tolong di bilangin ke dokter suruh jangan kaya gitu ke pasien ramah tamah biar kita juga neng dan puas apa karena saya pake bpjs sehat bukan umum,Negatif
untuk semua sudah bagus,Positif
layan fasilitas sangat okee tenaga sehat nya profesional dan ramah tidak beda antara px umumbpjs,Positif
kadang kidingsudah cukup sampai bingung beri ulas,Positif
penanganganan nya cepat,Positif
klinik gigi dateng dari pagi nyampe jam 4 belum di tanganin mau kontrol anak kecil nyampe sekarang belum di panggil2 antrianya gila segitu lama,Negatif
tangan cepat efisien alat relatif lengkap fasilitas baik,Positif
dokter dan awat ramah layan rekomendasi fasilitas muas tidak usah ragu pokoke sangat baik,Positif
layan sangat baikperawatnya ramahuntuk rawat inap suasana tenang nyaman,Positif
tolong perhati layan loket farmasi tunggu obat dari jam 1 sampai jam 6 sore belum dipanggil2 saja sudah bawa anak kecil kasihan sudah jauh pula tolong lah,Negatif
muantaf moga manfaat untuk ummat,Positif
bagus haruss di tingkat kan lagi pelayanann agar lebih bagus baik,Positif
layan bagus banget dokter ramah banget,Positif
saya ke rumah sakit ini karena saya sudah obat di 2 tempat tetapi belum baik saat saya sampai sana langsung suruh tidur dan mulai di cek tensi dan lain - lain lalu tunggu dokter periksa nah kata dokter harus cek laba iyain hasil normal semua jadi suruh pulang tetapi aneh tidak di beri obat apapuncuma surat hasil lab doangmlh suruh nerusin minum obat yang dari obat sblumnyamana tidak dijelasin sakit apa kekgaje ahbegitu bayar ke kasir beh gin doang biaya nya mpe gin wkwkwk,Negatif
layan di poliklinik cepat serta ramah,Positif
layan bagus dan ramah moga tahan dan tingkat,Positif
luar biasa,Positif
layan ramah dan cepat,Positif
layan bagusperawat ramah,Positif
layan ramahsemoga tingkat,Positif
layan sangat bagus perawatdokter dan tugas sangat ramah rumah sakit sangat bersih,Positif
lumayan bagus muas,Positif
bismillah ijin beri kritik dan saran mohon tugas daftar lebih ramah lagi yaa jelas cara rinci karena tugas daftar adalah tempat pertama pasien masuk tidak semua pasien atau keluarga pasien itu orang yang paham teknologi didik tinggi atau masih muda orang tanya betul2 malah kena ketidakramahan tugas bisa lebih jelas pelanpelan dan tidak semua yang datang pasien lama yang sudah paham sistem atur rumah sakit memang sini harus paham kode kode tugas tanpa pakai kata2 mohon di perhati lagi cara komunikasi yang baik dan benar terima kasih demikian moga bisa jadi masuk,Negatif
muas terima kasih,Positif
layan ramah juga cukup cepat,Positif
management bagi humas responsif untuk staff front office harus lebih komunikatif tentang administrasi pasien untuk nurse sudah baik layan untuk farmasi ipd cepat dan tepat dalam beri obat pulang untuk nutrisionis dan pramusaji baik untuk house keeping ipd baik dalam jaga bersih moga fasilitas tambah bagus dan jadi rumah sakit rujuk baik di banyumas sekian sehat dan bahagia selalu semua,Positif
layan sangat muas hanya antri obat lumayan lama,Positif
bagusramah,Positif
pertama jatuh dari tangga tapi saya lgi ke ada an hamil tua lalu saya oprasi angkel 1 minggu mau untuk kontrol ahkir nya untuk ceasar ke lahir alhmdlla luar biasa,Positif
saran saja untuk layan loket daftar di bagi loket 3 utama untuk mas nya jangan terlalu sombong kita hanya nanya bisa jawab dengan baik karena engga semua paham dengan prosedur daftar di rumah sakit 04 februari 2025,Negatif
sudah baik layan joss,Positif
layan profesional dan ramah,Positif
layan sangat bagus dan memuaskanterima beri untuk smua staf dokter dan perawatdan satu lagi solat mesjid sangat nyaman,Positif
alhamdulillah semua sesuai harap,Positif
alhamdulilalah p3layanan sangat baik dan muas tugas ramah dan sabar,Positif
layan ke pasien sangat ramah dan sahabat,Positif
layan baik kami puas,Positif
layan bagus tempat bersih tidak rumit dokter paramedis ramah,Positif
layan cepat sangat baik pokok,Positif
layan yang baik tugas nya ramah moga kita semua selalu beri sehat aamiin,Positif
sangat baik dan pelayananya sangat muas,Positif
ruang vip nyaman tempat dokter awat dan tugas lain ramah dari awal di instalasi gawat darurat antre lama karena pasien banyak tapi layan cepet dan langsung tindak ada keluh langsung tangan layan cepat tempat nya bersih untuk layan farmasi juga tidak terlalu lama saran untuk bagi daftar harus ada satpam yang arah jadi pasien dan keluarga yang antar tidak bingung alur,Positif
assalamualaikum wr wb ijin beri ulas dasar alam pribadi saya jalan 2 kali operasi di siaga medika pada 2024 lalu singkat saja waktu tunggu di instalasi gawat darurat asa lama sekali padahal sudah sangat sakit sampai sesak nafas ada awat yang pakai saya oksigen sehingga sesak nafas kurang tapi awat lain kata tidak perlu oksigen alas sesak nafas karena sakit mungkin harus sama persepsi antarperawat sehingga tidak timbul kebingunan bagi pasien dan keluarga yang tunggu telah operasi dua lepas pen saya taruh di ruang serta pasien lain yang juga habis jalan operasi ketika saya baru sadar saya rasa sangat dingin lalu kata ke awat cewe mba saya dingin tapi jawab dengan sangat kasar dan judes semua juga dingin mba awat cewe tua jujur saat itu saya sedih beberapa waktu telah itu saya makin dingin dan berani diri untuk tanya lagi mba saya dingin dan jawab dengan sangat kasar yang buat saya sakit hati saat itu sabar mba awat cewe tua itu bicara di kursi keliling awat cewe lain jawab omong saya dari jauh mungkin alangkah lebih baik awat milik dekat yang baik dengan pasien misal dalam situasi seperti itu dekat sebentar ke pasien dan bicara dengan lembut maaf mba selimut belum ada sabar sebentar ya insa allah kami cari agar mba tidak dingin lagi mungkin perilaku seperti itu akan obat hati pasien mana mereka sudah sakit cara fisik dan mental karena musibah yang alami untung beberapa menit telah itu ada awat lakilaki yang justru limut saya dengan sangat baik jujur hal yang paling buat saya tidak nyaman di siaga medika adalah perilaku awat cewe beberapa sempat yang judes sekali beda dengan awat cowo yang baik dan ramah sekali bahkan ada awat cowo yang tatap saya tulus dengan tatap memelas lihat saya sakit padahal saya tau dia cape sampai ngos ngosan dorong tempat tidur saya sampai ke ibs untuk operasi baik sekali juga operasi dua lepas pen saya request ke awat cowo agar jahit saya di lepas semua saat operasi sehingga saya tidak ngrasain sakit lagi habis operasi itu karena kalau jahit cabut saat bersihin luka sakit sekali dan alhamdulillah sama awat cowo itu di lepas semua saat operasi terima kasih tenaga sehat tidak cukup hanya milik ilmu sehat tenaga sehat juga harus milik simpati dan empati hadap apa yang alami pasien sehingga perilaku tulus dampak ke sembuh pasien baik cara fisik maupun mental jujur sikap dan ucap baik lemah lembut mereka bisa kurang rasa sakit pasien tidak rasa sakit hati mental karena musibah yang alami untuk dokter di siaga medika alhamdulillah baik dan ramah lebih untuk tingkat hasil operasi dan awat di siaga medika bagus alhamdulillah saya sudah sembuh terima beri siaga medika,Positif
terima beri siaga medika atas layan untuk putra saya sangat baik,Positif
oh memang begini yah cara beri informasi kepada pasien pasien indikasi fraktur klavikula karena jatuh dari atap rumah datang obat pake bpjs sehat harap di laku periksa dan tindak yang baik malah tanpa komunikasi tbtb di kasir di suruh bayar 400rb apakah begitu cara komunikasi lalu apakah benar tidak bisa di klaim bpjs sehat lalu kenapa tidak di komunikasi ke pasien kalo tidak bisa pakai bpjs sehat kali ada bintang juga saya akan pilih itu di laku rontgen tapi pasien tidak di beri ekspertisenya atau bahkan foto aneh,Negatif
kesini untuk rencana lahir karena dekat rumah dan kenal dengan rumah sakit islami bermanhaj salaf meski qadarullah belum jodoh lahir sini pertama kali masuk suasana tenang pegawai religius banyak yang pakai celana cingkrang dan hijab besar juga terap adabadab islami yang tidak semua rumah sakit terap contoh tempat parkir pegawai ikhwan dan akhwat pisah dapat masjid yang besar dan sejuk lagi nyaman masya allah jadi syiar islam asa tidak sulit pegawaipasienpengunjung untuk tetap bisa tegak solat tepat dan lima waktu telah solat juga biasa ada kaji di masjid makin buat hati tentram dan paut akan masjid salin sini penuh terus kata bidan masya allaah hanya yang di sayang belum ada jenis eracs moga allaah berkah tempat ini berkah seluruh pegawai dan milik juga pasien dan unjung aamiin,Positif
layan online sangat mudah layan dokter sangat ramahcuman kadang tempat duduk kurang,Positif
layan bagus tempat bagu,Positif
layan sangat buruk hanya obat doang yang lumayan cocok bagi saya tapi yang lain sangat buruk ngambil antre online situ juga percuma saya lebih mending obat di rsud banyumas,Negatif
layan bagus ramah terima kasih sudah jadi percaya,Positif
bersih rapi tangan cepat,Positif
alhamdulillah layan sangat ramah,Positif
semua layan baik,Positif
layan sangat bagus di mulai dari instalasi gawat darurat pasien datang satpam langsung fast respon sambut dan terima pasien serta bantu pasien dari mobil ke kursi roda antar ke ruang instalasi gawat darurat dokter dan awat sangat profesional serta cepat dalam nang pasien saran toilet di ruang instalasi gawat darurat agar di tingkat bersih terima kasih dokter yang telah laku operasi sambung tendon pada suami saya tangan sangat cepat dan dokter sangat ramah awat di ruang awat lantai 3 ramah dan profesional serta bersih ruang dan kamarmandi toilet bersih,Positif
rumah sakit bersih rapi nyaman layan nya baik tenaga medis semua baik dan ramah dalam layan prosedur obat di rumah sakit juga jelas dan nyaman,Positif
layan sangat muas kondisi rumah sakit nya juga bersih dan nyaman,Positif
layan smngt ramah dan maksimal kpd semua pasien,Positif
bismillah izin saya beri kritik dan saran mudahmudahan manfaat 1 adab kepada unjung pasien perlu di perhati masalah ramah tamah karena saya liat banyak komplain pada masalah ini seperti jutek kurang peka cuek dan macam dengan itu 2 layan saya sendiri meski banyak kenal sini saya ingin lihat sendiri coba fasilitas nya nyata benar kurang muas malah di bilang kurang sigap 3 komunikasi sudah wajib para staff dan karyawan untuk tingkat komunikasi layan sedikit alam istri saya salin pakai umum kelas 1 di ruang salin lelet tidak ramah itu mbkmbk nya tidak pantas tertawa keras banget senda gurau saat lahir ucapanucapan yang tidak harus di ucap oleh bidan yang bantu salin seperti mbk kok beda dari yang lain bapak lelet si atau tegur yang tidak bangun justru masuk pada ranah rendah kemudian kami di ruang kurang komunikasi awat jaga lalu pada ruang melati saya usah cari informasi tentang anak saya nyata jawabanya kurang enak dan buat hati tidak nyaman jengkel saya tunggu putus dokter anak lebih dsri 2 hari dokter izin mudahmudahan kritik ini bantu karena tau saya dari syafiq   dulu sangat ramah beliau adalah orang yang semangat untuk orang lain bahkan untuk penting dakwah yang mulian ini tetapi lambat laun knp layan seperti ini tetapi di sisi lain saya ucap jazakumullahu khoiron kepada seluruh staff dan karyawan yang baik dan ramah juga sangat bantu lama kami di siaga medika ini mungkin depa harus cepat ada baik baik masalah gaji karyawan jam dinas dokter dan disiplin barakallahu fiikum,Negatif
layan sangat bagus muas dan tugas sangat ramah,Positif
sangat muas layan baik,Positif
hal yang sangat kesan kesini adalah bebas biaya parkir,Positif
baik sekali layan,Positif
sangat baik luar biasa good placegood doctor n nurse excellent service nek sdulur kecelakaanpatah tulang dan lain - lain wis gawa bae nang rumah sakit umum siaga medika banyumasjauh depan manusia daripada uang rekomendasi banget iki aset nang banyumas,Positif
layan sudah baik,Positif
layan sangat baik dan profesional dokter dan awat ramahramahkamar ac dinginmasjid bersih dan lumayan luaskantin nya murah2 barokallahu fiikum untuk owner dan semua staf di rumah sakit siaga medikasemoga tambah sukses dan selalu manfaat untuk umataamiin,Positif
puas sama pelayanya,Positif
baik dan informatif,Positif
bagus dan tanggap,Positif
layan ramahtop sukses selalu untuk rumah sakit umum siaga medika banyumas,Positif
layan sangat tidak ramah,Negatif
layan publik sangat bagus,Positif
layan nya muas dan nyaman,Positif
tempat bagus bersih layan cepat,Positif
rumah sakit luasbersihcumapelayanannya superduper leletmau sampedapet kamar rawat inapajaampelebih dri3 jamsumpah inirumah sakit paling lelet di indonesia x yadokter nya kalau cekcuma sebentar bahkan g sampehitungan menit bisa di bilang hitung detikstaff nya g ramahdan semua g komunikatifpas nanya ke staff nyamalah jwbannya jutekyg satu angkat kaki ke kursi sambil fokus main gamepadahal rumah sakit nya bagusmengutamakan agamatp layan nya minus bgtapalagi staffnya pada judes bangetapakarna guna bpjs sehat jadi di sepelekanjgn hanya di tindak lanjut dllharus ada evaluasisebel bgtyg koment sat set pelayannyadi bagi apa sudah dan apa pake bpjs sehat atau pribadi,Negatif
untuk kerja sini tolong lebih ramah lagi banding rumah sakit belah jauh banget lho rasa peduli ramah juga gaada liat pasien bingung pun tidak peduli tidak tanggap saja untuk layan,Negatif
terima kasih untuk layan dari semua staf baik bagi medis maupun non medis pelayananya sangat ramah dan semua staf sangat komunikatif sehingga mudah saya dalam proses sembuh unggah fraktur,Positif
lelet sekali tolong baik lagi sistem atau di tambah lagi dokternakesnya saya tunggu dari pagi sampai mau sore baru panggil,Negatif
layan nya sangat baik bisa cepat selesai,Positif
baik layan baik,Positif
layan di rumah sakit ini bagus,Positif
layan bagus awat ramah ramah,Positif
layan bagus bila perlu di tingkat,Positif
layan pasiem sini sangat memuaska,Positif
alhamdulillah layan baik,Positif
terima kasih,Netral
sudah baik,Positif
priksa ke dsa indikasi kena fimosis suruh sunat rujuk ke dari bdah tunggu smpe jam 2 ktmu dokter blngnya gpp gausah sunat efek ke tumbuh kembang anak trus yang mau tnggung jwb siapa skrng nma dkternya dokteredy,Negatif
layan cepat ramah dan bagus,Positif
cukup strategis dan luas parkir juga lumayan luas,Positif
layan baikramah,Positif
sejak awal kalau unjung siaga medika selalu alami mudah,Positif
layan nyaman,Positif
sangat bagusdan saya sangat puas,Positif
layan sangat baik dan muas,Positif
pelayanya sangat baik,Positif
layan bagus muas,Positif
layan yang cepat dalam tangan pasien,Positif
layan sini baik di tangan scara cepat dan tepatsemua pegawai ramah masya allah,Positif
layan baik staff karyawan ramah,Positif
layan sangat ramah dan baik sat set fasilitas yang ada rumah sakit juga sangat nyaman dan ramah lingkung suskes trs untuk rumah sakit umum siaga medika banyumas,Positif
layan cukup bagus dan baik,Positif
layan baik dan kami puas,Positif
di layanin dengan baik,Positif
alhamdulillah sini layan ramah dan profesional masjid nyaman fasilitas lain pada rekomendasi banget kalau deket dan ada modal kalau sakit pengin kesini saya ngantar bapak saya ke poliklinik mata,Positif
pertamaa agak rumit ngurus bpjs sehat karena saat saya mau minta rujuk lagi erorpihak puskesmasa hubung anak sudah agak parah jadi saya ndaftar untuk sementara pake umumdan utunga ada orang baik dari pihak puskesmas susu yang mau bikin surat rujuk dan alhamdulillah yang awala umum bisa di alih ke bpjs sehat walaupun ada sandiwara dulutp telah itu mudah dan enak pelayananaa,Positif
layan dan kera,Positif
medika banyumas memang baik dan sangat kesan,Positif
layan sangat baik ramah dan sopan fasilitas sangat baik,Positif
kalau turut saya layan di rumah sakit ini bagus,Positif
layan bagusramah,Negatif
muas layan,Positif
alhamdulillah rumah sakit nya bersih satset tugas nya,Positif
layan baik ramah dan cepat tanggap,Positif
awat lepas perban brabatbrebet padahal luka baru minggu ngobrol sama pasien pakai bahasa ngapak ketawaketawa dan ngobrol kenceng di ruang awat asa di tongkrong ojek pengkol dokter datang hanya nengok tidak ada 5 menit tidak bisa konsultasi sama sekali karena langsung ganti pasien awat pasang perban cekak jadi copot terus alhasil harus balik lagi untuk minta perban lagi yang ramah hanya satpam dan masmas baju putih bagi daftar,Negatif
semua layan baik dan tugas sopan,Positif
alam puas obat di rumah sakit siaga medika,Positif
layan bagus tidak di beda antara umum dan bpjs sehat,Positif
layan rawat jalan cepat dan akurat,Positif
obat sini layan sudah cukup baik,Positif
layan bagus dan tugas sangat ramah,Positif
layan baik tenaga sehat staf dan karyawan ramah kantin bersih,Positif
layan ramahdokternya baik dan ramah,Positif
poliklinik bedah mulut antre lama2 dari jam 2 sampai jam 6 hanya di beri tau jadwal cabut gigi gilir dh d tentuin datang dokter tidak ada lucon macam apa,Negatif
ramahpenangannya cepat,Positif
layan ramah dan jelas dokter sangat baik dan jelas,Positif
layan sangat baik dan ramah,Positif
bagus cepat dalam nang trhdap pasien dokter dan awat ramah ramah,Positif
tempat nyamanpetugas dan awat ramah,Positif
layan ambil obat lama banget padahal layar sudah tampil nomer antri siap,Negatif
sesuai harap pasien,Positif
layan bagus dan selalu bila ada sulit untuk di tanya,Positif
layan bagus dan sangat ramah,Positif
tempat bersih layan bagus,Positif
tunggu lama sekali di poliklinik dalam antri panjang tapi dokter tidak sampai2 tunggu lagi usg yang super lama gilir nomernya malah saut sama yang dari instalasi gawat darurat belum lagi loket farmasi bagi racik tunggu parah astagaa,Negatif
bapak saya tgl 26 agustus kontrol sini di poliklinik bedah mulut suruh kontrol hari ini tgl 9 september untuk kita jalan dari karangkobar ke banyumas itu jauh saat sudah tengah jalan baru di telfon dari pihak rumah sakit bahwa kontrol suruh undur dan cs saya hubung sangat slow respon apakah tidak ada cs yang standby,Negatif
bersih dan nyaman ruang tunggu,Positif
recomended,Positif
bagus dan nyaman,Positif
layan ny memuaskankamar nyaman,Positif
poliklinik anak gilaa daftar jam 11 kata praktek spa jam 14001600 tetapi tunggu sampai jam 4 dokter belum ada juga banyak yang tunggu dari jam 11 lho krna kata jam 1400 dokter dteng nyata jam 1600 saja belum dateng haduhh ini dokter hartono spa gimana nihh pelayananya payah banget apa memang bisa begitu ya bebas saja mau jam berapa praktek walaupun di info jam 1400 yang tunggu itu anak bahkan bayi yang udh pda rewel krna lama dalam negeri sore udh tunggu dari jam 11 smpe jam 4 sore saat di periksa anak saya hanya periksa detak jantung pke stetoskop sudah 5 menit slesai dan tidak informatif sama sekali dokter hartono periksa 5 mnit bayar 150rb hanya d cek stetoskop apa memang udh saking profesional ya jadi bgitu,Negatif
poliklinik anak daftar jam 11 siang di info dokter spa jam 2sore sd jam 4sore sudah jam 4 sore dan nyata dokter belum datang nyata memang begini kata orang orang yang pada antre lohh kok bisa,Negatif
rekomendasi,Positif
terima kasih banyak rumah sakit jih sudah hadir di purwokerto jadi tempat nyaman bagi kami keluarga saya suami dan 2 anak saya sudah rasa nyaman dan kami bukti sendiri rumah sakit jih adalah rumah sakit baik dari mulai layan dokter dan juga nyaman tempat moga rumah sakit jih makin sukses,Positif
layan cepat rmah,Positif
awal k instalasi gawat darurat karena saat libur di purwokerto saya luka gigit serangga dan mulai keluar nanah jadi minta keluar nanahnyaditanya pakai asuransi pribadi saya jawab asuransi pertama2 datang org bagi kasir bilang kalau mau pake asuransi harus rawat inap tidak bisa instalasi gawat darurat lalu bilang oleh dok jaga igdharus masuk ke kamar operasi dan tindak oleh dok bedah kemudian datang bag layan langgan direkomen untuk rawat inap 2 malam biaya kelas 1 sekitar 30jt an saya terus tanya apa benar harus rawat inap untuk hanya luka bgini akhir info bs one day care biaya 20jtankarena harus laku di ruang operasi sayang sekali kelas jih dokter di instalasi gawat darurat tidak bs keluar nanah akibat luka gigit seranggaterlalu upselling spy org rawat inap akhir saya keluar lagi stelah 2 jam lebih luka saya tidak diapa2in boro2 bersih dulu beda sekali dgn treatment instalasi gawat darurat rumah sakit swasta di jakarta yang pernah saya kunjung sbelumnya dan waktu saya mau pulang mau tagih biaya precare ya ampun kalau saya rawat beneran y gapapa,Negatif
super fastmantaap,Positif
jadwal dokter ubah tibatiba padahal udh ada surat kontrol di tanggal hari ini dan posisi saya berangkat dari majenang sudah berangkat pagi karena kabar jam 6 pagi sudah kasih nomor antre ke 1 tibatiba jam 10 pagi dikabarin tidak jadi praktek gajelas,Negatif
asalamualaikumuntuk info puas lama keluarga kami di rawat di rumah sakit jih saya sangat rasa puas dgn layan dan awat tangan pasien begitu pula dgn program home care nya saya rasa puas sekalisemoga jih lebih maju lgi dan jadi rumah sakit yang beraahlakul karimah dalam layan amiin ya alloh ya robal alamin,Positif
bintang 10 untuk awat luka saya pasca operasi usus buntu dan kista di rumah sakit jih awat komunikatif saat rawat luka jadi tidak terlalu asa sakit,Positif
mahal,Negatif
layan sangat baik bangetterimakasih mb yunita admisi untuk layan excellent sekali full senyum dan ramah,Positif
kemarin sengaja vaksin hpv di rumah sakit jih pwt layan bagus dari awal diarahin sama satpam daftar kemudian di bagus awat tensi dan tanya keluh awat ramah kemudian tunggu dokter spesialis obgyn yang agak lama karena masih ada tindak sc eh tibatiba kasih snack parsley sama tugas karena tunggu dokter yang lama 1 jam tunggu akhir konsultasi sama dokter dokter pritasari sangan informatif dan ramah untuk saya yang pertama kali vaksin hpv tindak juga engga sakit pokok the bagus,Positif
bagus banget bisa online tanpakita harus repot2 kesana,Positif
layan cepat dan muas,Positif
siapa yang bangun rumah sakit ini dan siapa nakes yang kerja sini moga dapat pahala dan hal baik di dunia dan akhirat ya ampun ken nang rasa sama layan ramah sekali saya orang rantau sini rasa layan dengan sangat maksimal tidak beda beda pasien bukan urgent pun tetep bisa buat rujuk ke lab dari instalasi gawat darurat dari satpam ob admin awat farmasi dokter semua laku sop dengan baik terima kasih ya ini bukan scam atau orang bayar saya pure ngetik ini tulus dari hati yang paling dalam terima beri jih ayo buka di semarang yaa,Positif
farmasi nya always lama 90menit tunggu obat dari bayar jangan banyak orang lah pada ngobrol ketawa ketawa ajah gatau itu orang farmasi semua apa bukan yang jelas tidak pakai seragam jih,Negatif
jih purwokerto the bagus lah jazakillah mba retno bagi layan langgan yang sudah sangat bantu dari anak no 2 operasi tht anak no 3 sunat sampai ak sendiri impaksi gigi bungsu layan the bagus,Positif
rumah sakit umum tetapi rasa vip semua staff ramahresponsif gk mandang kasta recommend banget wlwpun jauh bela2in lah,Positif
layan cepat dan baik puas sekali pokok,Positif
masya alloh sekarang di pisah kan yang vip dan yang bukan vip,Netral
masya allah rumah sakit jih purwokerto untuk layan semua sangat muas alhamdulillah rumah sakit baik bagi saya di purwokerto,Positif
alam saya di rumah sakit jih sangatsangat kecewa dan buat saya buang waktu siasia saya sudah datang dari jauh selesai proses administrasi lalu minta tunggu saya sudah tunggu cukup lama habis waktu harga saya telah nanti yang lama itu tugas dengan ringan info bahwa dokter yang saya tuju sudah tidak ada tolong jelas kenapa informasi penting ini baru sampai telah pasien tunggu begitu lama apakah pihak rumah sakit jih tidak milik koordinasi atau manajemen jadwal yang layak ini adalah boros waktu pasien yang tidak bisa terima layan seperti ini sangat tidak profesional dan jauh dari standar rumah sakit international tolong baik sop dan harga waktu pasien anda dan jika anda niat balas review ini dengan minta saya chat ke nomor layan langgan anda tidak perlu apakah dengan chat waktu 60 menit saya yang buang bisa kembali tentu tidak masalah bukan di followup personal tapi di sistem dan etika layan anda tidak rekomendasi,Negatif
estimasi jam 1015 1100 datang sudah tepat waktu jam 1000 sudah tunggu 2 jam lebih sampai jam 1230 tidak ada jelas akan panggil kapan karena sistem antri sangat beranta lompatlompat nyata baru dikabarin jam 1335 kalo baru bisa masuk ruang untuk periksa tunggu 3 jam 30 menit hanya untuk periksa dokter sudah dari lama sistem busuk ini masih saja guna sudah banyak yang komplen sama sistem antri jih purwokerto masih saja tidak ubah baik cari rumah sakit lain saja kalo masih kaya gin terus percuma fasilitas bagus bayar mahal kalo layan kosong,Negatif
baru pertama kali kecewa sama poliklinik tht rsjih antri daftar jalan tapi sampai daftar kata sudah closesudah jauh2 tapi bikin kecewa anak sedang sakit telinga harap ada tindak tapi kecewa dengan sistem daftar online poliklinik tht sabtu 22 nov 2025,Negatif
layan okee bersih,Positif
rumah sakit nya bersih sekali layan okee,Positif
sangat baik banget pelayananya mba yunita solutif dan ramah sekali sangat tidak sesal datang ke rumah sakit yang premium sekali ini,Positif
layan rekam medis di fasilitas sehat ini langsung sangat baik dan profesional tugas rekam medis layan dengan ramah sopan dan cepat tanggap proses daftar hingga ambil berkas jalan tertib dan tidak perlu waktu lama moga kualitas layan yang baik ini dapat terus tahan dan tingkat,Positif
dar saran kalau bisa mesin antri ada yang jaga supaya tidak bingung terima kasih,Netral
layan baik sekali kemarin bantu mas habib di bagi admisi karena lambat rumah jauh sungguh benar satset dan ramah pokok selalu ke jih dari hamil smpe sekarang untuk vaksin dan cek tumbang anak,Positif
layan farmasi yang ada di rumah sakit jih purwokerto sangat muas kemarin saya dari sini dan nyata proses nya cepat dan beri informasi kena obat sangat jelas sehingga gampang untuk erti orang awam seperti saya terima kasih banyak moga depan pelayannannya makin tingkat lagi,Positif
layan nya baik semua utama di bagi farmasi untk serah obat sekarang sudah 3 orang jadi tidak perlu tunggu lama bagus moga sukses terus jih pwt dan farmasi jih pwt,Positif
layan bagus dengan kasir gurit informasi detail invoice dengan jelas dan detail belum bayar bantu komunikasi juga dengan rekam medis untuk lengkap reimbers,Positif
layan cepat ramah dan cara jelas obat mudah paham moga kualitas ini bisa terus tahan,Positif
rumah sakit yang nyaman dan layan farmasi sangat muas untuk kakak farmasi sangat baik dan ramah ketika sedang beri jelas obat kepada pasien dan super sabarnyaa,Positif
layan rumah sakit jih purwokerto sangat bagus dan muas utama untuk para karyawan staff nakes dan dokter nya sangat terampil cekat dan ramah tidak bosan tunggu antri di rumah sakit jih purwokerto karena banyak sekali tempat hibur sudah seperti di dalam mall sukses selalu rumah sakit jih purwokerto,Positif
rumah sakit dengan layan baik di area banyumas purwokerto dan purbalingga yang pernah saya datang dari resepsionis dokter awat ahli gizi tugas rohani hingga cs semua ramah alhamdulillah rekomendasi poll,Positif
layan farmasi sangat baik bagus ramah tempat modern,Positif
layan informasi tentang guna obat sangat baik ruang nyaman gercep dan ramah,Positif
untuk driver ojol tolong kasih kursi tungguapalagi kalau customernya lama sudah kaya upacara bendera diri depan pintu lama sekali,Negatif
layan baik support documen baik banget sabar bagus banget jih purwokerto,Positif
untuk periksa anak antri lebih dari 35 jam belum masuk antre kasir dan obatseharusnya antri berdasrkan datang jadi lbh fairseumur hidup baru kali ini obat paling lama aplg untuk anak kecil 1 tahun antre dokter hampir 4 jam total sama tunggu obat hampir 5 jam untuk kelas rumah sakit non bpjs sehat,Negatif
layan benar benerr the bagus dan gercepp komunikasi admisi billingnya jelas dan detail bgtt goodjob mba yunita,Positif
mau tanya kalo ktp kroya mau lahir di sini pake kis bisa tidak,Netral
beberapa hari yang lalu anak rawat inap di sini suka sekali sama layan di bangsal lily dan bantu sekali sama mba mba yang nama lidy sama mas mas siapa lupa nama mereka kooperatif sekali solutif ramah dan informatif bikin yang tadi tidak ada gambar jadi ada gambar plus kurang cocok sekali sebenernya kalo di bagi mba mba yang biasa info biaya lahir di poliklinik itu nama apa ya lupa,Positif
maaf belum saya kalau sakit selalu di rumah sakit jih tetapi malah anak saya rawat inap krna pneumonia dan mnta cek lab lagi ketika kontrol krna supaya pasti sudah hilang apa tidak malah tidak di boleh dengan alas kasi anak nang sekarang anak saya kena lagi pneumonia saya sangat kecewa dengan dokter yang terlalu peleh sekarang yang repot saya,Negatif
layan seluruh sangat baik ruang nyaman admisi mas arif layan sangat prima dan ramah,Positif
layan dari mulai daftar layan medis akses rekam medis semua sangat muas all is well,Positif
sudah booking operasi malah jadwal di ganti2 se enak komitmen macam apa ini para staffnya,Negatif
layan di rumah sakit jih sangat muas di purwokertodokter dan awat ramah profesional dan sabar dalam jelas tiap keluh fasilitas bersih nyaman dan modern seperti ada dihotelproses daftar cepat dan tertib suasana juga tenang sehingga buat pasien rasa aman dan perhati terima beri rumah sakit jih atas layan baik sangat rekomendasi,Positif
layan sangat baik terima kasih jih,Positif
layan sangat muas dokter awat dan para staff ramah,Positif
tidak nyesel ke jih layan premium tugas ramah dan murah senyum cs mba yunita dan mas yamin,Positif
assalamualaikum rumah sakit jih adalah masuk rumah sakit bagus di purwokerto banyumas dengan fasilitas sangat baik bahkan kalau ingin mewah pun bisa saya khitan sunat anak saya di rumah sakit jih dengan hasil muas bahkan saya pun pernah coba alat canggih scan tubuh mri canggih muas nyaman ramah utama pasien erti baik sekali problem solver para pecah masalah sehat pintar cerdas akhir silah coba sendiri baru yakin sembuh dari allah alhamdulillah dan para pecah masalah sehat dari rumah sakit jih silah coba waalaikumsalam,Positif
rumah sakit jih pwt rumah sakit taraf internasional layan ramah dan cepat fasilitas juga sudah cukup pada dan bagus serta nyaman tingkat kembali serta tetap jaga kualitas dan percaya kepada langgan pasien,Positif
layan sanngat muas dan ramah recomended pokoknga,Positif
terima kasih untuk layan yang sangat ramah,Positif
layan sangat muas awat ramah administrasi juga ramah rumahsakit seperti hotel baik di purwokerto,Positif
staf nya ramah layan bagus terima kasih admisi arif dan dokter niswati,Positif
layan rumah sakit jih masih yang baik tetap tahan dan tingkat selalu kualitas layan hadap pasien terima beri,Positif
rumah sakit rasa hotel layan baik bgtinget banget sama kak yunita admisi rawat inap ramah banget solutif poko bintang 5,Positif
layan sangat baik ramah dan informatif sangat bantu dengan admisi gun dan arif rahman tidak percuma jauh obat kesini,Positif
layan ramah tindak cepat pernah opname di ruang junior suites dengan layan dan kamar yang bersih lengkap dan nyaman sukses jih smg selalu beri layan yang baik bagi masyarakat,Positif
layan baik dari layalia cepat beri solusi mas awat juga baik dan telaten lanjut layan sama mas arif di admisi juga cepat dan ramah terima kasih rumah sakit jih smakin maju yha,Positif
satu kata untuk jih baik,Positif
terima kasih untuk suster bu bidan bu dokter pak dokter,Netral
layan semua nya baik dan juga rekam medis rumah sakit jih purwokerto sangat koperatif terima beri rumah sakit jih purwokerto,Positif
rumah sakit jih purwokerto itu rumah sakit langgan keluarga gedung bgs layan bagus dan cepat dokter awat sangat ramah dan semua staf2nya sangat ramah anak anak kalau ajak periksa ke dokter tidak pernah rasa takut pokok rumah sakit baik,Positif
layan dan sarana prasarana baik d purwokerto,Positif
layan dengan baik,Positif
layan selalu baik staff selalu ramah dan bantu,Positif
layan nya baik respon cepat,Positif
rumah sakit rasa hotel bintang 5 layan bagus selalu utama senyum salam sapa yaa apalagi bagi rekam medis fast respon sekali kalo minta surat terang medis satset,Positif
lokasi bersih dan nyaman layan prima,Positif
alhamdulillah layan yang super duper bagus sekali bersih rapi wangi ramah semua obat dan vitamin juga lengkap,Positif
service exellent rumah sakit jih purwokerto team rekam medis nya ramah cepat layan thankyou yaa,Positif
bayar digital info sudah terap namun kurang di edukasi ke pasien saya mau bayar harus tunggu obat tunggu lagi 2 kali tunggu saran saja pasien keluar hari periksa scan tagih di kirim ke wa pasien pasien bayar digital bisa qris atau va langsung masuk antri obat,Negatif
baik untuk semua,Positif
rumah sakit jawa tengah ter bagus yang pernh ku temuin rumah sakit yang lain minggir dulu,Positif
untuk weekend tolong layan agak cepat karena antri makin tumpuk di bagi farmasi tindak dokter sudah selesai sekitar pukul 1700 untuk serah obat sampai 1823 belum juga bisa layan minta tunggu sebentar tetapi belum kunjung selesai,Negatif
alhamdulillah hr ini ke rumah sakit jih dapat layan excellent dari admisi arif layan dokter dan awat yang ramah dan cepat terima beri jih,Positif
layan sangat ramah fasilitas rumah sakit juga complit,Positif
bintang satu untuk hari ini jam lebih kasir dan obat bawa anak lagi rewel banget,Negatif
rekam medik rumah sakit jih purwokerto layan luar bisa bagus,Positif
masuk sini asa masuk hotel ruang rawat inap anak tidak ada kelas 1 dari kelas 2 langsung vip tetapi kelas 2 anak ada bed tunggu kelas 1 untuk 1 pasien tetapi tidak ada bed tunggu vip bisa request menu makan untuk lahir kalau tidak salah dapat free naik 1 kelas cmiiw layan banding sama harga terima kasih jih,Positif
rumah sakit nyaman sekalibersihpelayanannya sangat muas anak saya pun tidak rasa takut kalo ke rumah sakitsukses selalu rumah sakit jih,Positif
layan baik ramah muas terima kasih rumah sakit jih moga makin besar makin kembang pesat,Positif
awat ramah baik dan cekat ceket tempat bersih dokter ramah,Positif
rumah sakit yang nyaman dan aman pelayannan bagus banget alhamdulillah saya dan kelurga cocok di rumah sakit jih purwokerto moga rumah sakit jih purwokerto makin bagus layan dan makin jaya,Positif
dokter spanya bagus especially dari yudha hhi biaya sesuai,Positif
rumah sakit dengan layan ramah ruang tunggu yang nyaman bersih aman,Positif
tugas laboratorium tidak informatif tugas laboratorium belum paham apa yang mereka kerja di lab ketika jadi salah tugas laboratorium tidak mau tanggung jawab atas lalai yang mereka laku saya laku tes igra dengan bawa surat sehat yang saya minta isi sesuai dengan tunjuk isi tugas sanggup isi tapi telah bayar laku dan hasil tes keluar nyata metode tes igra yang laku tidak sesuai dengan metode yang saya minta di surat sehat kompensasi yang beri rumah sakit hanya diskon periksa lanjut tugas administrasi dan tugas laboratorium perlu beri edukasi kena layan yang rumah sakit sedia sehingga pasien tidak rasa rugi,Negatif
pelayananya super ramahsuasannya juga bagusrumah sakit tidak terlalu ramai mungkin karena tidak terima bpjs sehat,Positif
dokter kompeten dan layan super bagus,Positif
tempat sangat nyaman layan luar biasa bagus seluruh tugas rumah sakit sangat sopan dan sangat cepat saat minta bantu,Positif
selalu jadi rumah sakit andal saat si kecil sakit staffnya sangat ramah sangat bantu sekali mulai dari staff daftar dokter awat sampai bayar obat terima kasih,Positif
rumah sakit favorit keluarga cepat dalam layan,Positif
layan hotel bintang 5 benar benar sangat bagus dan sangat profesional,Positif
layan bagus untuk rumah sakit kelas premium baik dokter ramah dan sopan tenaga k media lain juga sangat ramah,Positif
anak sakit saat weekend untung di rumah sakit jih ada dokter spesialis anak yang praktek bantu sama mba rr vita yang gercep untuk informasi dsb sungguh sangat bantu saya dan layan dari yudha yang ramah dan informatif sungguh benar tambah nilai plus untuk rumah sakit jih ini moga layan yang baik ini tetap tahan terima beri,Positif
tempat nya nyaman sekalipelayanan nya bagus,Positif
mungkin saat ini rumah sakit jih satu2nya rumah sakit di purwokerto yang sudah mengunakan fasilitas yanv modern dan nyaman layan syariah dan profesional teknologi sehat canggih dan layan rawat jalan dan rawat inap yang lengkap moga rumah sakit jih bisa jadi rujuk bagi rumah sakit lain di purwokerto utama rumah sakit perintah sehingga bisa jadi lebih baik lagi,Positif
rumah sakit jih prima dalam layan serasa di hotel,Positif
layan nya sangat ramah dan cepat rumah sakit bersih dan mewah ada cafe juga alat lengkap pokok recomended sekali,Positif
tempat sangat baik dan nyaman dan lain - lain,Positif
rumah sakit rasa hotel layan ramah satset dan fasilitas juga lengkap baik,Positif
bantu tugas mba rr vita yang sangat informatif dan komunikatif sekali sangat bantu proses dari registrasi sampai dengan selesai tempat nyaman dan bagus sekali rumah sakit rasa hotel adalah jih dengan layan yang sangat baik dan bagus,Positif
rumah sakit jih purwokerto is the bagus hospital in purwokerto sudah layan baik cepat ramah dan tidak pake antri2 mode on tempat nya juga luxury banget bersih kaya hotel bintang 5 karyawan nya juga baik punya utama mba tita sangat bantu untuk informasi2nya sukses terus rumah sakit jih purwokerto,Positif
rumah sakit ramah anak,Positif
bagus fasilitas,Positif
layan ramah walaupun harga atas ratarata tapi worth it,Positif
sangat cepat penangannyaa dokter bagus dan cekat,Positif
saya update review ya karena saya sekarang hanya obat ke dokter spesialis di jih memang punya skill layan juga baik,Positif
awat rawat inap nya sangat baik makan sangat baik layan selalu senyum dan juga layan rekam medis mantep sekali gercep dan fast respon mungkin bagi instalasi gawat darurat nya perlu tingkat lagi utama saat tunggu hasil lab harus jangan terlalu lama,Positif
rumah sakit bagus alam tementemen sini layan outstanding cek lab tidak begitu sakit dan proses tunggu obat di farmasi relatif cepet moga terus tingkat dan terus tahan layan baik nya maju terus rumah sakit jih purwokerto,Positif
datang ke rumah sakit karena makan enak wildan salsabila paling bagus sangat baik markotop,Positif
poliklinik anak 24 jam dbest banget si inidini hari anak skt ttp dlayani dengan baik oleh dktr anaknyaga usah bingung lagi untuk para ibu yang cari dktr anak saat mlm2bgt atau hari libur,Positif
baik fasilitas dan tenaga medis,Positif
baru minta skl lagi ke rekam medis after 2th ngelahirin kira akan gabisa atau abai karena sudah lama nyata sungguh benar bantu sekali sampai selesainyaa sama bagi rekam medis ini thank you so much memang gapernah salah pilih jih purwokerto dari dokter semua staff dan semua bagi fi rumah sakit nya sangat ramah dan helpful tahan terus ya rumah sakit jih,Positif
layan selalu muas,Positif
tempat nyamanbersihdan layan baik sekali,Positif
nice place good service,Positif
rumah sakit ter bagus di purwokertodr pelayanankenyamanan pasienthe bagus sisukses terus jih,Positif
layan di instalasi gawat darurat cepat dan muas terima kasih semua,Positif
layan nya sangat bagus layan di instalasi gawat darurat sangat ramah dan cekatanpelayansn rawat inap juga bagus,Positif
layan di ugd kurang sesuai harap,Negatif
layan cepat dan ramah fast respon ketika pasien butuh bantu ruang nyaman sesuai kelas lah kalau bpjs sehat ya sesuai bpjs sehat kelas satu kelas vvip terima beri,Positif
layan laboratorium bagus tugas ramah layan baik,Positif
bulan nov 25 bpkku obat ksni karena perut sakit di usg nyata ada infeksi usus buntu tetapi kata dokter belum parah bpk belum siap untuk dioprasi tetapi dokter dan suster nya maksa2 dan menakuti2 ke bpkkluarga hadduh jadi tidak betah dan pngn cepet2 plng bpk mnt pulng terus tetapi diulur2 sama suster pdhl sama dokter jaga ada yang ngebolehin plng awal msuk pakai bpjs sehat dan akhir dibolehin plng tetapi pakai umumruangan inap panasbikin tidak betahya sudah alam yang kurang senang,Negatif
alhamdulillah layan baik awat ramah ramah,Positif
saya lahir di rumah sakit islam purwokerto dan sangat syukur pilih rumah sakit ini dari proses salin sama dari amin sp og semua jalan lancar dan penuh rasa tenang beliau sangat sabar komunikatif dan tenang benarbenar buat proses lahir asa aman dan nyaman telah itu bayi saya rawat oleh dari yudha sp a yang juga luar biasa telaten dan ramah beliau jelas kondisi bayi dengan detail dan mudah erti serta selalu beri solusi baik lama rawat inap di ruang albarokah saya dan keluarga rasa sangat nyaman kamar bersih wangi fasilitas lengkap dan tugas sigap tiap kali butuh awat juga ramah sopan dan penuh empati rasa seperti rawat oleh keluarga sendiri proses kontrol rawat jalan pun sangat mudah dan atur tidak tunggu lama dan layan tetap ramah terima beri rumah sakit islam purwokerto dari amin dari yudha serta seluruh tim ruang albarokah atas layan baik alam lahir di sini benarbenar kesan dan insya allah jadi tempat pilih utama untuk awat ikut,Positif
saya bagai pasien baru pertama rujuk ke islam yang pertama saya cari informasi lalu security ada security perempuan saya tanya cara daftar rujuk ke poliklinik dari fk 1 bagaimana tapi security hanya tunjuk saja untuk kesana tidak pandu untuk bagaimana cara dan alur perlu gar bawah tugas security tidak hanya jaga aman saja tapi bisa untuk bantu pasien yang susah dan bingung jadi tolong baik lagi untuk security,Negatif
saya baru selesai dari rumah sakit islam masyallah tabarakallah layan sangat ramah dan satset terima kasih rumah sakit islam sukses dan jaya selalu,Positif
awat instalasi gawat darurat nya mantaf betul,Positif
gedeg banget sama layan layan cs lelet layan ambil obat lelet parah proses ambil obat scan barcodetggu panggil telah dipanggildisuruh bayar kekasirsetelah bayar ke kasir suruh nggu obat lagi 2jam lebih nggu obat belum kelar smpe skrng ampun sudah system apa ini yang salah yang untuk system apa yang kerja dsini kasi yang lansia nggu obat smpe tidur parah ingin ku kata kasar untuk wakil semua orang yang sedang antre obat,Negatif
alhamdulillah rumah sakit islam purwokerto makin kembang seperti visi nya jadi rumah sakit unggul modern dan islami serta bagai rumah sakit didik,Positif
terima kasih untuk tiap layan nya moga makin kati dan makin lebih baik lagi dalam layan nya,Positif
hari sabtu tgl 279 saya rawat di rumah sakit islam purwokerto layan instalasi gawat darurat cepat sekali responnya periksa oleh dokter juga tepat dan rinci sekali telah periksa dan tindak di instalasi gawat darurat selesai waktu tunggu pindah ke ruang rawat inap juga cepat alhamdulillah ruang sangat bersih nyaman dan estetik awat sangat ramah daan makan sangat enak semua juru masak handal bikin makan d rumah sakit serasa bukan makan rumah sakit terima kasih rumah sakit islam sudah layan dengan baik,Positif
maap saya beri bintang 1 karena layan dokter poliklinik leled nya astaghfirullah apalagi bagi sakit dalam,Negatif
alhamdulillah layan baik dan ramah awat juga bantu dengan baik dokter juga informatif,Positif
layan maksimal fasilitas dasar cukup pada,Positif
tidak dunya tidak awat semua lelet banget masya allah tunggu hasil lab doang sampai hampir 2 jam udh gitu hasil udh keluar tidak langsung dijelasin ke pihak keluarga sama dunya malah dunya sibuk banget garuk garukin badan parah banget layan rumah sakit islam padhal igdnya sepi banget pasien demam udh 45 hari untuk jalan saja udh letoy bisa suruh rawat jalan ekspresi kaget parah pindah ke rswh langsung tangan dengan baik lah sat set,Negatif
layan buruk apa2 leled,Negatif
layan yang baik bagus terima kasih untuk suster anggi terima kasih rumah sakit hermina purwokerto,Positif
tunggu obat lama banget karena semua poliklinik jadi satu jadi tidak efesien untuk pasien balita dan lansia kasi kalo trlalu lama tunggu tolong baik rubah agar seefesienn mungkin masa ya yang rumah jauh harus tinggal dlu sdngkan kita sudah btuh obat itu dan saat saya tanya ke bagi farmasi obat sudah apa belum jwbnya lagi racik trs tapi tidak jadi2 pdhal saya bawa anak 9 bulan bayi nang sudah rewel karena tunggu obat hampir 3 jaman,Negatif
hubung saya orang desain marketing jadi saya sampai desain dan tempat signage tanda sekitar rumah sakit tidak seragam beranta susah erti seperti denah poster arah ruang dan lain - lain poster sekitar ruang rawat inap terlalu banyak jadi kesan tidak rapi perlu rumah sakit islam punya konsultan desain branding biar lebih bagus lagi rumah sakit nya ruang as salam kelas 1 aneh denah interior harus posisi bed pasien ada di tengah toilet bisa di belakangpojok bukan di tengah ruang kalau bed pasien di dekat pintu nanti mudah ganggu dengan suarasuara di lorong atau malah yang lain ganggu ketika pasien di ruang tantrum rasa sakit bagi belakang ruang baik jangan ada kaca ke kamar belah jadi tidak privat kelas 1 tidak dapat bantal pasien entah tidak sengaja atau gimana penting belum pasien masuk dan kamar siap agar semprot obat nyamuk dulu karena ada beberapa nyamuk gigitin kami dan kadang ada lalat semut juga baik pest controlnya awat coba regenerasi biar lebih banyak yang muda dan satset dokter spesialis yang tunjuk tidak datengdateng sampai kami stay di sana 4 hari ganti dokter umumjaga lalu dokter spesialis lain yang bukan sakit utama paruparu dan dokter umum datang telah 1 hari lebih nginap mungkin baik buat sistem kpi antara rumah sakit dan dokter agar layan ke pasien lebih optimal layan daftar instalasi gawat darurat seperti kurang orang biar tidak kerepot baik daftar di dalam jendela loket instalasi gawat darurat nya baik tambah speaker biar gampang komunikasi karena banyak noise di luar hubung saya guna layan asransi jadi layan cukup prima mudahmudahan yang bpjs sehat juga ya dari segi harga rumah sakit nya cukup jangkau banyak spot bangun yang perlu baik di gedung lama maklum rumah sakit nya diri dari tahun 90an terima beri rumah sakit islam moga sukses berkah selalu aamiin,Positif
awal februari 2025 awal bapak ku rawat di rumah sakit ini dan ada beberapa alam yang kurang enak lebih banyak alam yang kurang enak banding enak nya 1 layan awat awal rawat ada beberapa jadi yang bikin lumayan emosi waktu selimut kotor dan mungkin sudah ambil sama awat nya soal saat saya dateng bapak sudah tidak pake selimut saya langsung minta ke ruang awat sana awat nya lagi banyak dan lagi pada ngobrol entah ngobrol atau rapat tidak tau saat sudah dimintain selimut suruh tunggu tapi nunggunya lama sekali parah waktu bagi obat saya kira sekali kasih selimut nyata engga itu lho bapak ku sudah lama sekali tidak pake selimut akhir ke ruang awat dua kali baru kasih 2 dokter kontrol parah sekali sudah beberapa kali dokter yang untuk kontrol bapak ku cuti sering sekali cuti saya tidak tau sistem nya gimana tapi ini bikin kurang nyaman dan agak kesel di saya nya mungkin kalau dokter juga sakit atau sering ada penting lain bisa cari dokter lain soal ini pasien suruh tunggu terus 3 daftar pertama kali saya coba daftarin kontrol bapak mungkin baru sekitar bulan lalu ruang daftar tidak ada staff sama sekali saya kesana sekitar habis duhur sudah ada 1 orang yang antre satpam bilang staf nya lagi makan siang langsung mikir memang makan siang nya tidak bisa ganti tunggu lumayan lama sampai ada sekitar 4 orang telah saya dateng dan saat staff nya keluar nyata yang jaga hanya 1 orang lah akibat antri jadi tidak kondusif ada beberapa orang yang nyerobot antri karena tidak ada nomor antri sama sekali kalau kurang staff bisa buka loker ya ka tolong kasihan yang punya penting lain telah saya baca review yang lain nyata problem nya lumayan mirip semua harus lebih benah lagi ya baik sistem,Negatif
baik ramah bersih mumpuni,Positif
layan sangat ramah dan baik,Positif
ruang flamboyan ruang bersih awat ramah dan baik,Positif
gatau pemikiranya sistem yang terap kaya gimana lagi orang sudah lihat sakit lemes butuh infus tapi tidak saran untuk opname malah boleh langsung pulang itu pasien butuh infus butuh rawat inap apakah seperti ini standart rumah sakit islam purwokerto pakai bpjs sehat di nanti2 terus guna bikin bpjs sehat apa harga orang sakit apalagi ada darurat yang punya keluarga harus tau gimana perasaanya jika itu keluarga kalian,Negatif
telp operator saya ucap assalamualaikum operator tidak jawab malah diam saja ini rumah sakit islam apa kafir,Negatif
kualitas satpam buruk di minta tolong untuk nyalain lampu laktasi saja tidak mau padahal pasien adalah ibu dari bayi yang baru 8 bulan yang butuh banget asupan asi alhasil susu d lorong,Negatif
tunggu obat terlalu lama masa tunggu obat 3jam lebih orang mau obat masih saja harus tunggu 3jam dalam hal ini sangat kurang profesional efisien mohon di benah lagi,Negatif
maaf walau ini musibah tidak ada yang tau tolong lah layan gercep kaka saya celaka robek parah belum dijait sampai 2 harientah nungguin apa apalagi suster tanya bertele2 jawab sambil ketawaketawa kira lucu,Negatif
bersih dan nyaman,Positif
untuk layan psikolog nya paripurna sekali lah terima kasih untuk semua solusinyadokkeren,Positif
rumah sakit nya bersihnyaman awat nya sangat ramah sekali murah senyum,Positif
baru kali ini ke rumah sakit obat sampai habis mana tunggu berhari2 parah si,Negatif
maav yaa brdasarkan alam pelayanana sii bagus cmn dokter spesialis kulit dan klamin yang bad attitudesakit hati banget pokoka sma dok tuhklo bza dbnerin lgi attitudea,Negatif
2 kali anak rawat inap disinidari segi layan sangat baik markotopapalagi saat di instalasi gawat darurat pada gercep sekali ruang rawat inap awat baik2 malah sering ngledekin anak sayaanak tidak buat takutminta diprint gambar2 kartun juga dilayaniyg tidak enak mistis itu yang selalu bikin takutanak pertama guling2 kaya orang kerasukankemarin anak dua jam tengah 12 malam teriak kata ada monster mau ambil perutnyawaktu itu rawat inap karena diare,Positif
terima kasih untuk layan sunat di rumah sakit islam ini,Positif
layan sangat baik pokok sangat baik,Positif
layan ramah gercep,Positif
rumah sakit islam pelayananya sangat baik utama awat sama dokter nya baik dan fasilitas nyaman,Positif
layan ramah tunggu hasil lab juga tidak terlalu lama terima beri banyak atas layan   ,Positif
baru saja tes narkoba dan minta surat terang sehat di sini untuk syarat daftar beasiswa proses cepat dan layan sangat baik harga juga jangkau tadi bayar total 231rb rekomendasi,Positif
terima kasih untuk layan kepada kami kait urus surat sehat dan bebas napza dengan biaya yang jangkau,Positif
saya ronsen saat tanggal libur dan hasil baca ronsen di kirim ke wa tetapi tidak ada jelas hnya kirim pdf saja di tnya maksud gmna pnjelasannya harus tindak atau bgmna tetapi tidak ada balas sama sekali,Negatif
rumah sakit nya bersihpelayanan baik,Positif
layan dan attitudenya 0 persen,Negatif
mantep pokok jos dari instalasi gawat darurat sampai dpet ruang semua sat set dan layan ramah makan untuk pasien juga sangat enak tetapi kdang terlalu manis bnget he e e e smoga rumah sakit islam makin maju depan,Positif
rumah islam purwokerto adalah salah satu fasilitas layan sehat yang beri layan medis kualitas di wilayah purwokerto dengan dukung tenaga medis profesional alat modern dan sistem layan yang organisir rumah sakit ini mampu beri rasa aman dan nyaman bagi pasien dan keluarga fasilitas yang sedia cukup lengkap mulai dari instalasi gawat darurat 24 jam layan rawat inap dengan bagai kelas laboratorium radiologi hingga poliklinik layan di bagi daftar cukup cepat dan sistem antri sudah integrasi cara digital sehingga meminimalisir waktu tunggu bersih rumah sakit jaga dengan baik dan tugas bersih sigap kerja staf awat ramah dan responsif hadap butuh pasien dokterdokter yang tugas juga komunikatif dan beri jelas yang jelas kait diagnosis maupun rencana obat satu hal yang bisa tingkat adalah sedia lahan parkir yang masih batas utama pada jamjam sibuk,Positif
tunggu obat hampir 1 jam lebih jam 1754 kurang nyaman baru pulang dari rumah sakit islam jam 1842 resep obat belum selesai,Negatif
para tenaga medis ramah ramah,Positif
istri saya rawat di rumah sakit islam purwokerto dapat layan yang sangat muas kelas 1 kamar 1 tempat tidur beda dengan rumah sakit lain yang kelas 1 biasa isi 2 pasien fasilitas baik ruang bersih dokter informatif layan ramah,Positif
layan baik terima kasih rumah sakit islam,Positif
untuk layan rumah sakit islam purwokerto sangak baik dari instalasi gawat darurat sampai ruang rawat inap dokter awat dan tugas lain sangat ramah ayah saya rawat inap di ruang arafah dan tangan oleh dokter spesialis saraf untuk periksa juga lengkap ada ct scan dan bisa mri juga terima kasih rumah sakit islam purwokerto,Positif
layan informasi kurang cara komunikasi staff beberapa ada yang kurang sopan awat kurang sigap dan kurang respect hadap pasien masih kurang jujur dalam uang utama staff yang urus kantong darah administrasi tanpa kwitansi sehingga pasien bayar 2 kali karena administrasi pertama tanpa kwitansi masa bayar double ini sama saja peras karena manfaat ketidakfokusan keluarga pasien yang sedang kritis saya harap bisa baik,Negatif
layan baik ramahh dan tempat rapi,Positif
terima kasih atas layan yang sangat baik semua sudah baik moga rumah sakit islam purwokerto makin maju,Positif
layan baik dokter dan awat nya ramah dan baik2 semua,Positif
layan kurang muas lama proses kabil obat,Negatif
dari awal masuk ke instalasi gawat darurat sampai pindah ruang proses sangat cepat sekali tidak tele tele informasi jelas bahkan untuk pasien yang tidak tau mau dgn dpjp siapa bantu untuk pilih dpjp yang rekomendasi kamar mandi bersih air hangat 24 jam dan langsung panas makan enak tugas bersih baik bersih sekali awat gercep kalo butuh bantu lain lain baik lah sarana prasarana sudah sangat baru dan canggih bagus sekali improvenya moga terus beri layan baik ya rsip,Positif
sangat nyaman dan ramah sekali layan,Positif
terima kasih rumah sakit islam purwokerto dari awal datang awat dan dokter semua yang tugas ramah sekali saya hbs op dengan dari yuhantoro spb dan inap di bangsal as sakinah tahan terus ya untuk layan nya yang bagus dan cekat tetapi tidak asal asal salam sehat semua,Positif
ramah layan,Positif
alam rawat di rumah sakit islam purwokerto di ruang albarokah sangat muas mulai dari tempat awat yang nyaman bersih dokter kandung yang sangat ramah informatif dan muas dalam beri layan serta bidan dan awat yang juga beri layan baik terima beri rumah sakit islam purwokerto moga makin maju dan selalu jadi rumah sakit baik pilih masyarakat,Positif
layan oke antara rumah sakit rumah sakit di pwt lain terima beri rumah sakit islam,Positif
sangat kesan sekali dgn layan semua komponen rumah sakit islam baik dari nyasuster atau awat juga pk satpam rumah sakit islam moga makin hari makin maju aamiin,Positif
pelayana baik dan ramah,Positif
layan bagus dokter yang rawat datang tepat waktu bidan dan awat beri layan yang baik,Positif
rumah sakit andal layan bagusramah fasilitas memadailengkap ruang rawat inap nyamanluas moga selalu kembang dan lebih2 lagi,Positif
saya berterimakasih atas semua layan yang baiksemoga rumah sakit islam selalu amanah dan sukses depan,Positif
layan di ruang assalam ramah dan cepat,Positif
layan bagusdokter dan awat baik tempat nyaman terima beri rumah sakit islam purwokerto,Positif
alhamdulillah sembuh berkat doa dan layan dari awat dan dokter,Positif
layan sangat baikpetugas ramahtempat bersih,Positif
alhamdulillah sejak pertama hadir layan dengan sangat baik dan gercep awat sampai tugas bersih sangat ramah kamar nyaman bersih dan tidak bau rumah sakit sukses selalu rumah sakit islam purwokerto jaga dan terus tingkat layan yaa,Positif
alhamdulillah istri saya salin di rumah sakit islam purwokerto layan baik tangan baik tidak beda beda pasien layan dengan sepenuh hati terima kasih rsip,Positif
tempat yang bagus,Positif
layan sigap dan ramah ruang lebar dan bersih terima kasih,Positif
rumah sakit islam sekarang lebih lihat rapitempatnya bersih layan gercep baik,Positif
ruang nyamanpetugad ramah sudah langgan,Positif
alhamdulillah makin kesini layan makin bagus dan muas awat dan dokter sangat ramah dan sangat bantu terus tingkat layan moga jadi amal jariyah tim nakes rumah sakit islam purwokerto alhamdulillah bapak full cover bpjs sehat lama 1minggu di rawat terima kasih,Positif
layan baik awat ramah dan cekat tempat bersih dokter baik dan ramah moga rumah sakit islam purwokerto makin tingkat terus dalam sedia layan sehat,Positif
rumah sakit bersih layan baik,Positif
layan baik awat ramah dan bersih jaga,Positif
layan bagus dan cepat suster ramah tidak ada beda pasien bpjs sehat dan umum semua layan dengan baik ruang nyaman dan bersih terima kasih rumah sakit islam,Positif
terima beri untuk rumah sakit islam pwt atas semua layananya sama pk dokter yuhantoro dalam negeri semua staf nya saya ucap bnyk terima beri mau layan dengan baik,Positif
sangat baik luar biasa tangan nya terima kasih moga tambah berkah,Positif
ruang bersih dan nyamanpetugas ramah,Positif
kamar rawat inap bagus layan bagus tapi please rangin pake parfum untuk awat karena orang sakit cium bau sengat sekali itu langsung pusing tamu kadang banyak yang dateng tidak ketat jadi berisik ganggu tidur orang belah yang deket pintu masuk rawat inap kasih korden karena kalo malam silau jadi tidak bisa tidur,Positif
saya mau periksa untuk pertama kali di rumah sakit islam memang harus daftar dulu tapi untuk jam siang shift hanya jaga 1 orang padahal yang antri banyak hampir 15jam tidak panggil akhir saya pindah rumah sakit,Negatif
layan baik tempat nyaman,Positif
layan tangan pasien baikcepat dokterperawat tugas baik smg fasilitas gedung makin tingkat baikbersihasri nyaman sukses sll,Positif
layan baik awat ramah,Positif
excellent place,Positif
nyaman tidak mau ke lain hati,Positif
bagus sekali layan nya fast respon kalo ada kendala,Positif
sangat bagus layan gerak cepat,Positif
tempat bersih nyaman tugas dan awat ramah juga rekomend,Positif
alhamdulilah layan muas,Positif
saat dateng ke rumah sakit islam purwokerto sudah banyak ubah layan nya udh lengkap dan cepat,Positif
layan nya lengkap dan ramah alhamdulillah dekat dengan rumah jadi lebih mudah,Positif
barakallah,Netral
alam saya telah unjung rsip dapat lihat layan yang sangat baik dari security administrasi dan tenaga sehat yang tugas,Positif
rumah sakit bersih nyaman ramah dan baik layan,Positif
rumah sakit nya sangat bersih dan layan bagus,Positif
pegawai ramah dan sabar fasilitas juga bagus dan bersihh,Positif
layan medis cepat komplit,Positif
alhamdulillah saya obat di rumah sakit islam ini dokter nya baikdan tempat ibadah dekat prosedur tidak di persulitsegala sesuatu di mudah moga ttp jaya rumah sakit islam,Positif
sangat bagus dari fasilitas nya baik banget terima kasih,Positif
suwun sekali rumah sakit islam saya rawat ngasi mari,Positif
layan nya baik tempat nyaman bersih,Positif
saya terimakash sekali atas layan yang diberikansaya puas rawat disni,Positif
layan maksimal tugas ramah,Positif
layan baik rsnya bersih pegawai ramah dokter super baik anak saya operasi sama dari arif munandar spba jeda 1 hari sudah bisa lari besok sangat baik pokok nyala rumah sakit islam purwokerto,Positif
terimkash atas pelayanannyasudh baik,Positif
layan baik dan ramahtempat bersih,Positif
layan di instalasi gawat darurat sangat ramah dan cepat,Positif
layan di instalasi gawat darurat sangat ramah dan awat terampil saat laku tindak,Positif
layan di instalasi gawat darurat laksana dengan cepat kurang lebih 5 menit lawat terampil dan ramah,Positif
layan di instalasi gawat darurat rumah sakit islam purwokerto awat ramah penangananan cepat kurang dari 5 menit awat nya terampil,Positif
terima kasih untuk layan bagus,Positif
tahan layan yang sudah sangat baik dan sukses selalu,Positif
saudah baik dan memuaskanterus tingkat,Positif
tahan kondisi yang sudah baik terus tingkat layan yang lebih baik lagiterimakasih,Positif
layan baik lama saya rawat,Positif
layan di instalasi gawat darurat laksana dengan cepat awat terampil dan ramah,Positif
terima kasih rumah sakit islam purwokerto layan bagus dokter ramah dan ruang nyaman sukses dan jaya slalu rumah sakit islam purwokerto,Positif
pelayanann di instalasi gawat darurat awat ramah dan terampil,Positif
layan di instalasi gawat darurat sangat cepat awat ramah dan terampil,Positif
layan di instalasi gawat darurat ramah dan terampil,Positif
layan instalasi gawat darurat sangat puas awat ramah dan amil,Positif
layan di instalasi gawat darurat puasperawat ramah dan terampil,Positif
layan apik tur bidane pada ramah2suwun wis rawat dengan baik,Positif
insya allah sudah baik terima kasih,Positif
terima kasih banyak atas nyaman dan layan saya sangat puas dengan layan rumah sakit islam dan bbjs,Positif
layan instalasi gawat darurat puas,Positif
layan baik dan sigap,Positif
tadi mau ke dari anak karena baru pertama kali nanya ke saptam di tanya jawabe sambil hp an cewe sudah antri2 dan jauh2 bilang dari cuti dadak daftar jutek,Negatif
rumah sakit bersih layan cepat dan karyawansuster dan dokter ramah ramahmau dengar apa keluh pasiensemoga rumah sakit islam purwerto makin maju,Positif
maaf saya beri bintang satu kemarin keponakan saya ke instalasi gawat darurat kejang dan tangan kasih obat dari dubur observasi 2jam suhu turun 36 byr umum atur bpjs sehat suruh pulang tetapi awat bilang ini bs kejang lagi tetapi knpa tetep suruh pulang anak posisi bnr2 sudah lemas ini taruh nyawa qt pulang nyata jeda tengah jam tinggi lgi akhre qt pindah rumah sakit alhmdullh tangan diopnm dan ternyta sudah dehidrasi klw ku gin jadi ap2 sp yang mai tanggung jwb untuk ra yang terima rumah sakit hebat dikter hebat terimakadih anda tahu mn yang darurat harus rawat inap dan yang rawat jln banget banget terima kasih,Negatif
maju terus rumah sakit islam purwokerto moga jadi pilih masyarakat,Positif
pelayanane apiksuwun wes rawat dengan baik terima kasih,Positif
terima kasih sudah rawat saya sampai sembuhkaya terus rumah sakit islam purwokerto,Positif
tahan layan yang sudah ada,Positif
terima kasih atas pelayanann yang beri untk bapak sayasaya puas sudah rawat dengan baik di rumah sakit islam,Positif
yang sakit segera pulih tugas sehat ramah dan layan sangat baik,Positif
terimakaih atas pelayananya,Positif
layan sudah baiktingkatkan layan agar lebih baik lagiterimakasih,Positif
maju terus untuk rumah sakit islam jadi yang baik di seluruh duniaamin ya rabbal alami,Positif
lanjut terus layan yang sudah baik ini moga terus maju rumah sakit islam purwokerto terimakash,Positif
layan rawat inap yang saya rasa sudah baikterimkash,Positif
tingkat lagi kualitas dalam layan sehat untuk masyarakat,Positif
rumah sakit nyaman jadi semangat untuk sembuhterimakasih sudah rawat keluarga saya masa sakit sampai sembuh dengan layan maksimal tetap istiqomah dan lebih maju lagi y rumah sakit islam purwokerto,Positif
rumahsakit terbaikdari hamil sampai lahir scdan anak juga sering di rawat sini layan sangat sangat baik terima kasih rumah sakit islam purwokertosemoga sukses selalu,Positif
layan di rumah sakit islam baik rawat jalan maupun rawat inap sudah bagus tugas baik dokterperawat serta cleanig servis sopan dan ramah,Positif
layan rawat jalan sudah layan dengan baik tugas awat serta dokter beri layan dengan ramah,Positif
salah satu rumah sakit swasta baik di purwokerto mudah mudah tetap konsisten dalam layan baik kepada masyarakat,Positif
layan dan tangan cepat dokter dan bidan sangat baik dan ramah kamar pasien bersih dan nyaman parkir luas instalasi gawat darurat 24 jam sangat muas sukses selalu rumah sakit islam purwokerto,Positif
layan baik awat ramahramah,Positif
dulu 2012 ada pasisen korban cela bus sinarjaya sini yah berkat ini rumah sakit bagus semua korban selamat,Positif
tugas ramah ruang bersih cekat tugas terima kasih layan,Positif
layan di rumah sakit islam purwokerto muas bersih jaga tidak beda layan pasien bpjs sehat dan umum awat dan staf cekat,Positif
layan sangat baik rumah sakit bersih ruang tunggu nya nyaman dokter dan awat cepat tanggap,Positif
ruang rawat inap nya bersih awat nya sigap sangat baik lah kondisi rmh sakit masih beranta dan kotor di beberapa tempat karena msh bangun tapi poliklinik nya bersih adem dalam negeri nyaman awat nya sangat ramah sangat baik lah,Positif
layan bagus dan tugas nya ramah,Positif
layan sudah sangt baik dari rumah sakit islam purwokertosaya kontrol rutin dengan dari hernawanperawat dan tugas ramahramahsaya selalu bantu dari pendftran smpai selesai karena saya sulit jalanterimakasih,Positif
layan ramah pasien ramah sosial dan ramah lingkung,Positif
alhamdulillah awat staf dan dokter semua ramah dan baik terima kasih rumah sakit islam purwokerto,Positif
trimaksih sudh rawat bapak saya rumah sakit islam joss,Positif
sekarang pelayanann sudah makin baik sangat baik maju terus rumah sakit islam,Positif
layan ramah sigap tanggap,Positif
rumah sakit baik layan yang sangat ramah cepat tanggap alhamdullilah istri saya lahir cara sc alhamdullilah sehat dan bebe bayi pun sehat tidak ada beda antara pasien bpjs sehat dan umum maju terus rumah sakit islam purwokerto,Positif
terima kasih untuk layan di rsip,Netral
puas dengan awat di rsimaksh mba mas awat dokter,Positif
terimkasih atas layan yang sudah diberikn untuk bapak sayamaju terus rumah sakit islam,Positif
ya harap pasien moga dapat di tahan dan di tingkat lagi dalam layan dari baik ke yang lebih baik lagisemoga tambah sukses selalu rsislam purwokerto dalam layan masyarakataamiin,Positif
tahan dan tingkat lagi pelayanann yang sudah beri,Positif
terima kasih rumah sakit islam sudah makin baikkedepannya moga tambah baik untuk layan masyarakat,Positif
saya sudah rawat di ruang asalam layan sangat baik saya sudah rawat dengan baik dan ramah,Positif
alhamdulillah nyaman layan bagus,Positif
alam pakai bpjs sehat dari awal usg sampai lahir tidak ada yang kecewa saat lahir bidan dokter sabar2 sekali dari semua tugas staff baik alhamdulillah kemarin saat lahir pindah ruang kelas 2 padahal bpjs sehat kelas 3 karena penuh dan tidak beda nyaman sekali ada tv kulkas ac dan kamar mandi dalam bersih ada waterhiter dan lain - lain hanya 2 ranjang anak tangan baik sekali walau pakai bpjs sehat,Positif
maju terus rumah sakit islam purwokertosangat baik layan,Positif
semua layan bagus dan ramah terima beri dokter dan seluruh jajar yang tugas,Positif
moga jadi rumah sakit yang lebih lagi terima kasih,Netral
maju terus rsipurwokerto purwokerto,Positif
terima kasih atas layan awat sangat ramah saya puas rawat sini,Positif
tingkat lagi layan terima beri,Netral
layan di rumah sakit islam sangat bagus mbah saya di beri layan yang sangat luar biasa obat juga baik walaupun pakai bpjs sehat kami beri layan dengan baik pokoknyaa,Positif
lama praktik di rumah sakit ini semua awat sangat ramah dan sabar mereka selalu sigap bantu pasien beri bimbing dan cipta suasana yang nyaman praktik di sini jadi alam yang senang,Positif
saya dari pangandaran rasa puas atas layan dari rumah sakit islam purwokerto tahan terus terima kasih,Positif
tahan layan yang baik ini,Positif
sudah baik pelayananyatingkatkan terussrmoga rumah sakit islam makin baik depan,Positif
layan baik sekali dan cekat,Positif
layan sudah baiksaya rawat di arahman rasa puastetimakasih,Positif
layan sudah baik terima kasih sudah rawat bapak saya,Positif
layan sangat baikramah juga staff dan dokternyajadi tidak tekan lama rawat terima kasih sudah bantu para pasien masuk saya yang pernah jadi pasien dari rumah sakit islam purwokerto moga selalu sukses dan bawa berkah bagi kami semua utama untuk rumah sakit islam dan jajar amin,Positif
tahan layan,Positif
layan baik alhamdulillah terima kasih sudah layan kami dengan baikkarna alhamdulillah di rumah sakit islam dokter dan staff yang lain sangat bantu kami untuk sembuh dan semangat untuk lawan sakit yang derita moga depan rumah sakit islam makin baik dalam pelayanannyadan sukses selalu untuk rumah sakit islam serta jajar amin,Positif
terima kasih sudah rawat saya dengan baikmaju terus,Positif
saya pasien rumah sakit purwokerto awat nya ramah ramah bersih sangat baik,Positif
tempat nyamankaryawannya ramah ramah worth it lah,Positif
pelayananya yang beri sudah sangat baikibu saya rawat dengan sangat baikkami puas trimaksih,Positif
trimakash untuk rumah sakit purwokerto tahan layan yang sudah beri agar selalu baik,Positif
layan sudah bagustetap tahan good job,Positif
tahan layan yang sangat muas ini,Positif
terima kasih sudah maeraeat anak saya dengan baik,Positif
terima kasih sukses selalu dalam layan pasien ya,Netral
terima beri sudah bantu rawat putri kami,Netral
layan nya bagus bidan dan awat juga ramah semua pokok rumah sakit islam baik,Positif
layan nya bagus bidan dan awat nya juga sangat ramah,Positif
tempat bagus nyaman dokter nya juga seru ajak ngobrol nya terus layan yang lain nya juga baik,Positif
parah banget kaya pasien harus sekarat dulu baru di tanganin astaghfirullah,Negatif
bagus layan tempat nyaman,Positif
bersih jaga awat dan staf yang tugas ramah dan cekat tidak beda layan hadap pasien bpjs sehat dan umum jaya terus rumah sakit islam dalam beri layan sehat yang baik bagi masyarakat,Positif
tingkat terus layan dengan sebaikbaiknya pada pasien tanpa beda pasien bpjsbukan bpjssemoga rumah sakit islam purwokerto makin jayaaamiin,Positif
terima kasih mas mba awat dokter yang sudah sabar merawatsukses rsip,Positif
layan sudah prima,Positif
tingkat terus layan agar tetap baikterimakasih,Netral
layan dan awat baguskamar rawat inap juga bersih dan nyaman amat sangat batu sekalimantap,Positif
terima kasih rumah sakit islam saudara saya rawat druang asalam sudh drawat dengan baik dan sabartrimksh awat dan dokter,Positif
terima kasih atas layan yang baik untuk ibu sayamaju terus rsip,Positif
alhamdulillah selalu dapat layan yang baik di rawat jalan maupun rawat inap andal,Positif
langgan obat sini selalu muas layan sukses selalu rumah sakit islam purwokerto,Positif
sekarang di rumah sakit islam dokter spesialis sudah lengkappokoknya bagus layan,Positif
farmasi nya ramah2tapi waktu tunggu obat lebih cepat lagi,Positif
dokter spesialis sekarang lengkappetugasnya ramah,Positif
rumah sakit sekarang sudah lebih baik saya pernah rawat awat muas layan obat juga ramah,Positif
1 sudah 2 kali ini masuk rumah sakit islam islam untuk layan baik dokter suster juga ramah sopan 2 untuk bersih rumah sakit bersih walaupun kadang ada saja nyamuk yang masuk ke dalam 3 layan di instalasi gawat darurat juga baik sigap langsung di layanin 4 soal aman rumah sakit ada securty halaman palkir yang cukup luas pegawai pun ramah sopan santun 5 soal atur jan kunjung sesuai atur jam di rumah sakit islam purwokerto,Positif
pelayananan bagus perhati awat,Positif
rumah sakit bersih awat ramah,Positif
ruang bersih layan bagus kami puas rawat dsini terima kasih,Positif
terima kasih atas pelayananya saat saya dirawatmaju terus rumah sakit islam purwokerto,Positif
terima kasih atas layan yang telah beri,Netral
tingkat tahan terus layan kebersihanya,Positif
tingkat layan agar lbh baik,Positif
layan di rumah sakit islam purwokerto memuaskansaya juga pernah dapat awat di ruang assalam terima kasih layan moga rumah sakit islam purwokerto makin baik depan,Positif
keluarga saya kemarin rawat di rumah sakit islam purwokertorumah sakit nyamanperawatnya baik dan ramah,Positif
alhamdulillah bpk saya sudah layan dan rawat dengan moga rumah sakit islam makin sukses dan percaya masyarakat,Positif
ruang bersih moga layan makin bagus,Positif
layan sudah sangat baik terima kasih rumah sakit islam purwokerto,Positif
fasilits bagus pelyanan baik bersih bagus menu makan lebih dari cukup,Positif
rumah sakit islam purwokerto bersih nyaman awat nya ramah ramah,Positif
layan sudah baik terima kasih dua orangtua saya rawat dengan baik awat nya sabar ramah2maju terus rumah sakit islam purwokerto,Positif
layan ramah ruang rawat inap nya jugak nyaman,Positif
sudah baik layan terima beri,Positif
sudah baik layan,Positif
dokterperawat sigap cekat dalam periksa pasien ruang bersih,Positif
ruang nyaman layan baik dokter dan awat ramah ramah tingkatkn terus layan,Positif
layan sangat baikterimakasih sudah rawat dengan baikmaju terus rsip,Positif
layan bagus dan cepat fasilitas bagus suster nya juga sopan dan ramah,Positif
sangat puas dengan playanan nya awat dan dokter juga pada ramah sekali dan ruang nya juga brsih mkasih atas playanan nya slama 5 hari ibu sya di rawat di sini dan kondisi nya skarang sudah jauh lebih baik,Positif
ruang bersihpetugasnya semua ramah ramahpuas rawat di rumah sakit islam purwokerto,Positif
awat sudah sangat baik awat ramah dokter baik,Positif
ruang yang bersih dan nyamanpelayanan baikperawatnya ramah dan baik,Positif
layan sangat cepat ruang sangat bagus,Positif
pegawai ramah dokter juga ramah,Positif
rumah sakit bersihperawatnya sangat ramah saya pernah rawat sana dan saya rasa puas atas pelayanannyatrimaksh rsipurwokerto moga makin jaya dan selalu beri layan yang baik untk pasien2nya aamiin,Positif
layan yang beri sesuai dengan tentu dan yang pasti seluruh elemen yang ada di rumah sakit layan dengan ramah,Positif
layan muas dan bersih lingkung baik nyaman lingkung,Positif
pelayananya oke,Positif
rekomendasi untuk dokter tht ya sangat baik sekali,Positif
di minta hasil lab malah ngetawain apa yang lucu dari minta hasil lab tinggal di lihat cek nama malah ketawa ketawa sama temen yang lain sangat tidak sopan,Negatif
daftar dan layan admin bagi instalasi gawat darurat harus kalau dari pihak keluarga ada yang salah diberitahukan dgn sopan bahkan minimal senyum bukan negur enak dgn muka cemberut attitude dasar tetapi tidak bisa terap oleh pegawai di salah satu rumah sakit baik di purwokerto kecewa parah jangan lupa sini juga pakai uang jamin,Negatif
saya sanyat kecewa dengan layan di rumah sakit islam anak saya lahir di situdari dalam kandung sudah terlallu banyak minum air ketuban sampai racun tapi dari awal lahir tidak ada tindak apa apaapa gin layan pasien bpjsdi bawa pulang pun tidak ada jelas apa apacuman di bilang di sayang kan doang tidak ada jelas lainmungkin kalau ada jelas lain anak saya saya tingalmungkin anak saya masih ada sampai sekarang kalau dari awal tau sudah mau ada tindak lanjut dari pihak rumah sakit islam sangan kecewa dengan layan nya,Negatif
jadwal dokter tidak konsisten,Negatif
sudah di instalasi gawat darurat lama doketernya belum datang kata jalan instalasi gawat darurat tetapi tidak ada dokter jaga saat darurat,Negatif
layan obat lama hampir 2 jam akhir tinggal tolong baik sistem di farmasi agar lebih cepat saat layan,Negatif
sebenernya beri bintang satu saya tidak ikhlass pihak rumah sakit islam ada yang liat ulas tidak si banyak bintang 1 tetapi gada baik kah anak saya luka sobek di dagu bisa2nya anak kecil itu cara bersihinnya kaya cewe2 lagi bersihin makeup muka kata memang harus seperti itu tidak ada itu bujuk2nya ke anak biar tidak takut akhir saya pindah ke margonopas otw keluar instalasi gawat darurat ada bapak2 yang teriak mau pindah ke margono kata judes2 jawab sikap kasar ke margono smua yang jaga pda ikut itu bujuk anak saya biar tidak takut bersihin luka bisa pelan panjang tangan anak di ajak ngobrol sampai tidak nang sedikit,Negatif
alam saya layan cepat dan ramah serta fasilitas yang lengkap,Positif
klinik bedah anak ekspresi kaget praktek dari jam 13 masa jam 15 belum juga dari nya hadir parah,Negatif
layan farmasi lambat sekali waktu tunggu 60 menit padahal jumlah pasien yang tunggu kurang dari 10 dan jumlah pegawai farmasi hitung 67 orang kecewa,Negatif
tingkat layan,Netral
jam kunjung jam brp ya kaksy pasien di sakinah 1b sangat ganggu dgn tmn2 belah kamar yang tidak tau waktu obrol pdhal saya sulit tidur jaga karena bising ada lbh dari 2 org didlm cb perhati lagi pihak rumah sakit,Negatif
hari jumat 18 oktober saya obat poliklinik rawat jalan karena ada batu ginjal yang sumbat di salur kencing sehingga sakit ketika kencing darah jadwal praktek jam 4 tapi mundur sampai jam 5 karena dokter sedang oprasi telah rontgen dokter putus untuk segera laku operasi untuk keluar batu akan kerja langsung saat itu juga saya berterimakasih kepada tugas karena walopun sudah jam ahir jelang poliklinik tutup tugas rumah sakit islam dengan cepat jalan prosedur daftar rawat inap sehingga jam 1830 saya sudah masuk ruang oprasi segera laku tindak saya sampai terkagetkaget nyata layan rumah sakit islam bisa cepat ini padahal saya guna bpjs sehat kelas 3 dokter juga sangat profesional ambil putus cepat tangan oprasinya juga cepat sekali jam 1915 sudah selesai langsung bawa ke ruang rawat inap hari sabtu sore saya sudah langsung di ijinakan pulang proses juga cepat tidak rupiah saya keluar uang semua tanggung bpjs sehat kelas 3 terima kasih kepada semua tugas dokter awat rumah sakit islam purwokerto atas layan yang saya terima moga depa rumah sakit islam makin maju kembang,Positif
layan buruk awat judes judes pasien lagi istirahat dibangunin perkara mau bersih lantainyaa bayang saja bangun jam 4 padahal di pel lantai jam 67 apa tidak stres dan jantung pasien dipikir2 lagi dongg tanya baik baik tentang bpjs sehat dan umum malah jawab nyolott suruh pulang padahal posisi baru oprasi belum bisa diri dan jalan kan bisa kasih tau dengan cara sopan ruang arrahman juga kondisi saya pasien sendiri tidak full tempat kamar mandi rusak sudah bilang sama tugas bersih tidak segera tangan tangan saat saya mau pulang dan sudah tidak ada pasien parah banget huft,Negatif
excelent service,Positif
sudah banyak yang memberika ulas dengan banyak keluh tapi gatau kenapa daru dulu tidak pernah benah suami saya dulu obat kesitu karena kecelakaanada luka robek di kaki harus di jahit tapi awat acuh dan bilang itu hanya lecet padahal jelas jelas luka robek dan keluar darahahirnya telah beberapa tahun jadi tumbuh benjol dan harus di oprasi,Negatif
info saja untuk pasien baru harus daftar langsung paling ngak hari belum karena kalo hari yang sama dgn periksa belum tentu ada quatanya jadi kasi ya untuk pasien yang jauh harus bolakbalik dulu kesana update donk sistimnya supaya pasien baru yang jauh juga bisa daftar online atau daftar via wa kan lebih ringkes,Positif
tolong baik jadwal untuk poliklinik ortopedi jika memang dokter available minimal jam 1400 tolong diberitahukan dari awal kasi yang sudah jauh2 sesuai jadwal jam 1300 bahkan 1230 terima kasih before layan tolong baik kami datang obat bukan ngemis gausah ngegas gedung bagus ruang baik layan minus,Negatif
tunggu resep obat dan kertas untuk kontrol dari pagi sampai mahrib belum juga kasih padahal pasien sudah blh pulang tetapi gara itu jadi gk pulang,Negatif
parkir luasruang tunggu periksa ademkursi juga empuk moga makin sukses,Positif
tempat yang nyaman layan cepat dokter ramah rumah sakit bersih,Positif
bijak layan sangat baik profesionalisme tugas sangat baik sistem informasi juga sangat bantu dan prasarana rumah sakit islam sangat baik seperti parkir luas masjid nyaman kantin sangat baik ruang bersih dan nyaman,Positif
rumah sakit islam purwokerto bagus sekali dari semua sisi rumah sakit nya bersih layan nya bagus cepat sat set pokok orang sangat ramah saya beri ulas ini telah pulang rawat inap di rumah sakit islam 2x rawat inap di rumah sakit islam layan nya sangat baik banget,Positif
belum maaf karena saya beri bintang satu saya kurang puas layan untuk poliklinik umum masa luar tidak ada ruang khusus sendiri jadi kurang enak ketika periksa tapi liat orang banyak untuk depan moga lebih baik lagi dalam segala hal dan fasilitas pada pasien poliklinik umum juga lama sekali suruh tunggu karena dokter belum jelas,Negatif
kecewa dengan layan instalasi gawat darurat dan awat pdhl bangun sudah bagus tapi layan kurang sekali,Negatif
learning psychiatry rotation for 2 weeks,Netral
layan baik ramah dan cepat fasilitas kamar baik bersih dan muas makan enak,Positif
layan dan penangannan medis bagus awat ramah dan sigap,Positif
selalu ke rumah sakit islam sejak hamil salin dan kalau ada keluarga yang sakit selalu percaya layan di rumah sakit islam bidan dan awat dokter sangat ramah moga rumah sakit islam makin maju,Positif
untuk layan di instalasi gawat darurat sudah cukup bagus mohon tingkat kembali untuk layan bintang untuk layan di icu layan rawat jalan mohon perhati untuk area kamar mandi mushola karena lantai itu licin takut kan mbok ada yang kepleset apalagi untuk mbah2lansia sangat bahaya,Positif
admin untuk wa slow respon,Negatif
terima kasih banyak atas ilmu yang beri kait dengan hak pasien dan keluarga ppi sasar selamat pasien sukses dan makin maju rumah sakit islam purwokerto,Positif
salam sama anak pkl biologi unsoed atas nama ista dian pramesti tolong bilangin dia cantik,Netral
kecewa dikit kakek saya di bentak bentak sama suster saat lagi rawat inap,Negatif
senang,Positif
alam pribadi saya antar obat ibu saya di rumah sakit an nimah layan bagusperawatnya ramah2komunikatifdokternya juga ramahtempatnya bersihsemoga makin maju dengan teknologi yang canggih dan lengkapbisa saing dengan rumah sakit ternamasemoga para staf dan karyawan rumah sakit an nimah beri berkah dan sehat yang sudah juang bantu orang yang sakit,Positif
rumah sakit umum annimah memang baik bersih karyawanya ramah tamah dokter juga detail dalam edukasi,Positif
layan buruk masa tunggu dari jam 2 sore sampai jam 6 hampir magrib belum panggil saat lihat aplikasi sudah layan padahal belum panggil padahal sudah periksa tensi saat tanya ke malah jawab hanya coba saya cek sampai magrib,Negatif
memeuaskan bagus,Positif
layan rumah sakit sangat baik,Positif
dokter komunikatif jelas dengan detail dan awat sangat ramah serta sigap bantu fasilitas ruang tunggu nyaman dan bersih rekomendasi untuk layan sehat yang profesional,Positif
tolong betul sistem layan khusus koordinasi hasil diagnosis masa salah tolong koordinasi baik antar tenaga sehat khusus tenaga sehat umum ke tenaga sehat yang khusus supaya hasil diagnosis tepat saya harap tidak ulang lagi ini sangkut hidup orang,Negatif
layan di rumah sakit umum an nimah bagus nakesnya ramah dan profesional fasilitas lengkap layan ramah dan tengah pusat wangon yang strategis,Positif
rekomendasi layan sehat dengan alat tunjang modern dan lengkap,Positif
rumah sakit baik dengan layan yang muas,Positif
rumah sakit bagus bersih layan juga bagus,Positif
rumah sakit bagus indah bersih pegawai ramah rapi murah senyum cekat baik hati sigap tolong,Positif
bagi layan operasi sangat tidak rekomendasi khusus untuk pasien bpjs sehat mending jangan di sini kalo operasi nyesel,Negatif
layan baik awat rama,Positif
rumah sakit umum an nimah wangon rupa rumah sakit dengan layan sehat yang kelola dengan baik dukung oleh tenaga medis yang profesional fasilitas yang pada serta beri layan sehat yang orientasi pada nyaman dan selamat pasien proses layan jalan tertib dengan tenaga sehat yang kompeten dan ramah,Positif
saya belum pernah ke rumah sakit itu tetapi saya lihat layan rumah sakit ini pada dan muas selalu terap 5s fasilitas rumah sakit juga kengkap dan lokasi strategis juga,Positif
beri layan dengan baik dan profesional,Positif
pernah antar keluarga di sini layan di rumah sakit umum an nimah sangat muas tugas ramah proses administrasi cepat dan fasilitas bersih sangat rekomendasi layan di rumah sakit umum an nimah sangat muas tugas ramah proses administrasi cepat dan fasilitas bersih moga apa yangg kurang bisa baik yangg sudah bagus tahan dan tingkat,Positif
saya sangat terima beri kepada rumah sakit umum an nimah beberapa kali keluarga saya rawat di rumah sakit umum animah wangon layan sangat luar biasa awat sangat perhati sabar dan sigap tiap kali butuh kamar rawat inap juga bersih dan tenang buat keluarga yang jaga jadi rasa nyaman terima beri tim medis,Positif
rumah sakit umum an nimah wangon milik layan sehat yang baik dan tata tenaga medis maupun nonmedis sikap ramah komunikatif dan profesional dalam layan pasien lingkung rumah sakit bersih dan nyaman dengan fasilitas yang cukup pada alur layan jelas sehingga pasien rasa bantu rumah sakit umum an nimah wangon rupa fasilitas sehat yang terus upaya tingkat mutu layan bagi masyarakat,Positif
rumah sakit an nimah wangon adalah salah satu rumah sakit baik di daerah wangon fasilitas lengkap mulai dari instalasi gawat darurat rawat inap rawat jalan laboratorium radiologi hingga apotek 24 jam gedung nyaman bersih rapi nyaman bagi pasien,Positif
masya allah layan yang sangat baik,Positif
lokasi jangkau mudah temu,Positif
jujur saya belum pernah kesini tapi lihat review yang lain rumah sakit yang bagus,Positif
enak sekali makan pokok layan baik selalu bukan kaya makan rumah sakit dan suasana seperti tidak di rumah sakit ada taman ada danau,Positif
ada nomer wa yang bisa di hubung tidak yang tera tidak bisa di hubung,Netral
jaga istri di rsop rumah sakit bagus dan nyaman,Positif
salah satu rumah sakit yang ada di purwokerto layan tugas ramah dan baik hati tapi tunggu dokter lama sekali saya capek tapi tetap saya tunggu dokter sampai datang,Positif
dokter sangat profesional informatif dan sabar dalam jelas kondisi pasien tim medis sangat cekat layan awat staf ramah perhati dan selalu siap bantu pasien pelayananya luar biasa,Positif
dokter adi surya komunikatif dan ramah daftar tidak rumit dan cepat gedung nyaman,Positif
rsop lingkung sangat bersih luas pandang super cantik layan sangat ramah,Positif
layan bagus semua staff ramah bersih sukses untuk rsop terima kasih banyak rsop,Positif
saya driver beberapa hari lalu saya kesini saya nganterin makan untuk dokter yang kerja di instalasi gawat darurat nya saat masuk portal saya mencet tombol bantu karena tiket masuk tidak keluar dari jauh ada yang teriak masuk saja mas saya liat dia nyata yang jaga pos portal telah saya nganter saya keluar nah sin jadi yang saya kurang suka waktu lewat portal saya nanya ini tidak ada tiket nya bayar tidak ya dengan wajah yang cuek dia sama sekali tidak jawab dan hanya ngangguk ngangguk kaya orang bete alhasil yaudah lah saya cabut langsung btw yang jaga waktu itu perempuan sudah agak dewasa saya mikir kerja yang duduk di pos kok cuek itu ya tidak ramah saya driver ojol saja yang tiap hari kena panas terik selalu coba buat langgan enjoy dan nyaman moga baik ya,Negatif
layan bagus bersih awat dan dokter serta terap yang baik dan ramah masjid yang nyaman belum pulang ada ustadz yang datang ke kamar untuk doa sembuh barakallahu fiikum,Positif
layan lama banget sudah tunggu 2 jam,Negatif
layan cepatramahhanya sedikit masalah di bagi toiletmasih kurang bersih mohon baik kembali moga ke depan rsop makin majudan kembang,Positif
layan bagus ramah dokter juga ramah,Positif
super friendlypenanganan tepat dan jelas gamblang,Positif
saya kluarga pasien ibu amy sangat puas dgan layan dan tangan dokter sutrisno dan para awat di rumah sakit bunda purwokerto terima kasih,Positif
pasien drdimas ruang bougenville 2 layan dokter dan layan awat baik bila ada keluh cepat tangan meski bpjs sehat tidak beda beda moga rumah sakit bunda makin maju,Positif
saya pasien dari mas ruang aglo 1 layan dari nya sangat baik awat cantik cantik dan baik responyq bagus makan nya enak enak pol jga,Positif
saya pasien dari sutrisno turut sya layan dari sutrisno muas dan sgt komunikatif,Positif
pasien dokter arinton ruang dahlia 5 layan baik komunikatifperawat ramah tiap ada keluh cepetbersihdari awal datang tangan cepat,Positif
alhamdulillah salin anak ke dua bisa salin di rumah sakit bunda layan sangat muas bidan sangat responsif dan baik dan dari nya juga baik terima kasih,Positif
layan lamayg duluin yang baru dateng yang udh dari tdi tidak di panggil2,Negatif
pasien drarinton ruang dahlia vpenanganan nya cepat awat ramah makann nya cocok tidak mengecewakanbikin pasien cepet pulihpelayanan dari nya jelassetiap ada awat selalu di jelas,Positif
layan dari arinton sangat bagus komunikatif juga dokter,Positif
layan yang senang baik dokter bidan suster dan tim rumah sakit bunda lain saya tangan oleh dt anton sangat batu,Positif
saya pasien dari sutrisno layan baik dan muas terima beri,Positif
saya pasien anbu arini pasien dokter sutrisno kamar tulip 6terimakasih untuk pak dokter yang ramah sekali dan bikin nyaman pasien untuk bu bidan juga sangat ramah dan baik serta layan super mantapuntuk ruang bersih rapi dan fasilitas lengkap terima kasih atas layan dan tempatbyg baik moga alloh balas baik nya aamiin,Positif
saya rawat inap di ruang sakura dengan doktrr sutrisno layan ramah sangat muas,Positif
dokter ramah,Positif
pasien dari arinton ruang tulip iv datang dengan keluh perut perih dan lilit kembung nyeri ulu hati mual muntah nyeri perut kanan atas lama awat sini layan sangat muas baik dari dokter awat ahli gizi makan dan tugas bersih ruang juga bersih nyaman dan rapi terima kasih,Positif
saya pasien rawat inap di sini dan layan cepat ramah dan muas,Positif
saya pasien dari sutrisno layan baiknakesnya juga layan baik,Positif
pasien pak tarsim ruang d5 pasien dari mas kami sangat puas dengan layan rumah sakit bunda purwokerto,Positif
layan baik bidan awat dan dokter sangat ramah pasien dokter sutrisno sejak anak pertama sampai dua sehat sehat semuaa,Positif
layan sangat muas dari segala tangan,Positif
pasien ats nama utami yulianah ruang sakura dtangani oleh dari sutrisno pelayananya ramah dan sangat puas,Positif
saya pasien dari anton rawat ruang anggrek 1 untuk layan sudah sangat baik dari awat dan dokter terima kasih,Positif
pasien dari anton dari kamar lavender layan dari anton muas,Positif
saya pasien dokter anton dari awal hamil sampai sekarang layan baik sekali dokter nya ramah jelas detail terima kasih dokter anton,Positif
untuk layan bagus sekali dari playanan dokter anton sama awat sangat ramah,Positif
pasien dari mas ruang dahlia 5 layan dokter dan awat baik dan ramah,Positif
layan dokter respon cepat kamar rawat inap nyaman bersih jaga dan menu untuk gizi jamin sukses untuk rumah sakit bunda purwokerto,Positif
pasien dari heppy ruang anyelir 1 layan dokter dan awat ramah dan respon cepatmakanan pasien enak dan bisa habis tugas bersih juga cekat cepat dapat kamartidak terlalu lama di instalasi gawat darurat namun untuk tugas bersih lupa saat minta ganti korden harap lebih perhati pesan dari pasien,Positif
saya pasien dari arinton ruang tulip 5 masuk tanggal 22 januari 2025 pakai kelas 1 layan bagus awat nya ramah bagus pokok jelas dokter juga jelas ruang bersih sekali terima beri,Positif
pasien dokter dik ruang melati rb dari bagus banget enak di ajak ngobrol,Positif
layan ramah tempat nya nyaman,Positif
layan bagus awat cekat dan ramah dokter analisis obat tepat,Positif
pasien an ainun fawaz anggraeni ruang tulip 1 pasien dari dikii 3hari rawat inap sini dokter baik pinter jelas banget nerangin sakit awat ramah dan cepet tanggep smua care banget kamarnyaa bersih tenang bisa untuk istirahat total makanannyaa enak enak recovery jadi tambah cepet terima kasih untuk dari dik dan awat nya yang jempol,Positif
saya pasien drarinton di tulip iv layan cepat dan muas di rumah sakit bunda sangat baik rekomendasi rawat inap dan jalan,Positif
euang rawat inap nyaman bidan sangat bantu,Positif
pasien dari arinton ruang edelweis 3 layan dokter juga awat sangat muas makan juga okee,Positif
pasien dari arinton ruang anggrek 1 dokter dan layan baik dan ramah bersih selalu jaga fast respon,Positif
pasien dari arinton ruang bougenvil 2 layan dokterahli gizi dan awat baik jelas jelas sakit,Positif
pasien dari wahyu ruang b1 terima kasih untuk awat awat cepat respon moga makin maju,Positif
poliklinik drsutrisno baik bangetdan awat yang super sangat ramah terima kasih rumah sakit bunda,Positif
adik saya di rawat di ruang anyelir dengan dokter anton layan bagus,Positif
layan di rumah sakit bunda pwt dari pertama dateng cepat tangan moga makin maju rumah sakit bunda pwt,Positif
layan dokter dan awat rumah sakit bunda cukup muas keluh cepat tangan,Positif
pasien dari arinton ruang aglo 1 layan dokter dan awat baik ruang bersihnyamansat set,Positif
pasien dokter arinton ruang edelwais 2 dokter ramah teliti bersih terima kasih rumah sakit bunda purwokerto,Positif
saya pasien ruang bougenvile 1 pasien dari william layan di rumah sakit bunda muas dan layan bagus,Positif
layan paling bagussuster dan tugas bersih paling toppasien drwilliam paling bagus,Positif
pasien dari happy ruang d4 trmksh untuk layan dari rumah sakit bunda sngt memuaskantrmksh,Positif
saya pasien dokter sutrisno layan sangat baik trimakssih,Positif
saya pasien dokter anton layan saat di rumah sakit sangat baik dan suster pun sangat ramah,Positif
saya pasien tulip 7 dwngan dokter anton alam lama lahir sini sangat baik awat baik rumasakit bersih,Positif
saya pasien dokter anton lama lahir pelayananannya baik sangat profesional,Positif
saya pasien drantonpelaynn sangat baik dan ramah tamah,Positif
saya pasien dokter anton saya rasa puas atas layan lama rawat di rumah sakit bunda purwokerto,Positif
pasien tulip 3 pasien dokter wayu layan ramah dan sopan terima kasih,Positif
pasien dahlia 4 awat dengan dokter mas sppd layan sangat ramah awat sangat bantu dan responsif dokter sangat informatif dan teliti terima kasih banyak atas layan yang muas,Positif
ruang dahlia 4 ny rasti pasien dari mas sppd semua layan bagus dokter dan suster ramahramah,Positif
saya suami tunggu pasien dari ibu ina rokhani sangat puas dengan layan rumah sakit rumah sakit bunda dari segi fasilitas dan utama tangan dari drsutrisno yang sangat ramahperwara dari ke bidan yang sangat sigap dan ramah tangan istri saya moga slalu sukses untuk rumah sakit bunda ke depa trimksh untuk layan,Positif
saya dari pasien dari sutrisno untuk dokter sangat ramah dan humble untuk jelas jga sangat gampang untuk paham dari ruang anggrek rb untuk ruang jga luas bersih jga sangat awat bersih dan tidak lupa untuk bidan2nya masya allah sangat ramah sopan bangett terima kasih untuk semua salam sehat semua,Positif
pasien ruang dahlia 4 pasien dari arinton layan sangat bagus dokter bagus sekali saya sangat cocok pokok nya semua nya alhamdulillah sangat bagus terima kasih dokter arinton yang sudah tolong saya dan smua taf awat rumah sakit bunda insya allah makin sukses terima kasih,Positif
awat dan dokter nya ramah,Positif
turut kami untuk layan dari rumah sakit bunda sudah cukup baik dengan tangan yang sangat profesional dengan dari soetrisno spesial obgyn,Positif
layan dirsu bunda dan dokter sangat ramah pasien dokter sutrisno,Positif
dokter odbgyn sutrisno dan bidan sangat kompeten ramah dan sigap,Positif
pasien dari dik mrb layan cepat super baik dan sangat ramah,Positif
pasien dengan dokter anton untuk layan ramah dan tepat tidak kecewa,Positif
saya pasien dari anton lama layan di rumah sakit umum bunda sangat muas,Positif
pasien dari anton layan sangat baik kami puas,Positif
saya pasien dokter sutrisno kamar tulip 3dokternya ramahpenjelasannya mudah di pahamisehat selalu dok,Positif
layan sangat muas dokter dan awat ramah,Positif
layan satset apalgi saya pasien dokter anton ramah banget baik layan jelas dari hamil umur 3bulan sampai lahir sama dokter anton super humbledetail tetapi sayang kalau hbs opname trs udh disuru plg tunggu administrasi lama banget udh 2x opname selalu tunggu lama karena administrasi mohon baik lagi yaa,Positif
rumah sakit bunda sangat baik layan dari pada rumah sakit lain yang saya pernah singgah dokter nya enak untuk di ajak konsultasi sehat terima kasih dokter sutrisno,Positif
layan di rumah sakit bunda sangat baik dan muas anak saya rasya abidzar al fahri rawat di ruang melati 1 sampai sembuh terima beri yang sebesarbesarnya kepada dokter wening yang sangat sabar ramah dan profesional dalam tangan anak kami seluruh awat juga sangat perhati dan bantu moga rumah sakit bunda terus beri layan baik,Positif
untuk alam di rumah sakit bunda sama dari sutrisno istri saya di rawat dari usia kandung 4blnmelahirkan tiap kunjung ramah dan detail untuk jasa informasi yang di ikan,Positif
istri lahir dengan dari sutrisno tindak cepat dan arah sangat puas dengan layan beliau karena beliau tidak hanya laku pengecelan dan tindak namun beri bimbing dan arah dengan penuh senyum terima kasih dari sutrisno cara khusus dan rumah sakit umum bunda purwokerto cara umum you all the bagus,Positif
dari sutrisno layan sangat baik ramah dan sopan,Positif
dokter sutrisno sangat baik ramah,Positif
saya pasien dari arington di ruang dahlia 4 layan di rumah sakit bunda layan nya muas,Positif
saya keluarga pasien dari heppy di ruang dahlia 4 layan di rumah sakit umum bunda purwokerto sangat baik,Positif
layan di rumah sakit bunda sangat ramah cepat dan semua pegawai ramahh sodara saya rawat ruang sakura dengan dojter sutrisno layan dokter sutrisno sangat baik dan nang sangat cepatt,Positif
pasien dokter sutrisno dokter ramah ruanganya nyaman,Positif
asalamualaikum temanteman mau bagi alam rawat inap di rumah sakit bunda ruang aglo 1 saya rasa sangat bantu dan dapat awat yang sangat baik sini telah demam kurang lebih satu minggu belum masuk rumah sakit dan tidak kunjung temu sebab alhamdulillah telah masuk instalasi gawat darurat langsung saran rawat inap dan tangan oleh drdr i besar arinton sppdkgeh beliau sangat ramahbaik edukatif dan cepat tentu diagnosa sehingga saya langsung dapat obatobatan yang saya perlu dan pulih serta baik dengan cepat untuk layan ruang juga sangat baik dokter instalasi gawat darurat staff instalasi gawat darurat awat yang care ramah sigap dan semua staff yang sangat bantu dan edukatif ahli gizi serta makan pasien juga juara bersih juga sangat baik terima kasih banyak rumah sakit bunda atas layan yang sangat baik moga depan bisa makin baik salam sehat,Positif
saya pasien yuli layan sangat bagus dokter anton sangat bantu dan bagus terima kasih,Positif
pasien dari sutrisno dari ruang lavender layan super ramahh dan informatif,Positif
pasien dokter sutrisno dari ruang anggrek 3 layan dari sutriano sudah baik,Positif
pasien dari anton layan baik,Positif
layan bagus dokter suster ramah dari anton,Positif
saya suami dari trihartatipasien dari sutrisnodr sutrisno baik untk konsultasinyaramahdan jelaskemudian untk bidan sangat membantucepat hadir ketika kita butuh ruang rawat inap,Positif
pasien drsutrisno alhamdulilah layan memuaskandokternya ramahsopan bidan nya sangat ramah layan rumah sakit umum bunda purwokerto muas,Positif
layan bagus rumah sakit bagus 2 hari di rawat sama dokter sutrisno sangat bagus dokter sangat ramah,Positif
pasien nyonya afitta pasien dokter anton layan bagus,Positif
saya pasi dari sutrisno terima kasih atas pelayananya yang baik dan ramah dari rumah sakit umum bunda,Positif
layan yang sangat baik dengan dari sutrisno,Positif
saya pasien dokter sutrisno dokter sangat baik awat juga sangat baik,Positif
rawat di rumah sakit bunda dengan dari arinton layan sangat ramah dokter juga ramah sukses selalu rumah sakit bunda,Positif
dokter sutrisnospogmkessub onk layan sangat baik sekaliramahsangat muas terima kasih pak dokter moga sehat selalubarakalloh sukses untuk rumah sakit bunda purwokerto,Positif
layan cepat baik ramah,Positif
pasien dokter dik ruang anggrek 1 layan rumah sakit bunda bagus awat cepat tanggap jelas dokter kena sakit anak juga mudah paham awat dan staf lai ramah dan sopan,Positif
layan nya baik tanggap dan bersih nya jaga terima kasih dokter anthon,Positif
alhamdulillah sini layan terjaminsat set,Positif
drsutrisno sangatt ramah dan baik tidak bikin tegangtakut layan sangat muas,Positif
ibu saya pasien dari dari arinton layan sangat baik awat juga ramah terima beri rumah sakit umum bunda,Positif
layan dengan dari sutrisnobaik dan ramah,Positif
layan maksimal dari dan bidan ramah,Positif
pasien dari arinton ruang tulip v layan sangat muas dari awal masuk sampai selesai proses layan nya sangat cepat dokter dan suster nya sangat ramah dalam layan pasien teliti dan cekat bersih kamar baik kamar selalu di sih tiap hari,Positif
sudah beberapa kali rawat di rumah sakit umum bunda dan sampai sekarang masih kontrol poliklinik gastro sama dokter arintonbest pol awat dan dokter ramah poll jadi mau tanya tanya apa tidak takut atau canggungpelayanannya satsetbestt bangett pokok,Positif
atas nama uly pasien dranton tangan cepatruangan nyaman makan pasien enak,Positif
pasien dari arinto d4 terima kasih bnyk untuk rumah sakit bunda untuk nang awat baik baik,Positif
pasien dari wahyu iso terima kasih perawatanya,Netral
layan bagus dan ramah serta rumah sakit yang tenang,Positif
layan baik dan profesiona terima kasih rumah sakit umum bunda purwokerto,Positif
pasien dari william ruang d5 dokter dan awat sangat baik,Positif
layan di bagi daftar tidak jelas sudah wa jauh2 hari di suruh datang langsung jam 1 sudah datang nyata tunggu dengan waktu yang sangat lama 7 jam tidak ada jelas estimasi waktu,Negatif
pasien dokter arinton ruang dahlia 4 pelayanandokter danperawat baikkenersihanbersih saran fokterdalam jelas lebih jelas lagiga buru buru,Positif
pasien dari heepy ruang tulip 5 layan dokter dan perawatpelayanan dokter nya sangat baikdan layan awat di rumah sakit bunda sangat baik dan makan nya sangat enak dan gizi,Positif
pasien dari heppy ruang b 1 layan dokter dan awat luar biasa gercep ramah dari segi bersih baik ruang makan dan fasilitas bagus nyaman terima kasih,Positif
saya pasien dari arinton sppd ruang edelweis 3 alhamdulillah telah rawat di rumah sakit bunda yang alamat di jl pramuka sudah pulih sehat dengan tangan dari arinton yang prima layan semua yang kompeten di bidang masing2 sangat ramah dan cepat menu enak dan sehat ruang sangat nyaman sarana dan prasarana yang sangat pada terima kasih smoga selalu hati masyarakat,Positif
layan baik bagus dan cepat,Positif
pasien dari william ruang m 3 layan dari dan awat baikada keluh cepat datang ruang bersihmakanya enakpertama darang cepat tertanganismoga snakin maju dan jata rumah sakit umum bunda purwokerto,Positif
terima beri atas layan prima,Positif
pasien dengan nama elma ganesyapasien dokter sutrisno tangan nya memuaskandan bidan juga ramah layan nya,Positif
sangat baik pelayananya,Positif
saya pasien dari sutrisno saya sangat puas sekali dengab drnya dan bidan bida,Positif
saya ibu suci pasien dokter sutrisno di rumah sakit bundauntuk layan muas,Positif
bagus tapi sayang karyawan tidak ramah pada hewan,Negatif
layan bagus ramah awat juga baik baik,Positif
minimal tahan mungkin akan lebih baik depan untuk di tingkat tetap semangat,Positif
terima beri atas layan yang muas kepada kami,Positif
apa hari minggu buka saya mau priksan anknya,Netral
suntik di lengan untuk lambung tetapi seperti tidak di suntik tidak rasa apalagi gada efek telah suntik alas jarum nya kecil kalau jarum besar ya nyuntik gajah lah tidak rasa juga ada alir yang masuk ke buluh darah wkt suntik pdhl udh duakali periksa sana pakai umum lagi 400k biaya nya nyesel dan tidak lagi periksa disni,Negatif
layan baik nyaman ramah,Positif
layan nya baik cepat fasilitas juga baik tugas nya ramah ramah dokter awat nya juga ramah,Positif
untuk dokter dan suster sangat ramah tidak judes sama sekali,Positif
terima kasih banyak rumah sakit sinar beri atas layan nya semua awat di sini sangat ramah sekali kini saya sudah agak baik terima kasih bnyak untuk pak dokter sudah tangan saya dengan sangat baik,Positif
tangan cepat layan baik suster dan dokter bagus dan sangat ramah menu makan variatif rawat inap untuk ke 2 x sini selalu muas layan dan tangan terima kasih untuk semua,Positif
layan baik l,Positif
layan cukup baik awat ramah dan tempat nyaman,Positif
layan awat dan team medis cukup ramah dan baik2 hanya saja kantin rumah sakit sering tutup tlg di tingkat lagi untuk kantin nya,Positif
layan bagus cepetjg ramah ramah,Positif
kamar bersih catering lumayan enak layan bagusminus air kurang jernih,Positif
pertama kali bawa anak ke rumah sakit karena diare parah saya sama suami putus bawa ke rumah sakit sinar beri so far layan baik sekali dari instalasi gawat darurat sampai rawat inap tugas helpful dokter juga baikbaik sekali sukses selalu rumah sakit sinar beri,Positif
mau tanya untuk awat salur akar apakah antri nya lama,Netral
layan baik awat baik selalu stay dan untuk dokter terima kasih ibu dokter moga anak saya selalu sehat,Positif
layan bagus administrasi cepat awat bagus,Positif
sangat bagus dan muas awat baik semua,Positif
layan ramah dan satset baik,Positif
layan sangat baik kamar bersih semua bersih terjaganyaman dan tenang,Positif
sangga bagus terima kasih rumah sakit sinar beri,Positif
tangan cepet layan baik jabar obat dan sakit yang di derita anak saya juga jelas dari dokter dan awat tiap ganti shift selalu info dan awat dan semua staff lain baik semua,Positif
layan ramah suster dan sudah baik,Positif
layan sangat baik staff awat ramah dan juga gercep,Positif
layan sudah sangat baik ramah dari staff awat hingga dokter,Positif
layan sangat baik sekali terima kasih,Positif
layan suster dan dokter bagus dari masuk instalasi gawat darurat sampai ke rawat inap suster baik layan ke pada pasien dan menu makan juga variatif dan enak terima beri dokter dan suster rumah sakit sinar beri yang sudah rawat istri saya dan happy new year,Positif
pasien apa ladang bisnis,Negatif
sya punya alam kurang meng enak kan di rumah sakit lain di probolinggo waktu jaga orang tua pasang sakit betul kita bayar mandiri gk pakai bpjs sehat minggu rawat kondisi makin drop tambah laku tim medis yang judes akhir keluarga putus pindah orang tua pasang ke rumah sakit amanah alhamdulillah 3 hr langsung sembuh krna tempat nyaman dalam negeri tim medis yang ramah juga garcep kami boleh pulang semenjak itu rumah sakit amanah jadi langgan keluarga kami rumah sakit amanah benar benar amanah sesuai dngan nama smg terus maju dan kembang,Positif
moga pku amanah makin baik dalam layan untuk pasien dan moga tambah lebih baik lagi dalam semua,Positif
layan bagus ramah dan lengkap,Positif
layan muas kamar kelas 1 nya bagus dokter kualitas,Positif
terima kasih banyak baik,Positif
layan nya ramah makan yang di saji baik untuk pasien fasilitas rumah sakit nya sangat perhati nyaman pasien toilet bersih ruang tunggu ber ac security flexible,Positif
layan bagus semua terima beres tanpa rumit,Positif
terima beri untuk pelayananya moga pelayananya selalu prima,Positif
fasilitas dan dokter yang lengkap di rumah sakit ini dengan jarak rumah yang cukup dekat untuk layan dan tugas yang ramah cekat dan tidak beda beda pasien antara bpjs sehat dan umum sukses selalu rumah sakit pku muhammadiyah amanah sumpiuh,Positif
rumah sakit dengan fasilitas lengkap dokter lengkap dan tugas yang ramah tahan yang sudah baik dan tingkat kualitas rumah sakit pku muhammadiyah amanah sumpiuh,Positif
layan all good dari awal sampai akhir,Positif
masa ya adik saya di bawa ke instalasi gawat darurat gara gara dua kaki tidak bisa gerak perut besar tidak bisa kencing hanya di beri infus doang di tunggu lama beberapa jam tidak ada dokter atau awat sama sekali akhir kakak saya inisiatif untuk tanya ke awat pak itu kenapa kok tidak pasang selang saja untuk keluar kencing dia jawab kami tunggu tuju dari keluarga dulu tuju apa orang keluarga saja tidak kasih tawar ini itu hanya didiemin doang bayangin saja kalau kakak saya tidak nanya kakanya tidak bakal itu ditanganin terus kata mau rujuk ke rumah sakit yang lebih besar tapi kok lama sekali tunggu nyampe 12 jam lebih mana biaya mahal lagi tidak ada jelas itu mungkin tidak masalah yaa karena mungkin memang dari rumah sakit rujuk belum ada tanggap tapi tau tidak saat adek saya di rontgen masa ya hasil lama sekali tidak keluar padahal tidak ada antri sama sekali karena proses rontgen nya itu pagi rawat inap telah 5 jam coba tanya ke dokter palah jawab tidak muas sekali masa ya kira tbc yang itu arah ke paru paru kan tidak nyambung padahal sudah jelas adek saya yang sakit itu kaki tidak bisa kencing bagi bawah tidak rasa apa apa sudah gitu tidak kasih gambar hasil rontgen lagi parah sekali sumpah,Negatif
ini rumah sakit apa rumah kosong lah masa ya adik saya di bawa ke instalasi gawat darurat gara gara dua kaki tidak bisa gerak perut besar tidak bisa kencing hanya di beri infus doang di tunggu lama beberapa jam tidak ada dokter atau awat sama sekali akhir kakak saya inisiatif untuk tanya ke awat pak itu kenapa kok tidak pasang selang saja untuk keluar kencing dia jawab kami tunggu tuju dari keluarga dulu tuju apa orang keluarga saja tidak kasih tawar ini itu hanya didiemin doang bayangin saja kalau kakak saya tidak nanya kakanya tidak bakal itu ditanganin terus kata mau rujuk ke rumah sakit yang lebih besar tapi kok lama sekali tunggu nyampe 12 jam lebih mana biaya mahal lagi tidak ada jelas itu mungkin tidak masalah yaa karena mungkin memang dari rumah sakit rujuk belum ada tanggap tapi tau tidak saat adek saya di rontgen masa ya hasil lama sekali tidak keluar padahal tidak ada antri sama sekali karena proses rontgen nya itu pagi rawat inap telah 5 jam coba tanya ke dokter palah jawab tidak muas sekali masa ya kira tbc yang itu arah ke paru paru kan tidak nyambung padahal sudah jelas adek saya yang sakit itu kaki tidak bisa kencing bagi bawah tidak rasa apa apa sudah gitu tidak kasih gambar hasil rontgen lagi parah sekali sumpah,Negatif
layan rumah sakit amanah sangat baik dan muas,Positif
terima kasih untuk pelayanannyarumah sakit recomen untuk awat dan rawat inapsangat ramah dan cepatsekali lagi terimakasihsemoga makin maju dan sukses selalu rumah sakit umum amanah sumpiuh,Positif
3tahun yang lalusaya pernah op usus buntu di rumah sakit pku layan bagus bngetdokterperawat dan pak satpam baik2 ramah2sukses selalu untuk rumah sakit pku,Positif
ngak nyesel lah bolak balik obat di rumah sakit amanah ini respon pegawai nya baik banget apalagi pak satpam nya sudah muda mudaperawatnya ramah ramah banget lagi pokok puas lah obat di rumah sakit pku muhamadiyah amanah sumpiuh ini,Positif
harga usgnya brp ya,Netral
mohon maaf untuk ruang teratai lantai 3 kmr 305 ac pnas bnyk ac bocormnt untk di betulinmks,Positif
pasien icu rujuk ke rumah sakit ini saat sampai igdugd saya bingung triase nya kenapa dibiarin lama saat tangan kenapa di bangsal umum yaa bukan icu padahal jalan sekitar 23 jam an cepat itu kan ganti kondisi pasien icu ke biasa saja bapak saya tinggal belum 24 jam telah sampai dan bahkan belum ketemu dan belum di cek sama dokter tunggu pasien saya pun tidak tau gimana dan menit berapa bapak saya tinggal saya ken nanya lah takut di omelin karena balas nya pasti kita juga capek jadi sudah 2 tahun lalu tapi masih sakit sekali,Negatif
layan baik tugas ramah terima kasih sudah di bantu untuk bagi informasi sudah bantu dan layan sangat muas terima kasih margono,Positif
aduh sumpah tidak banget layan ruang icu nya ayah saya tinggal di ruang icu dengan kondisi yang harus ayah saya bisa untuk kasi tolong pertama pertama ini ya h lebih dari 10 jam ayah saya tinggal ayah saya kritis kalo ibu saya tidak maksa masuk kita tidak bakal tau kalau sadar ayah saya turun dan ketika ibu saya tnya ke suster nya sana fyi ibu ku awat icu 20 tahun di rumah sakit besar di jakarta sus ini suami saya kondisi turun sejak kapan dan jawab dari suster kasar gatau ya bu karena pasien kami bukan hanya pak saja i mean like woi my saya mom just ask tidak yang nyuruh nyuruh gt woip than kalau ibu ku tidak masuk tidak bakal itu suster tau kalau air oksigen mau habis fatal banget tidak si kalau air oksigen mw habis yang mana ayah saya sakit paru paru sampai skr saya tidak akan maafin karyawan icu itu saya beri rating bintang 1 untuk ruang icu kalau ada nilai untuk r icu saya akan ksih bintang 1 tolong admin rumah sakit margono teach ur employees how to speak to families whose loved ones are in critical condition you should understand that better imagine if it were your own family wouldnt it hurt to be answered like that terima kasih,Negatif
layan baikramah sekali pelayanannyaapokokya bagus lah rumah sakit margono,Positif
layan bagi saya sangat muas makin tahun makin prima pelayananya dokter tarqib jelas jelas tugas informasi mas hanggar sangat ramah layan awat poliklinik sigap bantu moga makin jaya margono,Positif
alhamdulillah dokter dan karyawannya sangat ramah dan tanggung jawab,Positif
kami di rawat seperti keluarga,Positif
pelayanay bagus perawaty ramah banget,Positif
layan di rumah sakit margono alhamdulilah tugas baik semua,Positif
pelayana cukup bagus santun dan koperatif,Positif
layan tugas informasi sangat baik dan tugas tanggap dalam layan pasien,Positif
layan sangat baik pokok,Positif
selenggara latih komunikasi efektif di rumah sakit margono soekarjo purwokertotgl 19 sd 22 januari 2026yg saya ikut jalan dengan sangat baik dan profesional materi yang sampai relevan dengan butuh tenaga sehat saji cara jelas aplikatif dan mudah paham narasumber kompeten serta mampu bangun interaksi yang aktif sehingga serta libat langsung dalam proses ajar giat ini sangat manfaat untuk tingkat kualitas komunikasi baik antar tenaga sehat maupun dengan pasien dan keluarga yang pada akhir dampak positif pada mutu layan rumah sakit,Positif
latih btcls angkat 1617 sangat baik,Positif
layan bagus ramah tugas sngat membntu bagi informsinya baik dan ramh,Positif
layan bagi informasi ramah sangat membantuterimamskh bu riana,Positif
layan bagus ramah tugas baik,Positif
layan baik dan muas tugas informasnya ramah sudah di bantu trimskh,Positif
layan luar biasa,Positif
rumah sakit yang nyaman layan sangat baik dan ramah,Positif
rsud dari margono soekarjo beri alam latih yang sangat kualitas dan kesan lama tiga bulan rumah sakit ini milik sistem layan yang tata dengan baik lingkung ajar yang kondusif serta fasilitas medis yang lengkap dan modern khusus di area awat intensif lama latih serta tidak hanya bekal teori yang kuat tetapi juga sempat praktik klinik yang nyata dan arah bimbing dan tenaga sehat di rsud dari margono soekarjo tunjuk profesionalisme tinggi sikap suportif komunikatif serta buka dalam bimbing serta paham manajemen pasien cara komprehensif kritis dan bas selamat pasien budaya kerja tim yang solid kolaborasi antarprofesi yang baik serta terap standar prosedur yang konsisten jadi nilai tambah utama dalam proses ajar hal ini sangat bantu dalam bentuk sikap disiplin tanggung jawab dan percaya diri serta dalam hadap kasuskasus klinis yang kompleks cara seluruh latih di rsud dari margono soekarjo rupa alam yang sangat nila dan beri dampak positif hadap tingkat kompetensi terampil klinis serta profesionalisme bagai tenaga sehat rsud dari margono soekarjo layak jadi rumah sakit rujuk dan pusat latih yang unggul,Positif
rsud margono salah satu rumah sakit yang baik dengan layan yang muas,Positif
latih icu angkat 2 sangat baik icu bagus rsms luar biasa,Positif
kerenn rsud margono latih icu sangat baik awat senior nya bagus bagus sangat ramah,Positif
beri alam baru yang senang utama di ruang icu dan iccu,Positif
bagus bangett,Positif
sangatt josjiss,Positif
baik ramah komplit,Positif
all the facilities are a good the room vip adenoum room 320 is okay just a little bit the wc s dirty i think has been used a long time the food is a good enough the service of a doctor is the bagus good discussion with pasien also the nurse gave excellent services started first exemine in instalasi gawat darurat untill they transferred to room for carrying much thank for excellent jjob,Positif
tugas informasi layan dengan sangat puas,Positif
terima kasih kepada rumahsakit margono utama untuk ruang adenium yang sudah rawat istri saya dgn baiksaya hanya bisa memgucapkan terima kasih hadap semua layan,Positif
terima kasih untuk suster dan dokter di ruang adenium 3 sudah layan pasien dengan ramah dan buat mbah saya nyaman lama awat,Positif
bintang 5 untuk rsud margono terima kasih sudah terima pasien b20 dengan sangat baik tidak ada stigma apalagi diskriminasi sini,Positif
layan baik banget,Positif
untuk layan baik dan cepat tenaga sehat juga ramah,Positif
layan baik bagus dan muas,Positif
rumah sakit dengan layan baik fasilitas yang muas,Positif
layan memang bagus sekali sesuai slogan layan sepenuh hati,Positif
layan sangat baik,Positif
rumah sakit margono fasilitas lengkap bersih dan nyaman tugas rapi ramah ramah dan it nya luar biasa,Positif
dokter tidak konsisten dan efisen ibu saya di jadwal operasi dari jam 8 sampai sekrang bom operasi padhal sudah di suruh puasa dari jam 10 malam sungguh benar ini rumah sakit ibu saya itu kena diabetes harus segera di tangan bom jalar lho dokter bedah tidak tanggung jawab,Negatif
baik ramah puas,Positif
alhamdulilah layan baik dan ramah tugas informasi sangat tanggap dalam bantu,Positif
jauh ini layan baik sekali turut saya dokter faishal sangat baik layan awat bu ika poliklinik saraf ramah bantu tugas informasi mas hanggara ramah sekali salut sangat baik margono,Positif
terima kasih untuk layan nya tiap 1 jam langsung dipriksa dokter tengah malam pun dokter selalu priksa pokok untuk dokter dan awat nya semua luar biasa terima kasih sudah beri layan yang baik untuk pasien kamar anyelir 416,Positif
terima kasih kepada semua dokter awat apoteker dan seluruh karyawan rumah sakit margono soekarjo yang telah rawat keluarga kami dengan baik sampai sembuh seperti sedia kala layan yang ramah adalah lipur kala hati kami yang lara ketika harus tunggu orangorang cinta rawat sini moga depan makin baik lagi layan makin lengkap lagi fasilitas jazaakumullahu khorion,Positif
tangan cepat dan ramah,Positif
maaf mau tanya admin saya sudah daftar online tetapi surat kontrol untuk ke rumah sakit nya hilang bagaimana ya soal nya saya jauh dari ciamis tolong jelas nya,Positif
layan sangat tidak bagus lelet dalam tangan pasien rumah sakit bagus tetapi layan tidak sama sekali,Negatif
sangat senang,Positif
layan ramah tugas medis juga cepat dan tanggap terima kasih,Positif
tempat lebih bersih dripada rumah sakit swasta laincuma untuk urus adm lama harus tunggu 12 jam telah diberitahu boleh pulang,Positif
ganti ulas karena obat sudah sampai layan ramah dan fasilitas sangat baik hanya saja dalam kirim obat yang sangat lambat moga depan lebih baik,Positif
suami masuk rumah sakit sudah 3 malam ketemu dokter hanya 1 kali nyata batu ginjal dan harus operasi tapi sampai hari ke 3 zonk kata tindak jam 9 malam tapi sampai jam tengah 11pun gada pasti apa2 dan jelas dari awat dia harus cepat sembuh untuk hidup anak istri woy layan lelet pol,Negatif
tugas igdnya sibuk dengan laptop layan buruk nenek saya lepas infus darah darah hanya kasih kapas saja darah cecer dibed pasien layan lambat tidak sigap tidak waspada kepada kondisi pasien harap jadi evaluasi supaya lebih baik terima kasih,Negatif
parkir mahal 3 ribu untuk motor tolong di benaih lagi,Negatif
tugas main hp saat jam kerja padahal tidak ada yang antre begitu tanya apa tunggu panggil dok baru panggil telah jawab ehh ya sebentar ya tanya saya apa tidak ada sistem antara daftar ke ruang sebut sampai tugas tidak tahu ada antri lanjut atau memang ada ketidakpedulian dan remeh pasien,Negatif
ini gimana lah layan nya no antri tidak has banget panggil ngacak ngacakk lama banget misal ada sudah a 10 tiba2 ada pnggilan lagi a 5 kok bisa kya gitu kenapa sh lambat sekali layan antri pndftran lamaa antre ruang 1 lamaa lebih lagi antre dokter lama lagi keburu jm 12 istrhat lanjut lagi siang mash lamaa lagi tolong lah di baik layan trutma di layan antri,Negatif
terima kasih rskm purwokerto sangat muas layan hari ini sangat ramah lansia dan prioritas untuk lansia dari parkir cs daftar periksa ruang 1 dokter awat dan obat juga semua good sekali wlpn sempat sistem error tetapi ramah nyaman dan cepat suskes selalu rskm purwokerto,Positif
antri untuk konsul ke dokter kacau sekali tanya sama nurse station sudah antre berapa di jawab berkas sudah di dokter jadi gatau astaga mana tunggu 2 jam tidak panggil panggil dokter lagi update lagi tentang antre pasien biar jelas,Negatif
terima kasih atas layan yang beri kpd ibu saya dari ibu saya masuk instalasi gawat darurat hingga selesai terimakasihh juga untuk layan ruang fransiskus awat baik cekat dan sabar dalam tangan ibu saya walaupun kdng ibu saya agak rewell tidak lupa saya ucap terima kasih juga kpd dokter mas yang sudah tangan ibu saya dgn baik ramah dan sungguh benar jelas dengan sabar layan juga tidak beda beda baik bpjs sehat atau umum moga senantiasa seperti ituuntuk ruang bersih dan nyaman toilet juga bersih dan wangi inti baik banget lah suksess selaluu untuk rumah sakit elisabeth saranghae,Positif
kualitas dokter suster semua dech,Positif
layan bagus ramah,Positif
tolong parkir yang di jalan sangat menggangguyang di depan rumah sakit,Negatif
nyaman suster nya sangat ramah baik jugaa sopan,Positif
awat di ruang fransiskus baik ramah,Positif
layan bagus tugas ramah tempat bersih fasilitas juga lengkap ada musholla kantin dan lain - lain sangat baik,Positif
layan buruk tadi lagi kurang fit jadi minta infuse multivitamin trs tinggal sampai 15 jam tetapi lama itu infusenya mati2 mulu saya bolak balik benerin sendiri sampai akhir keluar minta tolong awat sambil nenteng infuse ujung darah naik tapi ya habis itu tinggal lagi pdhl udh mau habis saat udh mau habis panggilpanggil tidak ada yang denger akhir sampai call beberapa kali ke nomor rumah sakit baru lah ada yang datang itu tidak ada minta maaf tidak apa terus muka awat bingung doang tidak helpful tanya sus kok tidak jalan ya malah jawab saya ya tidak tau kenapa tidak jalan yah kali ini kecewa lah buang buang sekali waktu saya boro boro periksa buluh darah pecah atau enggak cek tetes per menit sesuai atau enggak ah kecewa banget sumpah tolong lah ditingkatin lagi servicenya kalian kan rumah sakit seperti toilet pria drdlu tidak ada wastafel kaca juga tidak ada jadi harus ke elisabeth yang depan tapi itu juga habis cuci tangan tidak ada alat ering atau tissue seperti canda sekali,Negatif
mahal sekali ke dokter gigi khusus anak 3 anak habis 12jutaan gila,Negatif
untuk staf dan para nakes terima kasih sudah sepenuh hati bantu dan obat adik saya sehat selalu kalian,Positif
layan nya yang lama entah dokter nya yang lama buruk bngtt untuk tangan masa udh di panggil datang 40 menit lebih terus pasien lagi ke wc bentr doang hanya buang ingus ko malah di tinggal kocak banget tidak mau tunggu tapi bikin nungu 1001 untuk reting,Negatif
bagai unjung betul saudara sedang sakit layan pegawai rumah sakit sangat 10010 judes juga tidak ada pemberitahuan tegas soal besuk beda shift beda staff dan beda juga sifat jam set 12 ketemu staff jaga yang judes dan suara kencang padahal di icu jam 2 siang ketemu staff yang jaga malah baik perhati mekanisme layan staffnya cara denah rumah sakit juga bingung dan tidak ada tunjuk yang jelas,Negatif
poliklinik tempat publiktapi wifi tidak bs diakseskatane cm untuk karyawanhari gin kok gt yawarung kecil saja free wifi,Negatif
dokter bedah sangat amat tidak ramah,Negatif
sangat buruk layan dari mulai awat yang tidak erti jadwal sudah rekomendasi kesana sana dampar tidak ada yang beri edukasi ini itu fasilitas susah tempat tidak nyaman mana ada keluarga pasien suruh ambil darah sendiri ke pmi ambil sendiri bayar senduri kata nanti bisa diclaim bpjs sehat saat kontrol halo awat pada gimana staf administrasi juga semua anehh layan sangat amat buruk,Negatif
tolong pelayananya baik apa lagi untuk pasien bpjs sehat pbi jangan untuk pasien pontang pantingberikan alas yang logis,Negatif
layan sudah bagus dan muas,Positif
luar biasa layan rumah sakit umum dadi keluarga sangat baik,Positif
pertama kali anak rawat di rumah sakit dadi keluarga alhamdulilah layan bagus dokter dan awat di instalasi gawat darurat ramah masuk ruang juga cepat bpjs sehat kelas 1 luas sekali kamar nyaman hanya masuk untuk awat di ruang lebih cepat tanggap ya yang lain sudah baik sukses terus rumah sakit dadi keluarga,Positif
saya rawat kamar 505 kamar bersih cepat langsung laku tindak ruang bersih awat ramah sopan bicara sopan,Netral
fasilitas rumah sakit nya lengkap layan ramah,Positif
sya pasien poliklinik kandung layan muas dan detail banget,Positif
alhamdulillah layan nya sangat muas,Positif
alhamdulillah beberapa x rasa rawat inap di rsdk cukup puas dng layan nya awat ramah semua moga depan lebih optimal lagi dan moga saya sehat panjang umur dan bahagia aamiin,Positif
rumah sakit dengan layan baik semua tugas helpfull dan ramah laboratorium sangat baik tidak sakit ambil darah,Positif
layan sangat baik baik sangat baik layan tunjang ramah ramah bersih dan senang,Positif
instalasi gawat darurat nya cepet tanggap dari dateng sampai pulang,Positif
layan mudah dan cepat ditanganipegawenya ramah ramah,Positif
layan instalasi gawat darurat sangat cepat dan sigap awat dan dokter ramah serta profesional pasien langsung tangan tanpa tunggu lama terima beri atas layan yang sangat bantu,Positif
layan di rsdk sangat muas utama di instalasi gawat darurat awat dan dokter ramah tangan cepat ruang bersih dan tertatasemoga layan ini terus tahan,Positif
layan sangat ramah gedung bagus ruang bersih sangat baik,Positif
layan ramah tempat bersih parkir luas,Positif
saya datang ke rumah sakit ini untuk cari tolong medis bukan untuk ikut aga busana atau nilai moral dari staf anda sungguh ironis institusi yang harus junjung tinggi nilai manusia justru lebih prioritas tampil fisik daripada urgensi sehat pasien apakah celana pendek saya kurang hak saya untuk dapat layan sehat atau ramah kini jadi barang mewah yang hanya beri kepada orangorang tentu saja kepada manajemen rumah sakit tolong evaluasi kembali standar etika tim garda depan anda security dan tugas daftar adalah wajah dari rumah sakit ini jika mereka tidak milik empati tidak bisa beda urus pribadi dengan wajib profesional dan hanya bisa beri pandang sinis seolaholah pasien adalah beban maka mereka telah gagal jalan tugas jangan biar pasien pulang dengan luka batin telah mereka datang bawa luka fisik saya harap ada baik nyata karena kualitas buah rumah sakit tidak hanya nilai dari canggih alat medis tetapi dari bagaimana manusia di dalam manusia orang lain,Negatif
kalo pakai mjkn antri cepat tidak rumit tidak harus tunggu lama datang lgsg finger dan ke poliklinik,Positif
layan ramah dan cepat fasilitas lengkap,Positif
dalam layan cara umum dan khusus baik layan ramah lingkung dan ramah layan pegawai nya sukses selalu dan makin jaya rumah sakit dadi keluarga aamiin,Positif
layan baguspetugas sangat ramahtempatnya bersih,Positif
bad hospital nurse and doctor ibu saya bolak balik opname di rumah sakit ini hari pertama masuk rumah sakit masuk instalasi gawat darurat pelayananya lama masuk infus dan ruang rawat inap cukup tunggu lama berjamjam gawat darurat lho masa santai amat ruang awat kosong kontruksi dekat bangsal emergency button error saat sudah benar dicall 510 menit pun tidak angkat jadi mau gamau harus ke ruang awat satu bangsal a dan b ruang awat jadi satu di bangsal a ibu saya sudah request gamau makan amis di hari yang sama ganti tempe besok kasih yang amis lagi dan akhir muntah lagi ahli gizi mikir tidak ya awat pun ada yang tidak terap 3s seperti ikhlas tidak ikhlas rawat pasien betul ibu saya masuk icu telah dari icu masuk bangsal tensi masih tinggi saran untuk pulang namun saya komplain dan akhir h2 boleh pulang dengan kondisi yang lemah sampai akhir ibu saya tidak ada telah 3 hari dari rumah sakit yang mau rawat inap di rumah sakit ini mending ke jih saja ya,Negatif
layan sangat baik waktu tunggu yang singkat ramah dan nyedulur,Positif
layan muas moga lebih baik lagi,Positif
sangatt bagus dari layan admin pegawai semua ramah ramah dan sangat baik luv sekali pokok,Positif
layan muas pegawai ramah dan sangat bantu,Positif
ruang aula nyaman dan mudah untuk jangkau,Positif
layan di rumah sakit ananda baik,Positif
rumah sakit baik di kab banyumas beri layan sesuai dengan standar prosedur,Positif
untuk layan di rumah sakit ananda purwokerto bagus,Positif
pegawai ramah dan dari segi layan sudah baik,Positif
staff ramah cekat layan baik bersih,Positif
rumah sakit ananda beri pelayanna dengan sepenuh hati,Positif
aula nyaman pegawai ramah,Positif
layan sangat ramah dan cekat mulai dari daftar sampai ruang periksa dokter sangat ramah dan komunikatif terima kasih rumah sakit umum ananda purwokerto atas layan baik,Positif
lama hamil cek sini awat ramah dan sangat bantu tempat bersih dan toilet juga bersih dokter ramah saya suka dengan dokter ika lahir niat mau sini moga beri mudah dan lancar,Positif
alhamdulillah layan nya sangat cepat ramah dan tempat yang nyaman ank saya tenang dan sabar tunggu antri,Positif
hari jumat depan tgl 20 februariapakah ada drlizaldisaya mau kesana,Netral
smuanya bagus hanya dbagian farmasi antri lama banget yang dtng trahir malah di duluin moga depan lebih baik lagi,Positif
terima kasih sudah percaya,Netral
parah sitemnya harus di baik lagi kalo mau maju orangtua saya rongten bayar umum dari tanggal 31 di tanya hasil sampai sekarang tgl 5 belum ada hasil lebih layan bpjs sehat baru tau layan rumah sakit buruk kata hasil di kirim lalu wa dari tugas di wa respon kata hari libur dokter libur tidak sekali rumah sakit libur juga dari kondisi yang skala nyeri tangan habis jatuh level pai 6 sampai tidak jelas rongten tangan sampai skrng vlm fau hasil apa kalo mau lebih maju dan paripurna baik lagi tidak ada rumah dakit seperti ini sistem saya rongten di umum biasa 1 hari hasil expertise sudah jadi dan di hari itu juga hasil rotgen di baca dan di jelas kan oleh dokter sangat kecewa parah,Negatif
sorry saya memang tidak paham soal dunia dokter tetapi yang saya tau kan kalau bayi lintang memang harus sesar ini ko palah dikash pilih sama dokter mau induksi apa sesar apa memang ky gitu prosedur apa hanya mau bikin para calon ibu mental turun,Negatif
layan lama doktere ya mangkat awan ora satset enak ng siaga medika,Negatif
fasilitas dan layan bagus,Positif
layan ramah bersih dan cekat,Positif
sangat cocok jadi rumah sakit didik alam yang luar biasa,Positif
sangatt baik,Positif
layan baik awat informatif dan ramah,Positif
farmasi nya layan nya buruk sekali ambil obat selalu bom lengkap lah habis lah sudah 3hari dari tgl kontrol obat masih bom lengkap terus kalau yang rumah jauh apa tidak kasi bolak balik dan nyata bukan hanya saya yang lain juga begitu obat selalu bom lengkap memang gabisa restock belum habis pantes banyak yang pindah rumah sakit,Negatif
mohon lah baik di bagi ruang tunggu lorong lorong di poliklinik jantung poliklinik gigi biar nyaman ac tidak bisa ya kipas anginwes rasa sakit gigi malah suruh rasa suhu ruang yang begitu tinggi akhir sakit malah tambah emosi kasihan pasien pasien pengunggi kasiansemua,Positif
rsud banyumas adalah tempat ajar yang baik dan senang bagi dokterdokter muda,Positif
layan ramah awat dan doktor nya juga ramah,Positif
pelayananntasa sudah baik,Positif
layan staff dan security cukup ramah,Positif
layan baik dan mudah bagi semua moga makin baik ke depan,Positif
yang bikin heran pasien struk engga boleh ditungguin gilir lgi darurat baru boleh ditungguin apa ada pasien struk bisa apaapa sendiri,Negatif
datang awal masih pagi daftar ke poliklinik paru saat sudah di poliklinik paru antre lama sekali dokter tidak dateng2 banyak sekali kakek nenek sudah pada antre kasi posisi jam 10 lho kok belum ada dokter niat kerja tidak dokter ada juga yang lagi hamil sampai pusing lemesdokternya tidak disiplin kecewa berat,Negatif
rsud banyumas jaya jaya jaya masya allah oprasi sc naik kelas vip dari bpjs sehat kelas 1 tambah biaya murah sekali haru alhamdulillah tidak sampai mahal vaksin hexaxim terima kasih moga allah balas baik kalian berkalilipat aamiin ruang luas layan gerak cepat dan ramah fasilitas tambah tempat tidur tv kulkas mandi air hangat dan makan sangat enak ada ayam fillet daging sapi ikan dor teriyaki dan snack yang enak sekali masya allah baik,Positif
layan rumah sakit yang professional,Positif
baik,Positif
bpjs sehat ketenagakerjaan bisa apa tidak,Netral
baru pertama anak di rujuk ke dokter gigi di snidr awal loket sudah bagus cepetsampai di poliklinik ruang tunggu yang kurang nyaman sumuk apalagi bawa anak2waktu tunggu dari sampai poliklinik sudah 2 jam dokter belum dateng tidak sesuai di mobile jkn estimasi di layan pukul 830 kamar mandi bersih tetapi tidak ada untuk cantelin celana kalau mau bab,Negatif
sangat luar biasa layan untuk mahasiswa yang praktek,Positif
bersih dan baik layan lengkap juga poliklinik nya namun untuk tunjuk parkir masih sangat kurang masuk aman kendara yang kurang jamin karena pada saat masuk tidak ada periksa atau ambil tiketcapture kendara lain dari itu baik layan terus sehat para tenaga nakes nya,Positif
layan baik tempat nyaman bagus bersih sangat baik rsud ajibarang,Positif
alhamdulilah lahir sini lebih baik dan enak,Positif
saya sangat senang atas layan di rsud ajibarang,Positif
rsud yang layan muas hanya rsud ini kaya lah,Positif
alhamdulillah sakit baik sekarang tempat nyaman bersih,Positif
layan baik tempat nyaman bersih maju terus rsud ajibarang,Positif
sangat baik layan nya ramah semua baik bagus nyaman dan tempat bersih pokok puas,Positif
layan di ruang camar bawah awat dan dokter respon cepat tanggap dan jelas yang mudah erti,Positif
alam lama di rawat di ruang camar bawah awat ramah dan juga sigap dalam tangan pasien juga sabar dalam hadap kondisi pasien,Positif
tangan cepat dan tanggap baik dan nyaman ruang camar bawah moga sukses selalu yang jaga juga baik cantik,Positif
layan ruang camar sangat muas awat ramah ramah,Positif
layan baik sekarang tidak perlu antre lama karena sudah online terima kasih,Positif
alam anak saya pernah di rawat ruang kepodang fasilitas sudah total banget ramah anak layan bagus semua tugas juga baik dan ramah kamar bersih,Positif
mohon maaf antri obat di poliklinik jiwa terlalu lama lebih cepat yang di apotik depan,Positif
ruang camar layan bagus awat ramah,Positif
alhamdulillah sudah sehat terima kasih,Netral
alhamdulillah sakit baik layan muas terima kasih,Positif
layan sudah baik tempat nyaman bersih maju terus rsud ajibarang,Positif
layan nya selalu ramah dari anak rawat dari bayi krna kuning smpai umur 2th mas suka bolak balik alhamdulillah sekarang sudah tmbah aktif anak,Positif
layan nya ramah alhamdulilah saya habis tindak tusuk paku dengan tenaga profesional di rumah sakit ini lancar dan biaya jangkau para staf juga sangat bantu dalam proses,Positif
bagus layan baik dan ramah baik,Positif
pasien dari arinton ruang tulip 2 layan dokter dan awat baik bersih dari awal keluh cepat tertanganimks,Positif
jauh2 dari cilacap anak pertama langgan vaksin sini kontrol hamil anak dua tiap bulan dari awal sampai lahir sc juga sini sama dari syamsul anam rumah sakit kecil tetapi compact fasilitas cukup baik layan juga baik bintang 100 kalo ada semua ramah dari administrasi depan awat dokter sampai operator di ruang operasi semua tenang terima kasih bunda arif terima kasih dari anam dan dokter asha,Positif
untuk layan bagus harga nya tidak terlalu mahal langgan kontrol kb iud pasang lepas kb iud sama dokter syamsul anam spog nyaman minim rasa nyeri pasang lepas kb iud sama dokter syamsul pokok nya dokter nya baik sekali alam hanya kadang2 berisik sama suara awat kalau ngobrol pada keras suara,Positif
pake pribadi tetapi tangan lama banget di instalasi gawat darurat nya,Negatif
alhamdulillah layan sini cukup baik,Positif
moga rswk makin maju,Netral
layan sangat baik ramah dan sangat cepat sekali begitu masuk instalasi gawat darurat langsung tangan dan tindakanya cepat baik awat maupun dokter,Positif
sangatt baik sekali layan di instalasi gawat darurat,Positif
layan ruang kresna muas anak saya di rawat ruang kresna layan muas awat baik2 sangat baik markotop,Positif
awat nya di ruang kresna wijayakusuma purwokerto baik terimaksih sudah bantu istri saya,Positif
pertama masuk instalasi gawat darurat daftar layan laki2 yang pake kaca mata sangat tidak sopan sekali dalam bahasa saya tanya baik malah laku kasar sikap kasar sangat sesal ke sini padahal sini bayar pribadi tidak pake bpjs sehat,Negatif
sudah jadi rahasia umum sudah poko ytta saja layan sini kek mana dari instalasi gawat darurat sampai awat bocah masuk instalasi gawat darurat di weekend gaada dokter spesialis sampai dapat kamar sudah 24 jam padahal sakit dokter umum pun gaada padahal kan bisa by phone handle dlu sama dokter umum tapi wujud dokter pun gaada wth gilir dapat soal diagnosa sakit awat kaga terima padahal santai saja kami dapat dan dapat juga karena ada mantan pasien yang sama gejala bukan self diagnose makanya beri unjuk dokter suruh visit astaga,Negatif
pernah masuk instalasi gawat darurat tengah malam bukan tangan malah banyak tanya bpjs sehat atau umum ini obat mahal hey kalian tidak mikir nyawa dulu kah daripada mikir duit saya juga punya uang kali di instalasi gawat darurat lama mana pake tanya mau pake obat apa bisa ngobatin gaksi kalian ini di instalasi gawat darurat saja selimut tidak ada selimut lho layan macam ini standar parah sekali kalo tidak cerewet dan emosi gatau itu nyawa adekku kek mana banyak omong di layan,Negatif
sedang dalam renovasi layan pasien seperti biasa,Netral
layan dokter dan suster baikramah lama ini baru nemuin dokter baik dan ramah,Positif
bidan baik baik dokter ramah layan bagus,Positif
layan buruk sekali bapak saya masuk instalasi gawat darurat layan lambat sampai masuk kamar rawat inap dan obat lambat sudah tau saturasi oksigen rendah hanya kasih bantu oksigen keluh perut sakit hanya suruh makan makan doang nama juga orang sakit sampai akhir bapak tinggal saya tau si tinggal itu memang qadarullah ya tapi turut layan lambat sekali mentang2 pakai bpjs sehat please tawarin saja umum kalau memang sangkut nyawa kita mampu bayar kok perawat2nya slow respon sekali kecewa lah not rekomendasi ya temen2 yang sudah parah better bawa ke rumah sakit lain saja,Negatif
terima beri rawat pasien dengan sangat bagus,Positif
baik layan di ruang kresna dkt pwt terima kasih,Positif
ruang abimanyu awat ramah ramah semua cepat tanggap bagai keluh terima kasih ruang abimanyu,Positif
ibu saya di rawat di bangsal kresna rst wijayakusuma purwokerto semua layan nya baik dan cepat,Positif
tolong baik sistem dimobile jkn sudah ambil antri sampai rumah sakit nyata poliklinik libur parkir tidak ada 10 menit langsung kena tarif,Negatif
layan lambat kalau tidak paksa juga tidak akan kesini,Negatif
ke dokter anak tapi dokter engga ramah sama sekali kalimat yang pakai bukan edukasi tapi malah salah pakai nada tinggi pula ngomongnya,Negatif
karyawannya beberapa ada yang sering keluar jam kerja mulai belum berangkat tidak ada di ruang padahal masih di jam kerja mohon di tindak lanjut,Negatif
tolong cepet dikit layan tunggu ruang untuk pasien dari pagi sampai sore tidak panggil panggil banyak lho ruang di rumah sakit ini knp lama sekali tunggu apa kita udh sesuai prosedur kesana kesini tinggal dapat ruang saja lama kali,Negatif
layan ramah dan cepat tenaga medis dan tugas administrasi layan dengan sopan dan sigap dokter dan awat profesional jelas jelas tangan baik dan pasien rasa perhati fasilitas bersih dan rapi ruang tunggu kamar dan lingkung rumah sakit awat dengan baik,Positif
gimana ini layan poliklinik thtnya saya pasien bpjs sehat sudah dapat rujuk mau periksa kamis tidak ada jadwal akhir jumat sampai tempat nyata dokter cuti dan hanya ada satu dokter tanpa ganti baru bisa senin minta ke igdtapi pihak instalasi gawat darurat bilang tidak tercover bpjs sehat karena rujuk untuk ke poliklinik paksa tunggu lagi dengan tahan pening dan nyeri terlalu,Negatif
molor,Negatif
ramah dan care sekali para staf rumah sakit bersih fasilitas bagus masya allah baarakallaahu fiikum,Positif
salah satu rumah sakit baik yang pernah saya kunjung sedikit kritik untuk bagi daftar poliklinik kandung untuk lebih ramah lagi dalam layan pasien yang tanya karena tidak semua pasien tahu alur daftar,Positif
layan di antri sangat lama sangat lama tangan di loket hanya 2 orang saja sangat tidak efisien,Negatif
layan bagus sopan cekat karyawan ramah tempat bersih rapi wangi gedung pada vasilitas bagus area parkir luas,Positif
alhamdulilah saya punya alam pribadi dompet saya jatuh di daerah cilongok alhamdulilah temu oleh karyawan rumah sakit medika bagi marketing bp teguh dan dompet antar rumah dalam kondisi utuh moga beliau sehat selalu mudah urus dan pekerjaannyaamiin lebih saya selalu pilih rumah sakit medika bagai opsi layan sehat karena sigap dan tanggap dalam kondisi darurat simple dan mudah layan ramah moga makin maju dan kembang ramah dan siap layan,Positif
kita haru saat pasien beri senyum dan sapa yang penuh rasa beri saat datang ke rumah sakit ini,Positif
sangat sangat puas dari segi layan dan lain - lain luar biasa,Positif
profesional nice hospitality dan fast response untuk semua tim khusus layan rekam medis,Positif
terbaikrumah sakit rasa hotel layan sangat baik semua sangat ramah,Positif
based on my experience 2 x disni ketemu dokter yang komunikatif itu kaya berlian apalagi di kota kecil kaya purwokerto ktm dokter umum dari anang beliau details banget jelas dua ktm dokter tht dari hariyudo juga asa kaya lagi kuliah di jelasin details mana bagai pasien sangat amat appreciated ya suster juga sangat ramah layan cepat rumah sakit nya juga bersih thank you,Positif
sangat baik,Positif
rumah sakit besar dan sedia lahan praktek untuk mahasiswa sehat,Netral
vaksin sini bocil,Netral
bagi di poliklinik lama bangetnunggu dokter hampir 1 jamkasian pasien yang datang lebh awal dari jauhmohon perhati tepat waktu untuk dokterkami sini obat bayar bukan gratisperawat dokter bisa terima gaji dari para pasien,Positif
mulai masuk lewat instalasi gawat darurat sampai keluar kamar awat semua muas terima beri atas layan dan ramah seluruh team jih dokter2 nya awat bag farmasi gizi cleaning service administrasi security dan bagi spiritual yang datang untuk doa sembuh suami all team sangat ramah totalitas dalam layan dan informatif untuk segala yang kami perlu moga makin kembang dan tetap totalitas layan pasien dan keluarga khusus terima beri untuk team di ruang tulip semangat selalu,Positif
layan paripurna di rumah sakit jih apa lagi bagi adminitrasi yang nama arif super cekanah ramah dan murah senyum,Positif
sangat helpful bantu dan layan kami pasien jih terima beri,Positif
alam yang kesan di rawat di rumah sakit jih purwokerto lama sakit suster sangat ramah profesional dan hangat serta usaha erti ada dan minta pasien selalu perhati dan ecek kondisi pasien cara kala cara seluruh sudah sangat baik namun bagai masuk untuk tempat makan jangan pakai box kertas seperti dulu saja guna piring karena guna box kes tidak rapi kurang etis sulit saat makan makan jadi kurang ter display dng baik terima kasih,Positif
dari awal hamil dehidrasi rawat inap sini sampai kemarin lahir di jih pwt juga masya allah sekali layan tidak ada kurang semua staff ramah tempat bersih rapi bagus makan enak dokter juga luar biasa terima kasih dari herman sehat selalu,Positif
suka sekali dengan rumah sakit jih golong masih baru ya di purwokerto operasi tahun 2022 bangun masih sangat awat lobby nya luas estetik ada taman di area food court belakang layan cepat dan ramah ada musholla yang besar dan bersih toilet juga bersih dan wangi chat wa rumah sakit pun responnya cukup cepat dan baik kemarin kesini saat hari jumat ada umum untuk sholat jumat dan lokasi sholatnya juga,Positif
untuk dokter dengan inisial ka patut perhati bahwasanya perilaku dokter hadap pasien tidak kenan dan tidak timbul rasa aman dan nyaman saat periksa lalu diagnosa tidak jelas dan tidak komprehensif karena bakteri dan infeksi itu banyak macam tolong spesifikasi agar narasi tidak bodoh pasien lebih dari itu resep obat yang beri juga tidak masuk akal dan cukup lebih ingat bagi dari obatobat yang cantum tidak perlu untuk pulih selain itu jawab insya allah yang lontar telah tanya kena pulih justru undang curiga dan waspada telah periksa yang ceroboh dan kurang profesional mohon untuk bisa evaluasi lagi demi maju sehat masyarakat lokal lebih lagi riwayat akademik dokter yang bilang prestisius juga harus jadi bahan timbang untuk layan sehat yang lebih inklusif tanggung jawab dan profesional,Negatif
maaf saya beri bintang 1 biar ada atensi tolong lah bagi serah obatfarmasi tambah orang pasien begitu banyak hanya 1 orang antri jadi ular padahal ketemu dokter dan admisi juga bisa cepat,Negatif
layan admisi ramah sekali dan helpfulnu,Positif
maaff sedikit cerita saya priksa di poliklinik ank dngan ank saya yang diagnosis abd sama alergi laktosa okee lh awal2 di cek lab doang tetapi knp gaa cek urine cek rongsen cek mountox trs kt dsa nya bilang ank saya tidak perlu kontrol lagi dan tidak di beri hasil lab akhir dan di suruh fisioterapi di beda rumah sakit saya minta rujuk di omelin dan d sruh ke rumah sakit islam lagi kalo ank saya udh bisa duduk saya memang pasien bpjs sehat tetapi tolong jngn beda2in pasien bpjs sehat sama umum untuk dsa ny tlong di baik lagi jngn smpi ke org lain juga,Negatif
bagus layan nya sangat ramah,Positif
wifi saja pelit tanya cs malah jutek,Negatif
ke poliklinik paru sudah datang sesuai jadwal tetapi dokter malah pergi pdhl di jadwal sampai jam 5 sore tetapi baru jam 5 sudah tidak ada malah di suruh tunggu smpai habis mghrib bahkan lebih sangat baik,Negatif
layan di instalasi gawat darurat cepat sekali responya,Positif
alam lahir sini inap ruang sangat nyaman fasilitas baik awat dokter dan pegawai ramah saya pake bpjs sehat kelas 2 saat lahir naik kelas 1 bayar murah terima kasih atas layan,Positif
saya pasien rawat inap mawadah layan sudah bagus makan sangat enak perawat2 sangat ramah sudah bagus karena org indo orgnya ramah mungkin bisa di beri saran ke pihak keluarga pasien atau pasien sendiri sesuai sakit biar cepat sembuh seperti minum air yang banyak konsumsi ini itu bagai saran dan masuk itu lebh bagus lagi bagai bentuk semangat untuk pasien tapi sudah baik dan sangat cukup bagus tanggap tuju nyaman saya sangat puas tidak ada hal yang tidak muas terima kasih banyak pegawai karyawan civitas hospitalia rumah sakit umum animah wangon sehat selalu lancar2 rezeki maju terus rumah sakit umum animah wangon,Positif
layan yang baik dan ramah moga jadi rumah sakit yang bisa bantu orang orang yang butuh,Positif
tindak cepat layan ramah gedung yang bersih,Positif
alhamdulillah pelayananya ramahhmudahcepatt terima beri buatt rumah sakit orthopaedi purwokerto,Positif
dari dulu saya takut masuk ke rumah sakit ini karena biaya mahal tetapi alkhmdlh sekarang sudah bs nerima bpjs sehat masyarakat kecil mudah2an rumah sakit ortopedi ini sellu mmberikan layan yang baik dan ditrima oleh msyarakat luas amin,Positif
bawa rujuk dari faskes 1 tuju rsop poliklinik orto tapi sama satpam suruh ke margono ya jelas di margono tolak suruh balik lagi ke rsop,Negatif
layan yang muas ramah dan sahabat,Positif
bersih nyaman layan cepet tidak kaya di rumah sakit umum klinik biasa bagi payment farmasi lama banget manyak space sudut untuk duduk nyaman sambil healing tipis karena ada gazebo view yang bagus,Positif
bersih cukup nyaman layan baik dan ramah,Positif
tugas semua ramah sekali layan baik lingkung rumah sakit nyaman poll bersih baik,Positif
layan ramah dan santun,Positif
nang cepat servise exvelent,Positif
pasien dokter heppy ruang dahlia 4 lama awat sangat bantu ruang bersih dan awat dokter sangat ramah dan baik,Positif
layan bagus dokter dan staf ramah dan banyak senyumruangan nyamanterimakasih,Positif
awat dan dokter baik,Positif
ruang edelweis 3 atas nama pasien ananda abidzar al ghifari purba terima kasih atas layan yang sangat baik perawatperawat sangat familier dan sangat ramah anak alhamdulillah saya dan keluarga dari dulu selalu di rumah sakit bunda karena layan selalu muas dan asa tidak di rumah sakit menu sehat juga sangat bagus dan variasi sukses untuk rumah sakit bunda moga jadi rumah sakit yang baik di kab banyumas ini moga ahli medis awat dan karyawan rumah sakit bunda selalu beri sehat dan lancar rejeki aamin terima kasih,Positif
pasien atas nm an ayumna ruang anggrek 1 pasien dari wening alhamdulillah pelayananya sangat baik dari nya sangat ramah untuk kebersihanya juga sangat di jaga,Positif
pasien dokter diky ruang b1 terima beri untuk keparawatannya saya puas pelayananya baiktempatnya juga nyaman bersih,Positif
pasien dokter dikky ruang melati 1 terima beri untuk layan kami sangat bantu sekali terima,Positif
saya rawat ruang anyelir pasien dokter anton layan muas,Positif
dari sutrisno bagus layan cara jelas ke pihak kluarga pasien juga bgus pokok mantab dari sutrisno untuk rumah sakit bunda pwt juga bagus layan,Positif
saya pasien dari anton layan bagus,Positif
pasien dranton anggrek 3 layan baik bidan sangat ramah,Positif
pasien dari arinton ruang tulip 4 dari arinton puas banget jelas nya baikramahmakanan enak ruang nyaman kamar mandi bersih pokok layan the bagus bgtmantap banget jelas ahli gizi detail banget awat nya juga ramah gercep rumah sakit bunda selalu langgan di rumah sakit bunda,Positif
bapak gunawan ruang melati pasien dari heppy alhamdulillah layan sudah muas terima beri,Positif
pasien dokter arinton kamar e 2 layan runah sakit layan nya bagus cepatsangat bagus awat ramah semua,Positif
pasien dari mas tulis iv lama awat dari dokter jelas bagus dari awat layan bagus dari bersih sudah cukup,Positif
pasien dari arinton kamar bugenvil 1 lama awat dari dari periksa bagus ramah layan muas telaten dari awat rawat muas gercep sekali ramah dari bersih bersih dari makan cukup enak,Positif
pasien dari heppy kamar dahlia 5 lama awat dari dari ramah baik respon cepat sabar awat bagus baik makan enak bersih cukup,Positif
pasien dokter dikky ruang m3 terima kasih untuk tim awat dan dari dikky ramah banget orang untuk yang mau konsul2 rekomendasi ke dari dikky,Positif
pasien dokter arinton layan bagus,Positif
untuk tanggal merah apakah rumah sakit tetap buka,Netral
pasien dari mas ruang dahlia 4 izin sampai ulas rumah sakit bunda bagus layan awat gercep dan kompeten dokrnya ganteng fasilitas nyaman rasumnya enak love rumah sakit bunda kebon,Positif
pasien drheppy kamar dahlia 4 lama awat pelayananya bagus baik telaten awat cepat dalam nang dokter jelas dgn detail bersih sangat cukup ahli gizi edukasi dgn detail sehingga mudah untuk paham,Positif
pasien poliklinik dari mas baik dan nyaman,Positif
mohon maaf bertanyaapakah telah daftar langsung di laku tindakanatau tunggu brapa minggu dulu,Netral
pasien dari arinton r bougenville 2 awat ramah ramah kalu ada keluh cepet tanggap,Positif
layan sangat baik rumah sakit bersih dokter ramah dan baikbaik,Positif
nang selalu sigap dan fasilitas pada,Positif
pasien dari poliklinik dari happy tangan muas dan senang hati kami puas,Positif
saya pasien dari sutrisno layan sangat baik dokter sangat informatif dan komunikatif alhamdulillah telah saya di tangan oleh dari sutrisno sampai sekarang tidak ada luah apa,Positif
pasien dari poliklinik dalam dari happy rutin tiap bulan kontrol kesini layan dan dokter ramah,Positif
pasien drwiliamsumpek,Negatif
layan baik tugas ramah nyaman tempat,Positif
pasien doktr arinton poliklinik gastro udh langgan dari jaman dahulu doktr nya pinterpelayanan baik,Positif
pasien dari poliklinik dokter arinton layan sangat muas dan ramah ramah serta santun mohon selalu di tahan,Positif
pasien dari poliklinik dari arinton lama saya obat di rumah sakit bunda dengan dari arlington saya rasa cocok dan layan juga baik ramahsaya senang obat dengan beliau krna beliau dokter yang senior,Positif
pasien poliklinik dari arinton sudah muas sekali ramah teliti dan hebat sudah sepuh masih oky,Positif
pasien poliklinik dari arinton layan sangat baik dan cepat,Positif
pasien dari poliklinik dari arinton kesan dari awal daftar sampai mau periksa layan baik dan muas terima kasih,Positif
layan ramah baik dan muas dari administrasi hingga periksa saat ini saya sedang ada periksa dengan dokter sutrisno dan dokter arinton,Positif
pasien dari arinton datang dengan keluh perut perih dan lilit kembung nyeri ulu hati mual muntah nyeri perut kanan atas lama awat sini layan sangat muas baik dari dokter awat ahli gizi makan dan tugas bersih ruang juga bersih nyaman dan rapi terima kasih,Positif
pasien dari arinton sangat muas dalam layan,Positif
pasien dokter johannes mas adityasppd ruang edelweis 3 layan sangat baik dokter sangat baik dan ramah juga cepat tanggap nyaman untuk konsultasi awat juga sangat baik dan ramah sekali untuk bersih ruang cukup terima kasih rumah sakit bunda purwokerto atas layan,Positif
dengan keluarga ibu winda ruang tulip 12 pasien dari sutrisno terima kasih atas layan yang baik,Positif
saya dari keluarga inu rohaeni ruang melati 2 dengan dari sutrisno saya puas dengan layan dari rumah sakit bunda,Positif
pasien dari arinton ruang dahlia 4 layan dari dan awat baikdan muas rumah sakit bersih makan gizi enak bila ada keluh cepat tangan dari awak masuk ke instalasi gawat darurat cepat di tangan terima beri sekali layan r s bunda,Positif
layan dari dokter bidan dan awat ramah semua,Positif
dari sutrisno bagus banget,Positif
layan dokter sutrisno dan bidan ramah dan sangat muas,Positif
alhamdulillah layan dari pihak rumah sakit sangat bagus dari yang awal online sampai offline baguspelayanan dari poliklinik bagusapalagi dari sutrisno yang beri layan trhdp pasien sangat baikbahkan tenang sgh saat nyata dengan diagnosanyapun pasien jadi lbh tenangtrimakasih rumah sakit bunda dan terima kasih dari sutrisno terima kasih para awat bidan sampai adminnya,Positif
moga depan nya lebih baik lagi,Netral
alhamdulillah kami cukup puas dengan layan di rumah sakit bunda,Positif
istri saya operasi dengan dari sutrisno layan bagus fasilitas baik tangan cepat dan dokter sangat baik dan ramah,Positif
terima kasih atas layan lama 3 hari di rawat saya puas ruang bersih dan rasa nyaman tidak asa lagi di rawat di rumah sakit terima kasih mbayuni atas rekomendasi kepada saya buat saya rasa nyaman di rawat terima kasih drsutrisno telah sabar rawat dan dengar keluh kesah saya bismillahirrahmanirrahim dede bayi bisa kuat sampai waktu lahir terima kasih ibu2 bidan yang sudah baik hati rawat saya moga layan di rsbunda akan selalu dan makin baik jaya terus rumah sakit bunda,Positif
terima kasih layan nya ramah ramah rumah sakit bunda arif tapi sangat sayang uang yang di tranfer lebih tapi lama di proses masa minggu,Netral
pasien dari dikky kamar tulip 7 dokter ramah layan ramah sangat baik coy,Positif
pasien dari wening untuk layan muas awat bagus dokter ramah,Positif
pasien dari arinton ruang anyelir 1 layan dokter dan awat sangat baik dan makan dan juga sangat enak tempat bersih,Positif
pasien dari arinton ruang tulip v layan dokter awat fasilitas baik,Positif
layan dokter baikramah awat pasien dari arinton r dahlia 4rs bersih,Positif
pasien dari arinton r dahlya 4 layan dokter dan awat muas majanan dari gizi rumah sakit enak bersih awal darang tangan cepet mks,Positif
rumah sakit sangat nyaman dan dokter suster sangat ramah,Positif
rawat inap 3 hari yang cukup dan dengan awat dan dokter yang handal alhamdulillah 3 hari sudah boleh pulang,Positif
terima kasih banyak rumah sakit bundasaya kena gerdpelayanan mantapapalagi konsul dengan pak dokter arintonruangan bagusada ahli gizi jugapelayanan obat terincipelayanan endoskopi nya juga bagussemoga saya lekas sembuh dan sehat kembali amin,Positif
pasien dari arinton r glo 1 layan bagus bangetcepat dalam layan pasien ruang awat pelayanam bagusramah cekat layan kami makan sesuai gizi pasien cepat sembuh,Positif
pasien ruang bougenville 2 awat dari arinton sangat baik interaksi baik komunikatif layan ahli gizi komunikatif kamar bersihkeseluruhan awat dari awat ramah dan siaga terima kasih,Positif
pasien dari leo edelweis 3 layan cukup baik tetapi ada beberapa yang harus benah seperti bersih di tiap sudit rumahsakit,Positif
pasien dari sutrisno ruang tulip 6 layan sangat bagus ruang baik,Positif
ruang dahlia 4 pasien dokter mas atas nama laela layan bagusramah dan cepat tanggap dokter sangat ramah dan baik,Positif
dari sutrisno dokter baik ramah pinter sekali layan rawat inap sangat baik habis apa lagi bidan ramah ramah sekali tempat nyaman dan bersih,Positif
dokter sutrisno layan muas masuk bidan layan dengan ramah,Positif
sangat nyaman ruang dan semua tugas ramah dan jelas dengan baik pasien dan keluarga terus tingkat,Positif
saya pasien dokter sutrisno alam ny baik ramah dan,Positif
saya pasien dokter sutrisno dokter humble dan senang,Positif
saya pasien dari sutrisno untuk layan sangat muas,Positif
dari anton bagus layan tegas awat juga ramah tamah cekat,Positif
rumah sakit baik layan jos,Positif
saya pasien dokter sutrisno pelayananya sangat baik muas,Positif
saya pasien dari heppy atas nama winarni dari ruang melati 2 layan bagus awat ramah kebersihanny bagus dokter baikramahmemuaskan,Positif
cepat tanggap baguskeramahan baik dan nyaman ruang rawat,Positif
layan sangat baik sekali,Positif
alam saat usg istri layan di rumah sakit bunda ramah sekali fast respon dan tidak bikin pasien tunggu lama proses rapi dan nyaman bonus kalau lagi lapar tinggal nyebrang dikitdi depan ada bakul somay rasa enak juga,Positif
fasilitas rawat inap bersih dan nyaman awat responsif dan selalu siap bantu sangat puas rawat di rumah sakit umum bunda purwokerto,Positif
saya rawat di ruang anggrek oleh dokter anton untuk awat dan pelayananya sangat baik dan muas,Positif
pasien dari arlington kmr dahlia 4 layan baik ramah kamar bersih,Positif
sya pasien dokter anton alam proses salin sini sangat muas dokter baik dan juga ramah kontrol selalu jelas dengan baik layan rsnya pun baik dan juga fast respon apabila ada perlu over all its so good,Positif
terima kasih kpd dokter anton telah beri tindak yang sangat muas untuk istri saya dokter anton yang baik,Positif
pasien dari arinton ruang edelweis 2 ramah telitispesifikkominikatif dan tangan cepat layan bagus dan akurat pasiean sembuh sehat,Positif
pasien drarinton ruang edelwis 3 layan bagus dokter dan awat ramah terima beri rumah sakit bunda atas layan,Positif
layan baik dan awat juga ramah sangat puas,Positif
rumah sakit bunda purwokerto tempat aman nyaman dan juga bersih lingkung layan sangat ramah dan mudah,Positif
layan over all sangat baik,Positif
tiap anak sakit saya selalu bawa anak periksa kesini dan dari hamil anak ke 3 dan ini anak ke 4 periksa kandung di rumah sakit bunda terusselain layan yang ramah tempat juga strategis dari rumah,Positif
pasien c pasien dokter heppy layan di rumah sakit ramah rumah sakit dengan fasilitas yang pada dokter komunikatif,Positif
layan baik dan tugas ramah,Positif
pasien dari sutrisno untuk layan baik dan ruang bersih,Positif
pasien dari arinton ruang dahlia 5 layan dokter dan awat baik kami dari pandega jauh tetapi rasa puas sekali dari datang tangan cepat bersih mks tau bunda smoga tambah maju,Positif
pasien dari heppy ruang aglo 1 layan dari dan awat cepat baik makan enak ruang bersih layan cepat,Positif
layan dan dokter ramah dan bagus,Positif
pasien dari sutrisno dari kamar tulip 9 layan dari sutrisno baik sekalimemuaskanramahpenjelasannya bagus,Positif
pasien dokter arinton dahlia 5 layan baik dan ramah tempat bersih dan nyaman,Positif
alam lahir anak dua di rumah sakit bunda yang dua kali sangat muas dokter anton terima kasih banyak sudah bantu sangat ramah,Positif
kamar nya kurang dingin tapi untuk layan nya sangat baikdokter dan suster sangat ramah,Positif
puas layan sehat baik,Positif
hari ini awat cwe yang di mcu bagi check tensi dan lain - lain tidak banget saya hanya nanya belum selese tanya sudah di potong bicara saya kalau misal gatau kan bisa baik dengerin dlu orang lagi ngomong jangan langsung potong omong saya tidak kaya awat yang biasa murah senyum enak ajak ngobrolbertanya hari ini no banget sudah,Negatif
saya kasih obat paracetamol lewat jarum suntik dan obat paracetamol yang minum kelas sanmol yang mana kata dokter kalo demam belum sembuh minum 4 jam sekali nyata telah beberapa hari saya ke puskesman diagnosis hepatomegali tolong lah dokter muda lebih hati2 lagi kalo beri obat,Negatif
layan cepat dan ramah baik dokter awat dan para staff gbu all,Positif
puas real layan dalam prima dokter nurse station sampai tukang parkir baik sedikit saran untuk 1 dokter instalasi gawat darurat jangan bnyk bilang saya dokter 7 tahun sekolah diulang2 kurang enak saja didenger over all salah 1 rumah sakit layan baik di purwokerto,Positif
pelayananan ramah dokter awat l admin semua gercep dan ramah,Positif
terima beri rumah sakit umum sinar beri layan dengan beri sudah layan pasien dengan sangat baik sedikit saran atau masuk untuk unit farmasi tingkat ramah sabar dalam layan pasien utama pasien lansia dalam tutur kata tolong nada bicara lebih halus lagi dan lebih sabar dalam jelas alur layan karena kerja unit daftar poliklinik rawat jalan dan dokter spesialis sudah beri layan yang baik terima beri,Positif
baik semua lama rawat inap juga awat sama dokter ramah semua jelas yang kasih juga jelas,Positif
layan the bagus sangat baik ramah ramah tugas semua di rumah sakit sinar beri,Positif
terima kasih untuk semua nakes di rumah sakit sinar beri dokter awat dan yang lain atas awat yang saya dapat layan sangat muas nakes nya semua baik dan ramah sukses selalu untuk rumah sakit sinar beri terima kasih,Positif
bagi daftar slow respons sekali chat dari siang sampai malam tidak di respon,Negatif
pernah ke dokter spesialis gigi konservasi layan sangat ramah dan profesional mulai admisi awat sampai dokter,Positif
untuk langgan service admin layan sungguh harus di baik layan kemarin jam 5 sore tanggal 10 februari sudah tunggu 2 jam telah panggil bisa jawabanya bpjs sehat non aktif sudah gabisa pake bpjs sehat woy mba lagi gausah sok tahu yang non aktif itu khusus cuci darah ini hanya periksa biasa lho sudah tidak ada senyum gada sopanya ke orang tua bad atittude sarjana tapi kaya bocah sd,Negatif
layan di rumah sakit sinar beri sangat memuaskansemua tugas ramah dan baikpuas pokok layan sangat baikdan cepat tangan,Positif
layan baik,Positif
naudzubilah kalo bisa jangan sampai injek ini rumah sakit kalo bukan yang masuk ny org awam layan minim amat di sayang kan rumah sakit besar tapi atitud dan prilaku sampai kelas mendoanruangan kotor liat org layan bpjs sehat kaya tidak ada rasa manusiany,Negatif
terima beri atas layan ramah dan fasilitas tambah bagus neng deeh,Positif
tempat bagus layan ramah,Positif
layan baik tetap konsisten dalam rawat pasien,Positif
alam obat di sini cukup senang dan gercep dokter dan awat ramah sabar dan mau jelas dengan bahasa yang mudah paham lingkung rumah sakit juga bersih,Positif
layan makin tingkat poliklinik yang sedia juga makin agam awat ramah staff cs sangat bantu gedung juga bersih dan nyaman cari snack sudah mudah semenjak ada amanah corner,Positif
layan nya ramah cepat ruang nyaman ada ac nya,Positif
lama rawat inap sini tempat nyaman acnya dingin,Positif
selamat pagi izin beri ulas kait layan di rumah sakit moga ke depan di baik 1 diit pasien stroke notaben orang sakit ya pake nugget ini pasien sakit ya bukan makan gizi gratis orang sakit harus lebih ke real food ya wlpn itu ada protein komplain ke ahli gizi dengan alas kurang sdm dan itu menu hari jadi tidak tiap hari dan lebih gong lagi bukan home made tapi nugget beli alas yang tidak bisa saya terima lalu untuk jam sarap terlalu siang jadi pasien harus sedia telah makan baru dateng tolong lebih concern lagi ke bagi gizi bintang satu sekali ikut saya lampir foto yang turut kalian tktp sama satu lagi tolong untuk layan sdm juga baik telah saya balik badan tinggal nurse station langsung tertawa cekikik seperti kurang etis ya wlpn mungkin bukan untuk saya tapi profesionalisme harus ya untuk ahli gizi shift pagi di tgl 22126 2 untuk dari rizky hartono sp n maaf untuk komunikasi tidak efektif kurang komunikatif untuk jelas pun kurang 3 pasien pulang bukan dengan aps tidak beri surat kontrol baik belum saya bilang dengan dokter karena tidak kontrol sini lagi tapi untuk surat kontrol surat terang medis telah rawat hasil tunjang itu hak pasien karena bukan pasien aps 4 sampai saat ini sudah 2 minggu unggah rawat saya minta resume medis pun tidak beri info akan beri via wa tidak perlu di ambil namun sampai saat ini saya tidak terima,Negatif
ruang nyaman dan pelayaannya muas,Positif
layan bagus ruang bersih makan lumayan layan cepat terima kasih moga makin maju,Positif
layan cukup muas dokter langsung cepat tangan nya awat juga sangat ramah tempat nya bersih,Positif
alhamdulillah lahir di rumah sakit amanah sangat nyaman lahir sc bukan erac tapi pulih cepat ruang nyaman dan bersih makananya juga enak layan baik apalagi dokter awat dan tim operasi juga sangat friendly,Positif
layan baik tugas ramah komunikatif dan bantu,Positif
layan baik karywab ramah ramah tugas infirmasi sangat bantu dan komunikatif,Positif
alhamdulillah saudara saya rawat di ruang teratai lantai 2 layan bagus baik ramah sukses terus rsud margono,Positif
kesan lama di rsud prof drmargono soekarjo di kamar teratai lantai dua begitu puas semua awat baik pelayananya sangat muas,Positif
tempat yang luas dan layan yang baik,Positif
sedikit masuk semua pasien yng di tppri atau yang tunggu untuk dapat ruang pasti ngalamin lebih lama tunggu dapat ruanginap daripada di periksapoli,Negatif
gim cara ya ak mau minta surat rujuk apa harus ndaftar online dulu kah soal lewat jin tidak bisa,Netral
alhamdulillah layan di rumah sakit margono bagus,Positif
pelayana rumah sakit margoni sangat baik tugas ramah dan palayanan muas,Positif
terima kasih layan cek sehat gratis yang laksana pada pamer cabdin x banyumas sangat manfaat bagi masyarakat,Positif
layan yang sangat baik di damping dengan awat yang baik dan sopan dokter juga sangat baik gercep tindak operasi awat yang beri info tentang pasien sangat detail pokok tidak ada yang kecewa jauh2 dari jawa barat alhmdulillah operasi lancar moga cepat sembuh terima kasih para tenaga medis dan dokter yang sudah bantu moga semua beri sehat dan dalam lindung allah swt aamiin,Positif
rsud yang beri layan baik turut saya di poliklinik saraf dokter fatiha layan cukup cepat dan ramah awat cekat dan bantu juga dengan tugas informasi mas hanggar yang sangat ramah layan moga margono makin baik kualitas dan sehat selalu untuk seluruh tugas,Positif
layan baik ramah,Positif
layan dengan baik tugas ramah ramah relatif cepat terima kasih,Positif
layan baik tugas ramah sudah di bantu di bagi informasi juga rmah dan komunikatif,Positif
awat judes layan lot masih bantu dokter yang ramah engga recomended kalo anda temprament,Netral
layan prima ramah tamah istimewa,Positif
layan makin baik,Positif
bagus banget rsud margono layan ramah sekali,Positif
layan prima,Positif
rumah sakit perintah provinsi yang layan jamin muas,Positif
cek sehat gratis di acara spelling layan sangaatt baik tugas ramah,Positif
layan primapetugas ramah sangat bantu,Positif
terima kasih kepada dokter dan semua awat ruang melati yang sudah rawat anak saya dengan baik dan penuh beri sayang lama 3 bulan dengan berat badan lahir 935gr dan bisa pulang dengan sehat kuat udh besar moga depan lebih baik lagi,Positif
sangat muas layan luar biasa dan tidak lupa sllu identifikasi pasien prwat nya semua ramah sekali trmksh banyak kalau bisa saya mau beri binntang 10 trmksh doktr bsrta prwat,Positif
terima kasih kepada rsms yang telah selenggara latih ppi bagi tenaga sehat di rumah sakit sangat manfaat bagi kami dalam cegah dan kendali hais fasilitator sangat kompeten dan panitia luar biasa bravo rsms,Positif
latih ppi dasar di rsms jadi alam yang sangat luar biasa dan ilmu yang dapat sangat manfaat untuk tingkat mutu layan,Positif
latih ppi angkt 1 mantapss,Positif
saya tunggu pasien rujuk dan guna bpjs sehat hampir semua satpam di rumah sakit ini sangat jutek kurang ramah dan kes angkug tambah layan di ruang dahlia pun sangat lambat dan kes biar pokok tunggu pasien harus aktif kesana kemari baru bisa tangan apa karena guna bpjs sehat ya,Negatif
layan sangat baik staf ramah tempat bagus dan bersih,Positif
khusus kepada tugas tentu di ruang nicu kenapa harus sikap tidak baik kepada keluarga pasien saya akan aju keluh resmi kait kasus ini,Negatif
kami selalu harap para tugas medis selalu beri sehat tetap selalu sigap dan ramah terima beri dari keluarga kami sr 102,Positif
layan bagus tugas ramahh informasi komunikatif dan sangat bantu terimaksih,Positif
layan alhamdulillah sangat muas di rumah sakit ini tugas baik dan bantu sekali dokter windi spesialis jantung layan bagus kepada pasien tugas di bagi informasi mas hangga sangat ramah bantu awat juga baik baik saya jadi makin semangat untuk sehat terima kasih atas layan yang baik ini,Positif
tugas informasi nya sangat baik sekali,Positif
sangat bantu informasinyaramahdan cepet layan,Positif
terima kasih atas pelayananya,Netral
rsms layan sangat muas good job,Positif
rsud margono soekarjo layan dengan sepenuh hati,Positif
layan tugas ramah,Positif
rumah sakit nyaman layan bagus ramah juga,Positif
excelent,Positif
terima kasih kepada all crew rumah sakit umum wiradadi husada atas layan yang ramah dan muas pasien nyaman cepat sembuh,Positif
saya sangat kes dengan layan dari keseluruhanterutama di poliklinik btkvdr awat poliklinik benar2 baik skaliramah skalisaya benar2 rasa nyaman skali antar ibu sayajg saya rasa benar2 layan dengan baik skali walau pun kita harus tunggu ber jam2 bahkan sampai jam 3 pagi ltpi tetap bayar dengan layan ya,Positif
layan ramah bersih sistem antri bagus saran tambah charging station untuk unjung yang hapenya lowbatt,Positif
rumah sakit umum dadi keluarga ciamis sedia sehat dalam bentuk layan guna kartu bpjs sehat dengan jasa yang amat baik tanpa biaya tambah apa,Netral
lucu banget daftar online tidak bisa harus dtg lgsg saat hari h gilir tunggu dokter lama banget padahal antri no 1 dan pasien pun tidak banyak tunggu sampai hampir 2 jam dokter belum dtg juga pertama dan terkahir lah kesini,Negatif
too sloow,Negatif
saya baru saja jalan rawat inap di rumah sakit elisabeth purwokerto tepat di ruang dominikus dan jujur ini jadi alam yang sangat baik sejak pertama datang ke instalasi gawat darurat saya langsung rasa tenang bagai orang yang sangat takut dengan jarum suntik saya cukup kaget karena proses ambil darah dan pasang infus laku dengan sangat halus dan menenangkanbahkan hampir tidak asa sakit sama sekali dokter dan awat di instalasi gawat darurat juga sangat baik dalam komunikasi ramah dan buat pasien rasa lebih nyaman lama masa rawat inap layan yang beri juga konsisten baik saya tangan oleh dari david santosa spesialis tht yang turut saya sosok dokter muda yang energik komunikatif dan tidak buat pasien rasa takut cara beliau jelas juga mudah paham dan tenang orang tua pasti sangat banggadi usia muda sudah jadi dokter yang hebat untuk fasilitas bersih ruang sangat jaga dengan baik bahkan dalam hari ada dua kali jadwal bersih makan yang saji juga lihat bersih dan tata dengan baik terima beri untuk seluruh tim rumah sakit elisabeth purwokerto saya pulang dengan alam yang baik dan tanpa rasa trauma,Positif
rawat inap sini sangat nyamanbersih ruang fransiskussusternya sangat ramah dan baik2 dokter jga ramah dan baik,Positif
ibu saya hampor tinggal tangan rumah sakit ini di opname hanya jadi bahan coba tidak abet tetapi kasih insulin kalau saya punya sudara acara pasti sudah saya tuntut vip tetapi suruh nungguin sendiri saat saya pindah k ananda langsung suruh k instalasi gawat darurat dan hanya tunggu 2 hari naik meja operasi dan sembuh sampai sekarang kalau waktu itu tetap d elisabeth sudah habis banyak mati pula,Negatif
alam anak rawat di lantai 3 ruang anak awat jutek2 sekali awat yang nama yohana gx usah di taruh ruang anak kalau tanya judes dan kasar bagai orangtua juga pengin tau kembang anak tetapi tanya jawab judes mentang2 make kis dibedain awat kaya gitu taruh di ruang anak,Negatif
hbs rawat inap disinidari dokter awat administrasi tugas dan lain - lain semua ramah baik terima kasih rumah sakit elisabeth,Positif
sangat baik ini layan nya udh mulai benah ayo rumah sakit swasta jangan kalah sama rumah sakit belah ya lebih tingkat lagi ruang darurat dan bangun renovasi,Positif
opname dsni nyaman layan juga baik smua dari nya pinter dan bagus apalagi view kamar nya hadap java heritage,Positif
di breefing kek kalau yang kerja order makan dan lgi ujan pda supaya ngambil ke loby sudah di bilang basah kuyup kekeh mnta pesan di naik gk di turutinnnti ngadu ke applikator sial,Negatif
super lelet di instalasi gawat darurat pun tidak ada kursi untuk duduk damping suruh tunggu jam jam sambil diri,Negatif
kecewa sekali anak saya sudah ada jadwal kontrol tetapi 2x direscedhule karena alesan dokter ada praktek rumah sakit lain padahal sudah daftar dalam negeri belum lewat jam praktek harus dokter utama selamat pasien bukan malah memyepelekan apalagi pasien masih anak 1 tahun yang harus laku tangan khusus,Negatif
layan cepat saya cukup senang dengan layan yang ada,Positif
layan super baikterimakasih rumah sakit dadi keluarga,Positif
layan super baikterimkasih rumah sakit dadi keluarga,Positif
rumah sakit tentara,Netral
layan ramahdokter ramahada jadi saya lgi jagain mma saya ada awat yang mau pasang infus dan saya lgi tidur di bawah awat itu lngsung pasang infus tanpa bilang permisi dlubuat apa didik tinggi tetapi atitude kurang,Positif
rumah sakit andal untuk periksa rutin ibu tetapi tolong di loket 1 lantai 3 cs nya maksimal dari 5 meja cs yang aktif hanya 2 itu layan lama pasien lebih banyak kosong sementara pasien membludak antre tapi ttp dari yusuf rekomend sekali ramah dan komunikatif jauh ini ramah semua hanya loket 1 nya di maksimal lagi sj,Positif
ingin bagi alam di rumah sakit dadi keluarga saya pasien obat jalan poliklinik syaraf karena punggung sakit banget dan sudah laku mri juga sana hr ini jadwal konsul ke dari rehab medik dengan dokter elien lalu saya tawar untuk trial pakai alat shock wafe terapy yang betul hanya ada di hari ini puji tuhan stlh terapi pakai alat baru itu tulang punggung saya lbh enak jauh mungkin karena efek obat yang saya minum juga yaa apa itu yang jelas puas banget dengan terapi hr ini terima kasih untuk dari eilien dan dari tutik,Positif
rumah sakit paling buruk tangan nya sudah buruk nama rumah sakit nya dadi keluarga,Negatif
awat malah banyak becandapelayanan kurang satset apa karena pake bpjs sehat bukan umum jadi begitu yapertama kali ke situ perawate itu yang cewe yang ruang instalasi gawat darurat judes g ramah samseksekarang mbah sudah tidak ada,Negatif
bulan janur 2026 saya di rawat di ruang meranti ruang bersih luas dan nyaman fasilitas baik sekali rsdk terus maju dan jadi rumah sakit swasta yang baik di purwokerto,Positif
my experience at ananda is super good i was attended perfectly the langgan care is a five star treatment including the nurses and doctors i recommend for anyone whoever is sick ananda hospital is the bagus choice,Positif
karyawannya ramah ramah fasilitas bersih dan tata rapi,Positif
tempat luas layan yang beri baikpegawainya ramah,Positif
layan bagus awat ramah ramah tempat nyaman bersih,Positif
saya sangat puas dengan layan di rumah sakit ananda purwokerto dokter dan seluruh nakes serta staff rumah sakit ramah komunikatif dan sigap dalam tangan pasien proses daftar cukup cepat dan tidak berbelitbelit fasilitas rumah sakit juga bersih dan nyaman sehingga buat pasien dan keluarga rasa lebih tenang terima beri atas layan yang profesional dan penuh perhati moga rumah sakit ananda purwokerto makin maju dan terus beri layan baik untuk masyarakat,Positif
layan rumah sakit umum ananda ramah pegawai selalu senyum kepada unjung,Positif
layan yang sangat ramah ketika masuk untuk interview langsung arah dengan baik jelas sangat detail dan mudah paham,Positif
layan yang ramah dan cepat,Positif
fasilitas pada layan ramah dan baik,Positif
periksa 2 kali untuk hamil istri alhamdulillah layan maksimal dan bagus untuk ruang tunggu nyaman juga bersih,Positif
layan di rumah sakit ananda sangat baik dan profesional proses administrasi cukup cepat dan ruang tunggu nyaman fasilitas bersih dan tata rapi salah satu most rekomendasi rumah sakit di purwokerto,Positif
layan ramah cepat dan banyak pilih dokter spesialis,Positif
tempat nyaman dan bersih,Positif
layan bagus waktu itu saya pernah ke psikolog,Positif
terima kasih atas layan lama putri kami rawat untuk tenaga medis fast respon ketika butuh komunikatif dan manusiawi juru masak dan ahli gizi yang sedia saji menu makan untuk pasien variatif utama anak anak cleaning service yang depan nyaman pasien ruang nyamanbersih masuk untuk tiap ruang juga sedia hand sanitizer untuk keluarga pasien,Positif
layan bagus lanjut,Positif
pasien drarinton ruang d4 terima kasih atas awat alhamdulillah sudah baik,Netral
saya pasien dari dokter kulit dengan keluh sudah kurang lebih 3 tahun jerawat on off telah saya temu dengan dokter ermadi lalu 9 temu alhamdulillah jerawat saya sudah sembuh memang butuh waktu dan sabar karena semua tidak instan tapi dengan komitmen dan patuh dengan atur dokter hasil yang saya terima juga maksimal dari segi tangan pun juga sangat baik jelas dari dokter juga bisa terima dengan baik oleh saya akhir kontrol saya sudah siap bagai tanya dan semua tanya itu jawab dengan jelas oleh dokter,Positif
saya pasien bpjs sehat untuk obat cts lama ini sudah 3 bln dengan segala kurang bagai buah sistem saya rasa puas thd layan d rumah sakit ini dokter baik spesialis syaraf maupun spesialis rehabilitasi medik sngt buka untuk konsultasi scr relatif komprehensif para medis trmsk layan obat praktisi fisioterapi dukung yang damping para dokter pun komunikatif padu ini bagi saya adl langkah tuju obat holistik yang sngt bantu pasien meski obat msh harus lanjut rasa sngt pantas bagi saya untuk ucap terima beri kepada team yang tlh layan saya lantar dukung psikologis yang asa sngt manfaat lalu guyon canda yang bangkit semangat dan arahan2 yang konstruktif ora medenmedeni tetapi beri informasi kena sakit saya dan obat selamat tugas untuk layan manusia yang butuh tuhan kati amin,Positif
saya rasa puas dengan layan awat dan petugasnyasemua layan dengan sepenuh hatiterimakasih,Positif
pegawai ramahramah murah senyum rumah sakit ananda purwokerto beri layan yang kualitas,Positif
awat ramah,Positif
layan baik fasilitas sangat baik dan bersih,Positif
layan di rumah sakit ini sangat baik dan profesional saya konsultasi dengan dari ermadi satriyo dan beliau sangat ramah komunikatif serta jelas kondisi dan obat dengan jelas daftar cukup cepat awat juga bantu dengan baik sangat rekomendasi,Positif
admin cs sangat bantu fast respon dan dapat beri informasi cara runtut nurse ramah dan jelas kondisi dengan bahasa yang mudah paham dokter sangat baik dan sabar dalam periksa serta beri paham kepada pasien fasilitas sangat bagus bersih,Positif
alhamdulillah istri saya di rawat di sini senang ramah ramah staffnya so far baik poko,Positif
hari ini jadwal cabut gigi tapi alat rusak rumah sakit besar ini masa tidak ada alat cadang kecewa harus tunggu lagi sampai ada alat padahal gigi sudah siap untuk siap cabut tunggu lagi lama lagi sakit lagi moga depan bisa lebih baik lagi jadi sat set yuk beli alat cabut gigi baru bu direktur,Negatif
tangan layan dan bijak sangat baik,Positif
sopan santun baik dan ramah,Positif
sudah baik semua tugas ramah muas,Positif
akhir kesini kemarin tgl 21 feb 2026 sudah lebih baik desain ruang bagus dan nyaman smoga terus baik layan supaya orang yang datang dengan keluh bisa pulang dengam sehat dulu bnyk komplain karena layan perlu perhati agar karyawan benarbenar buat nyaman para unjung rsud ajibarang,Positif
masya allah tangan dan service nya better sekali apalagi soal dede bayi nya diperhatiin sekali sampai dibuatin fotoshoot nb nya dede bayi terima beri untuk tolong tangan dan layan yang beri kesan sangat baik lahir dan layan ibu dan anak baik jarang sekali tempat lain belum tentu bisa seperti ini moga bisa kirim hasil foto nya dede bayi nya,Positif
terima kasih rsud layan dari pertama masuk instalasi gawat darurat sampai masuk ke ruang awat sangat memuaskantdk ada beda dalam tangan pasien bpjssemoga rsud ajibarang jadi rumah sakit yang terus benah dan profesionalsalam sehat,Positif
kamar salin suster ramahw,Positif
dokter telat praktek 2 jam,Negatif
anak saya masuk manik manik hidung di instalasi gawat darurat layan sangat bagus tugas ramah dan sopan terima kasih untuk instalasi gawat darurat rsud ajibarang,Positif
tidak perlu terlalu over saran kb kepada pasien cukup sekali saja tidak perlu ulang kali dari sejak masuk kamar salin sampai di depan pintu ruang operasi dengan orang yang beda di hampir tiap sif jujur kami amat sangat tidak nyaman cukup sekali rekamcatat jawab pasien dan jadi jawab sebut maklumat bagi seluruh tugas semua orang hak punya pilih masingmasing masuk anda dan kami terima beri atas layan,Negatif
sudah bagus pelayananya dan tugas ramah,Positif
layan baik semua sudah bagus terima kasih,Positif
layan cukup baik camarbawah,Positif
kemarin saya sakit dan ke instalasi gawat darurat rsud ajibarang layan oleh awat dengan baik dan ramah rawat di ruang kepodang layan bagus awat dan dokter ramah ruang bagus dan bersih tempat asik seru untuk anak2 makan juga enak alhamdulillah 3 hari sya sudah sehat terima kasih rsud ajibarang moga makin bagus layan,Positif
layan tidak ramah antre umum dan bpjs sehat sama manajemen buruk hanya ladang cari uang rumah sakit buruk yang pernah saya kunjung,Negatif
masyallah layan di ruang camar bawah kereen banget awat ramah tamah pokoke sangat baik markotop saya layan dengan baik dan full perhati full layan tahan layan yah maz dan mb awat terima kasih sudah layan pasien dengan sangat baik sukses terus untuk rsud ajibarang,Positif
kami keluarga pasien siti asiyah dari ds panembanganyg rawat di ruang cawar bawah alhamdulilah layan sangat puasa dari sangat perhati dengan pasien awat baik baik cepat respondan ahli gisi juga apolikermya sangat ramahcleaning servicnya juga ramah pokok is the bagus layan,Positif
layan baik alhamdulilah sakit sembuh terima kasih,Positif
makin maju dan kembang pesat,Positif
mahal cukup sekali saja terima kasih,Negatif
antara dokter dan bagi front office jadi misskom kami minta imunisasi program perintah e la kok tbtb saat tagih 3jt ngenes dokter juga tbtb beri sunti yang bayar padahal jelas jelas kita ambil yang program perintah,Negatif
mau tanya untuk biaya operasi cesar berapa di rumah sakit umum hidayah,Netral
lama sekali antrianya gilir di tanya malah suruh duduk udh dateng siang tidak di panggil sampai sore mau buka puasa gegara pake bpjs sehat tidak di panggil yang bayar dulu baru di panggil astaga,Negatif
terima kasih untuk layan di ruang kresna rst wijayakusuma pwt baik dan ramah,Positif
layan di rst wijayakusuma pwt muas,Positif
sudah bagus dan baik semua layan nya di rst wijayakusuma purwokerto di ruang kresna matur nuwun,Positif
awat di beberapa poliklinik sangat ramah dan bantu pasienterutama untuk pasien baru,Positif
dari daftar sampai ke bagi tensi karyawanya sadistidak ramahditanyain baik baik jawab marahnyolotpelayananya lelet saya datang dari jam 1 sampai jamm 4 sore sama sekali belum panggil untuk sidik jari tensi,Negatif
layan lambatyg ramah cm awat perempuandan banyak nyamuk,Negatif
baik layan nya r kresna rst wijayakusuma terima kasih,Positif
layan bagus ramah dan cepat,Positif
rumah sakit baik tangan pasien cepat dan ramah ada siram rohani dari tugas yang ramah moga barokah,Positif
layan cepat untuk program oprasi tidak terlalu tunggu lama apa lagi untuk program unggul ortopedi dokter selalu adadokter spesialis lain juga sudah mulai lengkapmantap,Positif
layan staf baik tapi sayang salah satu dokter layan kurang ramah doktenya terlalu grasa grusu padahal pasien di poliklinik itu hanya 2 dipriksa sebentar sekali raba lihat trus diagnosa lalu di rujuk ke poliklinik lain dan lebih gong nya lagi saya suruh sercing sendiri di google tentang diagnosa yang dokter bilang oleh asisten dokter dan dokter udan pergi sini datang jauh jauh ke rumah sakit bayar dan mau obat butuh jelas juga palah suruh sercing di google parah si,Negatif
untuk pendaftaranya bagi alat tulis eror tetapi d klik jadi yang seblah kanan suruh ngisi data malah tidak jadi kalo tiap pendftrn pasti tidak jelas dari kemarin kalo ksini entah dari alat atau konfirmasi orang,Negatif
layan cepat bagus tugas ramah,Positif
rumah sakit dengan layan ramah komunikatif dan tangan cepat serta sangat profesional kamar inap nyaman bersih dan modern fasilitas umum seperti area tunggu juga sangat baik dan tenang rumah sakit tidak kes seram justru buat nyaman dan tenang yang bantu proses pulih serasa rawat di tengah keluarga rumah sakit umum siaga medika banyumas pilih tepat di barlingmascakeb,Positif
layan rumah sakit siaga medika bagus cepat ruang bersih kami dan keluarga sangat puas terima kasih,Positif
untuk layan rumah sakit siaga medika banyumas sangat bagus dan awat cekat sekali pokok sat set pokok joz jiz lah,Positif
alhamdulilah alam lahir anak ke2 lancar layan bagus masya allah tugas ramah cekat sabar dan profesional utama nyaman pasien makin jaga dan maju rumah sakit umum siaga medika amin,Positif
pelayananya bagus cekatann staf sangat ramah rumah sakit nya bersih suksess sll siaga medika banyumass,Positif
layan ramah dan sat set makan di kantinn sangat enak,Positif
masya allah terima kasih kpd rumah sakit siaga medika yang telah beri tempat yang muas untuk lahir dari anak pertama sampai anak ke dua layan dari awal sampai akhir sgt memuaskandokter kandung sangat ramah bidan dan awat nya yang sangat cekat dan profesional alhamdulillah bisa dapat layan yang baik sbgai pasien d sana,Positif
bismillah alam salin di rumah sakit umum siaga medika banyumas anak pertama di tahun 2016 anak ke dua di tahun 2020 cinta itu dengan rumah sakit ini layan bagus tempat bersih dokter bidan serta staf lain ramah ramah terima kasih rumah sakit umum siaga medika,Positif
alam saya lahir sc di rumah sakit umum siaga medika bms layan sangat bagus kolaborasi antara dokter kandung bidan serta awat cukup baik dan ramah,Positif
saya pernah lahir di siaga medika alhamdulillah layan cepat tepat dan responsif baik dokter dan tenaga medis ramah murah senyum dan cepat tanggap keluh pasien,Positif
bismillah tempat rumah sakit nya bersih untuk layan cepat dan tanggap sedia masjid yang bersih nyaman untuk ibadah sedia kantin yang variasi dengan menu karyawan semua ramah tamah dan sopan serta santun,Positif
alam salin di siaga g1 2019 g2 2022 terima kasih siaga medika layan dan fasilitas muas,Positif
layan cepatpengalaman lahir di rumah sakit siaga medika banyumas anak ke 2 bidan sat set sekaliramah dan layan penuh dengan senyumpemantauan ke pasien bagus bangetterimakasih siaga medika utama untuk semua bidan di ruang salin drheptaspog dan drgatotspog yang lama usg dengan beliau sangat bagus jelas,Positif
rumah sakit siaga medika banyumas ruang sal rapi bida pun ramah2sabarcekatan ruang ranap pun baik2 terimkasih ngih bu bidan,Positif
salah satu rumah sakit baik layan sangat ramah cepat dan baik alam saya di rumah sakit siaga medika sangat puas karena nakesnya sangat ramah utama bagi poliklinik obstetri dan ginekologi ruang salin saat usg dengan dokter kandung sangat jelas dan detail dalam terang hasil dan saat tindak salin pun tangan baik ramah ruang bersih moga rumah sakit siaga medika banyumas selalu tahan visi dan misi nya,Positif
bismillah masya allah alam saya bagai pasien di siaga medika banyumas adalah alam yang sangat baik dokter kandung dan bidan jelas semua hal yang saya keluh dengan sangat sabar dan mudah di erti sehingga khawatir saya bagai calon ibu baru bisa atas begitu juga saat salin dokter dan bidan selalu semangat dan beri dukung bagi rohani juga beri bimbing sehingga saya jalan proses dengan tenang dan nyaman terima kasih dokter bidan dan seluruh tim rumah sakit moga siaga medika makin baik dan sukses,Positif
terima kasih rumah sakit umum siaga medika banyumas alam sc dengan dokter gatot spog dokter humble dan cepat dalam tangan pasien dari hepta spog dokter yang ramah baik hati rumah sakit yang super bersih nyaman parkir luas dokter awat serta bidan yang ramah dan cepat tanggap kait layan terima kasih rumah sakit umum siaga medika banyumas smoga smakin maju dan tetap manjaga layan yang luar biasa,Positif
alhamdulillah saya periksa di poliklinik kandung poliklinik saraf dan rehab medik rumah sakit siaga medika banyumas dapat layan yang baik bidan dan awat ramah ruang bersih,Positif
layan bagusbidan sangat ramah dan baik2,Positif
masya allah alam lahir bulan maret 2023 di rumah sakit siaga medika sangat muas dokter bidan dan tugas sangat ramah terima kasih rumah sakit umum siaga medika banyumas,Positif
tahun 2022 lahir anak pertama di vk siaga medika banyumas ruang bersih rapi dingin dan nyaman layan bagus minta apa2 diturutin kalo jadi pasien gapapa crewet saja yang penting kita sopan dan harga tugas,Positif
mungkin saya yang tidak pernah ke rumah sakit saya ke rumah sakit nganter eyang untuk periksa saraf pertama kali di rumah sakit siaga medika banyumas jam syaraf 09001100 saya datang sampai di rumah sakit siaga medika jam 1000 daftar sudah di tutup dan harus ikut dokter yang sore jam 1430 tapi harus datang jam 1200 untuk daftar jadi pasien yang bayar tunai bukan pke asuransi atau bpjs sehat nunggunya nyata lama juga ya jam 12 harus daftar tunggu dokter datang jam 1430 apa ya dokter disiplin tepat waktu 25 jam pasien tunggu belum lagi kalo dokter ngaret cukup lama ya nyata periksa di rumah sakit info lah guys dokter praktek yang di rumah khusus syaraf untuk eyang kasi sudah sepuh,Negatif
rumah sakit bersih tugas rekam medis ramah sangat bantu dalam daftar pasien yang sulit untuk daftar nakes dan named nya juga ramah moga sukses selalu,Positif
layan rawat inap bayi di ruang perinatologi sangat muas awat dan dokter sigap sabar dan penuh empati dalam rawat bayi kami tiap tindak jelas dengan jelas sehingga orang tua rasa lebih tenang terima beri atas dedikasi dan tulus,Positif
alam pribadi saat di rawat di rumah sakit ini di ruang tulip awat sangat cekat ramah sopan ruang nyaman dan bersih taman luas terima beri siaga medika banyumas atas awat moga depan jadi rumah sakit yang maju,Positif
alam pribadi saat di rawat di rumah sakit ini di ruang tulip habis operasi awat sangat cekat ramah sopan ruang nyaman dan bersih taman luas terima beri siaga medika banyumas atas awat moga depan jadi rumah sakit yang maju,Positif
terima kasih rumah sakit umum siaga medika banyumas sudah beri layan baik lama rawat sini waktu itu sc dsini layan baik ruang nyaman moga rsnya makin maju,Positif
layan baik saat rawat inap ruang tulip alhmdullilah,Positif
rumah sakit karakter islami layan cepat ruang bersih tugas ramah,Positif
sangat kecewa dengan layan di bagi rehabilitasi medik ada perawatterapis sangat tidak ramah dan tidak informatif utama bagi pasien yang datang sendiri dan belum paham prosedur administrasi bukan bimbing saya malah marah dengan katakata yang untuk sakit hati bagai tenaga sehat harus ada etika komunikasi yang jaga mohon manajemen segera evaluasi sikap awat di bagi ini agar tidak ada pasien lain yang laku rupa,Negatif
tgl 29 januari istri rujuk ke rumah sakit siaga medika banyumas dari rumah sakit umum aghisna sidareja dan alhamdulillah telah rawat lama 6 hari kondisi baik dan bisa pulang layan dan tangan sangat baik cekat dan profesional terima kasih untuk para dokternyapara awat dan semua tenaga medis yang kerja dengan sangat baik kondisi istri yang stroke bisa sembuh dengan kondisi sangat lebih baik terima kasih juga untuk semua yang punya warung di depan rumah sakit umum ini mana saya makan situ terima kasih,Positif
maa syaa allah bagus nyaman rapi bersih layan sangat baik semua karyawan awat sangat ramah dan profesional masjid juga bagus moga maju terusbaarakallahu fiikum,Positif
pelayananya bagus dan baik,Positif
baik sekali layan padahal saya banyak sekali bertanyatp selalu layan dgn ramah,Positif
layan dan fasilitas bagus terima kasih mas yamin dan mas iqbal yang banyak bantu proses administrasi ramah dan responsif layan rekam medis sangat responsif dan ramah terima kasih,Positif
terima kasih atas pelayanannyasaya sangat puassekali lagi saya ucap terima kasih telah buat saya sertifikat vaksinnyakarena saya sangat butuh itu untuk daftar pekerjaanterimakasih atas layan,Positif
parkir luas layan bagusmantap,Positif
saya sedang di rawat saat ini di kelas 3 dari semua layan dokter suster office boy jauh ini rumah sakit ini yang baik dari segi layan saya tidak nyangka bisa dapat layan baik soal attitude dan etika ini nilai plus spesial god job,Positif
meski awal jengkel karena dari ardianobgyn telat tapi alhamdulillah dari nya benerbener detail jelasinnya tidak buruburu dan terima kasih banyak juga dok sudah edukasi orang tua pasang juga karena anak pertama masih 2 tahun belum banyak kosa kata terus dari jelasin juga padahal saya bagai ortunya belum sudah jelasin juga tapi masih saja ngeyel sampai akhir dari yang jelasin langsung paham,Positif
dokter sering sekali telat lebih dari 1 jam tidak sesuai jadwal kalau sekal masih baik tapi kalo sering kali kecewa,Negatif
daftar online respon sangat lambat 1 jam baru selesai daftar balas akhir sudah lewat jam estimasi datang di sistem sama saja malah dapat antri paling belakang dokter sering tidak ontime di jam praktek banyak datang hanya di 1 jam akan akhir baru datang kasi yang tunggu,Negatif
kami masuk langgan sini karena dari istri hamil cek up kesini dan sekarang sudah ke 3 kali priksakan anak karena gatal masih belum sembuh juga dari sini sudah agak kecewa masa dengan keluh gatal harus 4 kali priksa kami sengaja jauh dari cilacap ke sini agar anak saya cepat sembuh untuk keluh gatal kurang rekomsudah ke spesialis gatal jih sama saja kalau kaya gin suruh priksa 34 kali mending rumah sakit lain,Negatif
layan rekam medis sangat baik bintang 10,Positif
rumah sakit ini nyaman bersih bagus harga dari parkir sampai rawat inap highbisa bilang rumah sakit untuk kalang orang tengah tetapi sangat sayang pelayananga sesuai dengan hargaapalgi pol anak kurang ramah awat ramah hanya sama org yang kenal tampil tarik saya datang pake daster pake sandal jepit seperti orang kampungsikap awat ketuscuek dan lirikanya kaya orang sinis dokter saja ramah awat kaya tidak ada etika ekspresi kaget saya datang itu bayar bukan ngutang tolong baik adab sopan santun untuk seluruh jajar awat rumah sakit jih,Negatif
layan baik 24 jam rumah sakit jih depan makin maju dan makmur,Positif
bagus kalih,Positif
pertama kali datang ke sini malam lepas maghrib karena balita saya sudah batuk parah dan muntah2 layan daftar baik tapi begitu periksa sama dokter umum beuh tidak sekali alih2 edukasi sakit pasien malah bicara dengan nada ejek tiap saya jelas apa yang jadi sama balita saya seolah2 saya harus nurut sama dia untuk rawat jalan saja padahal minimal kan bisa laku nebu untuk ringan sakit anak saya yang dari nafas saja sudah lihat susah karena batuk itu memang siapa yang mau rawat inap tetapi hati orang tua mana yang tega liat anak tiap menit nang sakit begitu minta tolong pertama dengan harap ringan malah jadi beban mental saya tidak tau siapa nama dokter tetapi liat masih muda dan belum milik anak kelak kalau alami pasti anda tidak sesal,Negatif
hallo rsud ajibarangsaya mau nanya soal buat surat terang kemati4n soal ini sudah lama 2014dulu tidak dapat dan telah saya cari tahu kata otomatis beri ke yang keluaga sangkut apakah atur dulu dan sekarang beda ada nomor untuk hubung mau nanya soal ini proses gimanasemoga baca ya min terima kasih,Netral
assalamualaikum saya keluarga ucap banyak terima beri kepada pihak rumah sakit islam purwokerto yang telah tangan istri saya saat proses lahir dengan metode sc segala layan dari mulai daftar sampai pasca lahir semua sangat muas dari segi nakes dokter yang tangan istri saya operasi sangat humble dan perhati hadap istri saya tanpa pandang status pasien entah itu umum atau bpjs sehat khusus kepada perawatbidandokter jaga yang ada di ruang albarkah saya keluarga sekali lagi ucap banyak terima beri atas layan yang beliaubeliau ikan hadap istri dan keluarga saya,Positif
saya ingin ucap terima kasih banyak atas pelayananpenindakanpenanganan yang laku para tugas medis rumah sakit islam purwokerto yang mana sangat bagus sekali muas belum ibu saya lari ke rumah sakit lain beda kabupaten dan tangan sangat jauh tidak seperti di rsip sampai beberapa hari belum ada maju suruh pulang dengan kondisi enas lalu keluarga saya telpon mobil siaga supaya alih ke rsip dan benar waktu awal masuk para tugas langsung grecep tanpa harus ini itu dulu bapak saya tanya daftar dulu apa gimana kata nanti saja tangan dulu utama saya rasa terenyuh dengar cerita ini baru rasa ada rumah sakit yang manusiawi ramah dan mudah di akses bpjs sehat mudah mudah saya bisa balas baik kalian semua para tugas medis dan pihak management rumah sakit kalau saya jadi kaya ingin beri apresiasi besar pada rsip dan manajement aamiin,Positif
layan masha allah sabgat baik dan sesuai tatanan syariat,Positif
rumah sakit nya bagus pasti pelayananya juga pasti bagus,Positif
pernah ke ortopedi dokter baik awat nya sat set thank you sukses selalu,Positif
rumah sakit dengan layan prima dan staf yang ramah,Positif
sangat rekomendasi rumah sakit umum an nimah dokter sangat komunikatif mau dengar keluh pasien dengan sabar dan jelas mudah erti awat di sini juga sigap apalagi saat jaga malam responnya cepat kalau panggil parkir luas dan fasilitas tunjang lengkap sukses terus untuk rumah sakit umum an nimah,Positif
rumah sakit an nimah rumah sakit yang bersih dan awat dengan tenaga kerja yang ramah dan profesional,Positif
sangat puas dengan pelayananya,Positif
terima kasih telah beri layan baik,Positif
layan yang baik dokter ramah pesawat bantu jelas dari dokter juga,Positif
tempat ruang rawat inap nyaman dan bersih tangan medis cepat dan layan pun ramah,Positif
lingkung bersih layan ramah dan cepat fasilitas lengkap dan pada moga yang belum sembuh segera sembuh sakit sukses untuk rumah sakit umum annimah moga makin berkah,Positif
layan sangat bagusprofesional dan enaga medis ramah,Positif
layan cepat da ramah fasilitas lengkap,Positif
layan ramah mudah jangkau baik,Positif
saudara pernah rawat sini layan bagus sekali dan sini semua ramah ramah layan dengan beri sayang,Positif
rumah sakit dengan layan yang sangat baik dan tepat,Positif
layan yang ramah padu dengan kualitas fasilitas yang baik good job,Positif
layan ramah dari tenaga medis maupun non medis bersih nyaman,Positif
rumah sakit dekat dengan fasilitas cukup lengkap,Positif
suasana rumah sakit bersih modern dan nyaman fasilitas lengkap serta tangan dokter sangat profesional staf sangat bantu dari awal daftar hingga selesai,Positif
dari alam tunggu saudara yang sakit turut saya rumah sakit ini beri layan yang baik proses daftar tidak terlalu rumit tugas ramah saat beri informasi dan ruang tunggu bersih serta nyaman dokter dan awat juga sigap serta komunikatif dalam jelas kondisi pasien dengan bahasa yang mudah paham sehingga kami rasa lebih tenang dan percaya lama proses awat langsung,Positif
rumah sakit an nimah wangon adalah salah satu rumah sakit besar dan baik di daerah wangon fasilitas lengkap mulai dari instalasi gawat darurat rawat inap rawat jalan laboratorium radiologi hingga apotek 24 jam gedung nyaman bersih rapi nyaman bagi pasien layan dari tenaga medis maupun staf administrasi sangat ramah disiplin dan profesional lokasi strategis dan mudah jangkau sedia juga area parkir yang cukup luas sangat rekomendasi bagi warga wangon dan sekitar yang cari layan sehat yang percaya,Positif
bolak balik nganter bapak dari operasi hingga kontrol pasca sembuh di rumah sakit an nimah ini layan nya sangat bagus dari satpam hingga awat nya ramahramah semua ruang rawat inap nya juga sangat nyaman dan dokter super baik terima kasih rumah sakit an nimah wangon moga makin maju terus dan makin banyak tolong pasien sakit,Positif
layan ramah baik dan lengkap fasilitas,Positif
rumah sakit rekomendasi di wangon dan sekitar,Positif
rumah sakit umum an nimah wangon milik layan sehat yang baik tenaga medis maupun nonmedis sikap ramah dan profesional dalam layan pasien lingkung rumah sakit bersih dan nyaman,Positif
lokasi rumah sakit umum an nimah wangon cukup strategis dan mudah jangkau karena ada di area yang lewat jalan utama sehingga mudah pasien maupun keluarga untuk datang dari segi layan tugas administrasi dan tenaga medis layan dengan ramah dan cukup sigap proses daftar tata dengan baik dan dokter beri jelas yang jelas kepada pasien cara seluruh layan yang beri cukup muas,Positif
masya allah tempat nyaman bersih dan awat juga ramah,Positif
alam saya di rumah sakit umum an nimah cukup muas tugas sopan dan bantu dokter beri jelas dengan jelas serta fasilitas awat dengan baik sehingga buat pasien rasa lebih tenang,Positif
layan ramah cepat dan profesional fasilitas bersih dan nyaman sangat rekomendasi,Positif
alhamdulillah rumah sakit dengan layan yang cukup baik moga rumah sakit an nimah bisa selalu konsisten depan dan layan masyarakat jadi tuju utama,Positif
layan masyarakat bagus,Positif
salah satu rumah sakit baik di kab banyumas,Positif
turut saya rumah sakit ini sangat nyaman dan bersih saya juga milik temen dari kecil yang kerja di rumah sakit animah sebut sehingga saya paham atas layan sehat dan administrasi di rumah sakit animah,Positif
layan primahumanistentunya bersih dan nyaman untuk pasien dan juga unjung,Positif
selalu suka sama layan di rumah sakit ini dokter juga sangat baik sekali,Positif
dokter sangat baik is the bagus pokok,Positif
terima kasih rsop layan yang super ramahcepattanggap responsif untuk semua karyawannyatim dokter yang super hebat bersih tempat tidak beda umum dan bpjs sehat semua layan dengan sangat baiksukses selalu rsop,Positif
layan baik terima kasih rsop,Positif
layan tugas ramah sekali dan baik hati,Positif
layan ramah tangan cepat tempat tunggu nyaman segar banyak pandang dapat jatah makan enak pokok puas dan moga adik saya cepat sembuh,Positif
halo ibu dokter kalau pasang behel gigi berapa ya moga balas,Netral
bagi daftar lelet lama banget nunggunya,Negatif
nilai jujur awal pertama obat ke rsop di tgl 5 maretrencananya saya obat guna asuransi mandiri inhealth awal datang di jam 0830 saya sambut ramah oleh tugas yang beri saya nomor antri tuju cs nah di cs saya malah tanya soal apakah asuransi bisa langsung pakai atau pakai rujuk saya terus terang juga tidak begitu paham karena baru pertama kali guna asuransi mandiri inhealth oleh cs saya bilang kalau layan asuransi laku telah layan pasien bpjs sehat selesaisy jawab tidak apa2 kemudian saya minta tunggu telah tunggu hampir 2 jam dengan kondisi badan nyeri tulang jujur saat menunggukondisi badan tidak karu2an dan demam saya sampai nang di ruang tunggu saking sakitnyaitupun saya tahan di jam 1038 saya di wa daftar yang minta saya untuk tuju ke meja daftar saya sampai kalau ingin obat ke dralam tetapi saya minta surat rujuk lah kok tidak daritadi saya datang tidak minta surat rujuk padahal meja cs dan meja daftar itu posisi belah tugas daftar harus lihat kondisi pasien yang sakit demam muka bengeb karena nang masih tega gitu untuk saya pergi minta rujuk kenapa tidak di edukasi untuk masuk via instalasi gawat darurat tetapi tetep kekeuh nyuruh saya minta surat rujuk ke pmi tetapi tugas daftar bilang tetapi kalau ibu minta rujuk sekarang dokter sudah mau selesai praktek ya allah kenapa tidak bilang dari awal saya datang trus saya bagai pasien suruh tunggu 2 jam nahan sakit dibadanbuat apa karena saya sudah tidak mood untuk obat sudah tidak mood untuk debat walopun obat guna umum saya mamputp saya sudah tidak mood untuk lanjut obat sini akhir saya pilih pulang sore karena sudah tidak kuat akan kondisi badan saya akhir saya obat ke rsdk dan langsung tangan dengan baik masuk lewat instalasi gawat darurat di handle dengan baik rawat inap hingga sembuh saya pun kerja di bidang layan sehat di rsud banyumas terus terang saya kecewa dengan layan di rsop khusus bagi cs dan daftar mereka harus lihat kondisi saya bagai pasien yang jalan susah payah dari ruang tunggu ke daftar tetapi rasa empati tidak ada malah tugas bapak2 yang diri di daftar hanya bilang lho ini kan pasien yang datang dari pagi maaf driman spot saya harus beri nilai jujur kena layan cs dan daftar moga depan tidak ada jadi seperti ini lagi moga tugas daftar dan cs selain punya rasa profesionalisme yang tinggi harus punya rasa empati juga kepada pasien salam hormat drgwidyarini kusmaningrum spkg,Negatif
layan bagus dan ramah hanya saja bagi daftar sangat lama tempat sangat bersih dan nyaman ada arena main anak ada masjid dan bagi belakang ada danau buat,Positif
layan burukkurang muas,Negatif
good service and harmfully,Positif
ramah layan tempat bersih,Positif
terima beri rsop tingkat trs layan nya ya,Netral
layan cepat muas lingkung rumah sakit nyaman,Positif
pasien dari arinton tulip 5 alhamdulillah service quality rumah sakit bunda sangat baik dan beri nyaman baik untuk pasien dan tunggu,Positif
pasien dari arinton r tulip 5 layan dokter danperawat sangat baik muas,Positif
saya di rawat di rumah sakit bunda lama 4 hari dengan dokter wahyu mustiadi spesialis paru obat2 yang beri sangat baik dalam proses sembuh saya layan suster sangat sigap cekat dan nang yang lembut salut untuk tim bersih yang 3x hari rutin kepel dan bersih kamar makan yang beri enak dan gizi terima kasih rumah sakit bunda sukses selalu dan berkah barokah untuk semua tim rumah sakit bunda,Positif
pasien dari dari wahyu mustadi sp p m kes terima kasih banyak dokter dan para nakes semua atas layan lama rawat di rumah sakit bunda sangat muas,Positif
layan di rumah sakit bunda cukup muas dokter dan bidan ramah,Positif
senjakala 2th 9bln pasien dari i made dikky kalsa spa dar kala lahir kalo di bunda selalu ke dokter dikky qodarullah saat kala opname karena tipes pun sudah pasti sama beliau karena resep yang beliau beri selalu cocok untuk kala selain bagai dokter beliau bisa jadi mentor yang humble baik sabar untuk kami yang sering banyak tanya kalo soal sehat kala asisten nya dari dikky pun juga sangat komunikatif oya lama kala di opname di rumah sakit bunda staf nya masyaa allah bintang 10 lah dari yang harus ganti sprei 2 kali sampai minta ganti menu makan karena kala tidak cocok sama salah satu menu ahli gizi di sana langsung gercep ganti menu yang kala suka walopun kita pake bpjs sehat kelas 1 tapi tidak di beda bedain sama pasien umum terima kasih drdikky para nurse dan rumah sakit bunda sudah rawat kala dengan baik,Positif
pasien dokter ruang dahlia 4pelayanan dokter dan awat bagusmakanan juga enak,Positif
layan d rumah sakit bunda sangat ramaibaikdokter nya juga ramah mknan pasien juga standar bagussenakmksh rumah sakit bunda,Positif
awat baikruangan n makan enakdokter anton spog sangat ramah terima beri rumah sakit bunda sukses selalu,Positif
pasien drwahyu layan di rumah sakit bunda baik tugas juga ramah dan sopan saat layan pasien dokter dan awat juga beri jelas jelas,Positif
tulip v vip dari dari anton p sangat baik,Positif
pasien dari arinton ruang e3 layan ramah dan teliti dokter tangan dgn sangat baik dari instalasi gawat darurat sampai ke rawat inap smua di layan dengan cepat tanpa tunggu lama2,Positif
sangat baik layan ramahdr sutrisno juga ramahlahiran di rumah sakit bunda sangat nyaman,Positif
layan sangat baik semua suster ramah dengan dokter sutrisno,Positif
dasar alam layan yang beri baik kontrol rawat jalan maupun rawat inap dan tindak yang laku bagi kami cukup nyaman,Positif
layan bagus bersih good,Positif
sangat baik sekali dehh instalasi gawat darurat tangan cepat administrasi juga cepat tidak perlu tunggu lama mau asuransi atau bpjs sehat layan sama sudah jadi pasien tetap sejak 2016 sampai sekarang kalau ada keluh sakit dalam priksain anak periksa kandung tetap di rumah sakit umum bunda purwokerto,Positif
saya keluarga pasien dari arinton di ruang dahlia 4 layan di rumah sakit bunda bagus,Positif
pasien bapa rasja puas atas layan rumah sakit umum bunda terima kasih pak dokter dan kru rumah sakit umum bunda semua,Positif
saya pasien dokter mas tangan ya sangat bagus dan,Positif
terima kasih untuk semua dokter dan awat yang ramah tamah,Positif
saya keluarga pasien dari mas di ruang dahlia 5 layan di rumah sakit bunda bagus,Positif
pasien drarinton ruang dahlia 4 layan bagus,Positif
pasiien ruang dahlia 5 dengan dokter arinton layan dokter dan awat muas makan dari rumah sakit enak kalau ada keluh cepat tangan,Positif
sini dengan drsutrisno sp og dokter sangaat sangaat positive vibes dan yakin pasien sehingga rasa lebih tenang awat dan bidan tanggap jika pasien ada keluh,Positif
pasien dari arinton ruang melati 3 layan sangat bagus ramah dan cepat,Positif
pasien dokter arinton ruang tulip 2 layan dokter danperawat memuaskanbersih makan dari rumah sakit selalu habis enakpadahal saat masuk susah makanterimakasih rumah sakit bunda,Positif
pasien dokter arinton kamar tulip 2 lama awat muas alhamdulillah,Positif
saya pasien dari sutrisno pelayananya baik di ruang tulip 6,Positif
layan bagus pasien dari sutrisno dari ruang aglonema 2,Positif
saya pasien dari sutrisno layan sangat baik,Positif
dokter baik bida ramah rumah sakit bersih,Positif
pasien drarinton ruang aglonema 1 dari nya ramah cekat kalo tanya apa2 jawab jelasinnya gampang erti tiap hari visit periksa pasien head to to tanyain keluh pasien karena biasa ada yang dari hanya liat tok sudah keluar tidak pegang2 pasien untuk awat tiap kali panggil langsung dateng enak semua untuk sharing ramah juga tidak judes kalo ketuk pintu kalo dari kita belum jawab tidak berani buka pintu dari bersih juga bersih hari berkali2 dibersihin kamar nya tempat sampah sering dibuangganti layan semua bagus muas tahan yaa,Positif
pasien dokter arinton ruang dahlia 4 layan dari dokter nya ramah baik untuk awat juga ramah ramah bagi bersih ruang juga bagus moga rumah sakit bunda selalu beri layan yang bagus dan baik untuk para pasien,Positif
pasien drarinton ruang dahlia 4 layan sini sangat muas makan enak enak ada ahli gizi nya juga awat ramah ramah cekat juga untuk bersih ruang jamin karena tugas bersih selalu bersihin ruang tiap pagi sama sore,Positif
pasien dokter arinton ruang anggrek 2 layan dokter dan awat bagus dan makan nya juga enak dan bersih,Positif
rumah sakit yang sangat bagus layan,Positif
rumah sakit bundaa jalan pramuka bagus untuk layan ramah dokter sal ibu hamill baguss2,Positif
tunggu pasien allhamdulilah layan cepat baik baik suster dokter juga baik dan beri layan yang bagus,Positif
lama ada di rumah sakit semua baik saya puas kunjung di rumah sakit apalagi dengan dokter sutrisno terima kasih,Positif
layan instalasi gawat darurat nya gercep konsul dokter spesialis dokter arinton cukup jelas dan tenang dokter jaga malam juga standby beri layan baik perawat2nya ramah dan komunikatif tengah malam tidak butuh waktu lama gercep ke pasien ahli gizi juga beri terang yang jelas menu yang masuk lidah orang yang sakit toilet yang bersih dan aman bagi disabilitas terima kasih layan yang diberikanadminnya juga okpasien cukup kamar urus beres saat kondisi darurat yang ingat rumah sakit bunda rumah sakit bunda selalu hati,Positif
pasien dari dari mas dari nya sangat baik ramah komunikatif untuk awat rumah sakit bunda baik ramah satset untuk makan nya enak enak bagus layan instalasi gawat darurat cepat ramah fasilitas nya bersih poko bagus moga lebih tingkat,Positif
sayaa pasien nama ibu turiyah di dahlia 4 bagi saya untuk layan di rumah sakit bunda ini bagus si lama saya di rawat dari awal masuk instalasi gawat darurat smpai di rawat inap smua suster suster awat doktr ramah sekali bahkan bnr2 arah saat kita tidak erti dalam hal adm maupun lain makan juga enak walaupun kelas 3 dan bpjs sehat tetapi ttp dapat layan yang baik moga rumah sakit bunda makin jaya terimakash rumah sakit bunda,Positif
pasien dari arinton ruang tulip 7 layan dokter awat baik ramah tangan cepat ahli gizi baik bersih ruang jaga seprei ganti 2 hari sekali,Positif
saya pasien dari anton alam dengan dokter anton muas ramah baik jelas nya detail,Positif
saya pasien dokter dik ruang melati 3 layan di rumah sakit bunda sangat baik ramah dan muas dari segi fasilitas juga bagus,Positif
nyaman bersih awat nya baik baik pokok nya the bagus,Positif
pasien dari arinton ruang tulip4 layan dokter dan awat baik bersih jaga,Positif
ibu datang ke instalasi gawat darurat kata tidak bisa pakai bpjs sehat kalo mau pakai bpjs sehat kata untuk rawat inap memang gitu ya kecewa ibu hari yang sama datang ke rumah sakit belah trnyata lgsg rawat arti ibu indikasi rawat inap kan astaga,Negatif
pasien dokter arinton ruang edelweis dua layan dokter dan perawatmemuaskan baik sangat ramahsudah langgan rumah sakit bunda makan dari rumah sakit enak sekalibersihmks,Positif
kali pertama untuk periksa dan opnam di rumah sakit bunda layan dari dari nakes sangat bagus ramah responsif bagus dari venue rumah sakit juga mudah untuk cari makan tinggal jalan kaki sudah banyak pilih kalo boleh beri masuk bisa kali rumah sakit nya pugar agar lihat kini dan modern sayang sekali dengan venue yang baik tapi rsnya lihat tua bangun dan ruang juga jadul,Positif
pasien dari heppy ruang mrb layan sangat baik dan muas,Positif
layan sangat baik dari sutrisno,Positif
pasien dari sutrisno anggrek 3 dokter favorite si ini bidan rameh ramah dan cantik pasti,Positif
pasien dari sutrisno dari kamar sakura dokter sutrisno layan cukup baik untuk bidan ramah ramah sekali sabar dalam layan,Positif
pasien dari arinton kamar tulip x layan sangat baik baik dari dokter awat pramusaji maupun office boy kamar nyaman bersih dan rapi,Positif
ruang dahlua 4 pasien dari arinton layan awat dan dokter muas rumah sakit umum bunda sudah jadilangganan keluarga kamismoga tambah majumks,Positif
layan baik fasilitas baik and responsif 1x24 jam the bagus terima beri supportnya baik team management bidan dan lain - lain,Positif
layan di rumah sakit umum bunda sangat bagus fast respon ramah komunikatifsabar full senyum segala informasi sampai dengan sangat jelas buat kami rasa nyaman senang dan tenang sukses terus untuk rumah sakit umum bunda,Positif
untuk layan dokter sutrisno bidan dan semua dari pihak rumah sakit umum bunda baik,Positif
layan sini lama saya rawat sangat baik dan telaten terima kasih dari sutrisno dan awat rumah sakit bunda,Positif
dokter ramahperawatnya sopan dan gercep,Positif
pasien dokter arinton ruang bougenville ll layan bagus si jelas yang jelas sangat jelas,Positif
pasien dari arintonbruang tulip 11 peoayanan dokter dan perawatbaik bersihmakanan dari gizi saran untuk buahtgl kbh segar mks,Positif
pasien dokter arinton kamar dahlia lama awat dokter sama awat baikcpt tanggap bersih bagus makananya baik enk,Positif
pasien dokter arinton kamar dahlia 4 lama awat dokter n awat baik lingkung bersih makan enak,Positif
dokter nya dan awat serta bidan ramah terima kasih sudah rawat kami dengan baik,Positif
alhamdulillah puas lama periksa di rumah sakit bunda dan layan pun ramah,Positif
proses lahir di rumah sakit bunda sama dari sutrisno layan sangat baik dan muas,Positif
dari ruang pasien anggrek 2 dengan drsutrisno dokter jasa bagusramah alhamdulillah puas kita,Positif
layan bagus bpkq kalau rawat inap sini nyaman bersih sehat sehat bpkdan smg makin maju rumah sakit bundatrmksh,Positif
saya pasien dari sutrisno layan sangat baik dan ramah suka sekali,Positif
saya pasien dari sutrisno layan baik cekat,Positif
anggi utami ruang melati 3 pasien dokter sutrisno layan bagus rekomendasi,Positif
layan bagus ramah dan saat bulan ramadan di sedia air putih kurma,Positif
layan di rumah sakit bunda pwt muas dari dokter cara jelas nang cukup cepat terima kasih untuk layan nya,Positif
awat yang sangat ramah dokter yang sangat baik layan sangat muas tetap selalu baik,Positif
layan ramah layan dokter dengan dokter anton pun ramah bagus cepat administrasi cepat baik,Positif
bagus sekali,Positif
pelayana bagus,Positif
saya pasien dari anton layan dari samgat ramah,Positif
saya pasien dokter anton layan bagus dan muas,Positif
layan cukup bagus,Positif
pasien dokter arinton layan bagus dan muas cepat sekali sembuh untuk ruang edelwais 3 sangat bersih dan enak nyaman terimksh untuk rumah sakit bunda awat ayom dgn baik dan telaten,Positif
pasien dokter wening atas nama shareefa dokter ramah informatif tidak ada yang tutup dan selalu kontrol kondisi anak fasilitas bagus semua minus ac lah kadang nyala kadang mati tapi tidak masalah teknisi gercep awat ramah informatif dan selalu standby meski tengah malam telpon makan untuk ukur orang sakit itu enak tahan ya kualitas,Positif
pasien dari dicky atas nama hasna zakiyyapelayanan a sangat puasa dan baikperawat nya pun baik dan ramahmakana juga sangat baik dan enaksmoga depan a msih seperti bagus layan nyarumah sakit bunda the bagus,Positif
saya pasien dari sutrisno alam dengan beliau sangat baik layan dari rumah sakit juga sangat baik kamar bersih makan enak terima beri untuk layan nya rumah sakit bunda dan tim,Positif
saya pasien dokter arinton di ruang tulip 4 layan sangat baik dan muas,Positif
pasien drdimas ruang melati 2 layan dokter mas bagus komunikatif infomartif untuk awat bagus cepat layan ramah untuk makan kreatif lebih tingkat untuk lingkung mungkin tingkat lagi,Positif
pasien dokter arinton ruang dahlia 4 kayan dokter dan perawatramah dan baikmisal ada keluh cpt datangpuassudah langgan bunda dari ank saya msh kecil dan ketika anak saya sakit dan saya sakit mesti langsung ke bundasemoga rumah sakit bunda makin kembang dan tetap depan layan baik tanpa beda kelasada saudara nengokin baru pernah ke rumah sakit bundabilang walaupun rumah sakit tidak terlalu besar tapi tempat bersih dan nyamanruangnya juga tidak terlalu sempit,Positif
layan dokter kandung dan lahir normal di dari sutrisno sangat muas 2 kali lahir di sini dari admin tim awat dan bidan sangat bagus jam terbang tinggi profesional kopeten ramah sigap 24 jam,Positif
layan primadokternya mantapperawatnya sangat ramah,Positif
pasien dokter arinton ruang redelwes 2 awat bagus layan juga bagus terima kasih pak dokter arinton sudah rawat dengan baik,Positif
saya ibu maulia pasiwn dokter anton sata sangt puas dengaan pelyann dokter dan bidan bidanta,Positif
pasien dari anton layan baik bidan dan perwatnya juga baik terima kasih,Positif
nama pasien purwanti kamar anyelir isi dokter dari anton prihandana spog layan cepat bagus dan muas terima beri,Positif
pasien dari arinton kamar tulip 2 lama awat awat ramah ruang bersih,Positif
pasien dokter dari sutrisno semua layan sangat ramah dan muas,Positif
layan sangat baik dokter ramah awat juga ramahramah,Positif
pasien dokter hepi kamar dahlia 4 lama awat cepat terus dari dokter telaten sama bersih nya cukup,Positif
layan tidak ramah,Negatif
sudah jauhjauh nyata dokter nya tidak ada tidak ada omong apa apa masuk kosong tidak ada orang atau yang jaga sama sekali dengar lagi pada ketawa2 dalem kapok kesini,Negatif
rumah sakit tidak jelas sudah reservasi jauh2 dateng info dokter tidak ada mana sepi sekali rumah sakit kapok,Negatif
layan yang sangat bagus begitu juga dengan fasilitas yang baik,Positif
malam malam ke instalasi gawat darurat sinar beri awat dan dokter cekat sekali tebus resep apotik malam juga ada tugas sat set baik pokok terima beri rumah sakit umum sinar beri atas layan,Positif
watan rawat inap sangat baik sii kak tapi untuk parkir hanya bolak balik sebentar di tarik parkir terus hari bolak balik 4 kali di minta bayar parkir terus,Negatif
layan di rumah sakit ini sangat muas dokter sangat detail jelas mudah paham proses pulih saya jalan jauh lebih cepat dari kira,Positif
rumah sakit percaya keluarga bintang 5 untuk poliklinik gigi tangan cepat dan tepat,Positif
layan ramah ruang bersihsangat muas,Positif
layan dokter dan awat ramah ramah serta tempat bersih,Positif
layan ramah dan sangat baik awat sangat careable,Positif
sangat di sayang tukang parkir rawat inap kalo mau keluar harus benar benar nyiapin uang 2rban sekali keluar masa harus bayarr 2rb buka masalah nominal hanya tidak nyaman ajaa maaf kalo layan rumah sakit sudah bagus hanya saja tukang parkir nya saja yang bikin tidak nyaman,Negatif
baru berpengalan oprasi layan bidan muas,Positif
layan sangat ramah dan sopan mulai dari daftar hingga dokter sustersusternya telaten dan sabar layan pasien dokter dan awat di sini ramahramah dan beri jelas dengan detail buat pasien rasa tenang dan nyaman staf medis sangat profesional dan tulus dalam layan sangat memuaskanterima beri tim medis atas dedikasi layan tulus ramah dan profesional saya sangat puas dengan layan di sini bersih jaga dan staf sangat bantu,Positif
layan jos gandos kryawan awat dan juga tenaga medis yang lain ramahramahtingkatkan dan tahan terus rumah sakit sinar beri,Positif
tempat nyaman layan nya bagus,Positif
padahal rumah sakit bagus tetapi awat ditanyain judes judes tidak paham kan wajar harus arah sikap kurang enak saja liat sampai tanya pasien lainkarna malas tanya awat,Negatif
layan sangat luar biasa layan bagus suster semua sini sangat ramah dan informatif dokter ramah sangat informatif bantu kamar juga nyaman bersih semua sangat baik terima kasih suster ida dan suster nabila,Positif
pelayananya sangat baik awat dan dokter sangat ramah,Positif
layan sangat bagusramah ramah,Positif
terima kasih ruang lantai 4 kamar 407 terima kasih layan suster ardila dan suster putri,Positif
cukup muas ada awat yang sangat senang dan bikin happy nama suster alvi kita di lantai 7 ruang 714 ruang vip muas terima kasih suster sudah layan kami sg baik dan senang,Positif
suster anggi layan baik dan sopan,Positif
alhamdulillah maksimal tangan nya,Positif
fasilitas sangat baik layan ramah terimaksih banyak hermina,Positif
tangan dan awat sangat baik dengan suster anggi,Positif
layan bagus ramah cepat,Positif
di rawat lama 3 hari 2 malam di suite room tepat di gedung 2 gedung baru rumah sakit hermina kamar sangat nyaman luas bersih dan fasilitas sangat lengkap rasa sangat bantu utama dengan suster yusrotun nurul yang sangat ramah dan bantu layan sangat muas makan enak tugas bersih sopan dan sangat baik terima kasih rumah sakit hermina sudah bantu dengan layan baik sukses selalu,Positif
pertama kali masuk rumah sakit umum hermina purwokertokarena suami traveling hd sana alhamdulillah masya allah di terima dengan baik daftar pun tidak ribetpelayanan awat dan pegawai sat setkarena kondisi suami waktu itu mau ketemu dokter sppd dadak sesakalhamdulillah langsung di tangan dengan cepatrawat inap meski 1 hari tapi bagus pelayanannyabersihperawat dan dokter ramah ramah terima kasih banyak rumah sakit umum hermina purwokerto terima kasih banyak juga untuk yang suka beri informasi ke saya awat bagi hd nyamaaf saya lupa namanyasukses terus untuk rumah sakit umum hermina purwokertolebih dan lebih baik lagi,Positif
sangat puas layan saya di rawat di kamar 405 rawat dengan suster ardila yang ramah dan baik,Positif
layan di ruang kamar operasi sangat baik mba icha jelas sangat detail terima kasih rumah sakit umum hermina purwokerto,Positif
layan bagus daftar cepat ramah dan mudah guna mobile jkn layan lebih cepat dan nomor antri bisa tahu langsung,Positif
radiologi muas,Positif
layan di rumah sakit hermina sangat bagus dan ramah ramah suster anggi terima beri,Positif
layan di hermina sangat muas terima kasih sama suster anggi cantik dalam negeri ramah,Positif
semua awat ramah tempat ya nyaman dan bersih really a cozy and comfortable place to be called as hospital,Positif
ruang ingat layan cepat edukatif dan tanggap,Positif
layan bagus cepat dan ruang nyaman,Positif
layan rawat inap di ruang 508 muas awat ramah dan sigap dokter indah dan dokter suryantoro edukasi dengan jelas,Positif
terima kasih untuk awat suster karmilaoktafiadwn semua suster yang ada di lantai 5 kamar 525 yang sudah rawat bapak saya dan layan di rumah sakit hermina purwokerto sukses selalu,Positif
untuk radiologi dokter dan staff ramah layan jelas dan cepat,Positif
terima kasih untuk layan yang di ikan kepada anak saya sehingga anak saya sudah sembuh dan di boleh pulangterimakasih buaat suster vitasuster ulfahsuster karmila yang selalu sigap dalam layan sayasemua awat sangat ramah2sujses untuk rumah sakit hermina purwokerto,Positif
untuk radiologi bagus layan dan ramah,Positif
terimaksih layan yang sangat muas di kamar 516 lantai 5terimaksih sus okta dkk,Positif
tempat nyaman awat baik dan cepat layan,Positif
lama rawat inap sini di rawat inap lantai 4 kamar 405 rawat dengan baik layan baik awat awat nya baik dan ramah jelass saat jelas moga makin maju dan kembang,Positif
saya daftar usg jam 1 siangbuka jam 3 tapi sampai maghrib belum panggil pdahal jauh,Netral
layan di daftar muas cepat walaupun kadang antri sangat panjang untuk ambil obat juga bisa ambil besok hari tempat tunggu pasien nyaman,Positif
layan ramah alur daftar mudah dan cepat,Positif
layan baik nakes ramah dan layan cepat,Positif
untuk radiologi alhamdulillah bagus sangat baik lah,Positif
layan senang tempat nyaman,Positif
layan mr sangat bagusdan muas,Positif
fasilitas baik bidan nya baik2 bersih nya bersihhg,Positif
lahir di rumah sakit hermina benar nyaman poll saya lahir pake bpjs sehat bidan dan tenaga medis nya layan dengan baik cepat tanggap tempat nya juga bersih jelas dalam sampai apa terima kasih tim medis dan rumah sakit hermina pwt,Positif
rumah sakit nyaman baik bidannyaa juga ramah,Positif
layan instalasi gawat darurat sudah bagus,Positif
moga layan farmasi rawat jalan lt 1 selalu baik,Positif
layan sangat baguscepat tanggap,Positif
layan cukup muas suster dan bidanna ramahramahterimakasih suster bayi aliya dan amel,Positif
sangat puas dengan layan di rumah sakit ini dari pertama masuk instalasi gawat darurat perawatbidan sangat ramah dan informatif dan sangat puas utama tim operasi sesar tim mba krise dan kawan2 benarbenar care ramah dan profesional bikin saya rasa lebih tenang saat jalan operasi proses operasi jalan lancar dan telah juga rawat dengan baik awat responsif dan perhati sekali terima beri untuk semua tim sangat rekomendasi,Positif
poliklinik lantai 2 sangat bagus sekali layan,Positif
layan bagus ramah dan bersih,Positif
layan instalasi gawat darurat bidan lela dan dokter mila sangat rekomendasi sangat bantu untuk new born seperti,Positif
terima kasih sudah rawat ibu saya di kamar 502 lama rawat tidak minta biaya ruang bersih makan habis awat ramah baik sopan tindak gercep,Positif
layan bagus informasi yang beri lengkap dan jawab semua pertanyan pasien,Positif
suami saya rawat kamar 502 ruang bersih awat ramah cekat sopan baik terima kasih sudah rawat,Positif
lama di rawat inap di rumah sakit hermina ini dapat laku yang baik dan dapat arah yang mudah di dengar untuk masalah bersih sini sangat bersih dan makan layak rumah sakit pada umum gizi dan sangat jaga inap di kamar 509 lantai 5,Positif
bersih ramah dan baik sekali terima kasih,Positif
layan rumah sakit mulai dari daftar sangat bantu pasien arah dgn baik kalo tanya jawab lengkap rumah sakit nyaman,Positif
instalasi gawat darurat layan sangat baik dan jelas ny detail pasien langsung dapat tolong,Positif
sangat ramah pelana tempat bersih dan nyaman,Positif
layan ain muas tetimakasih suster aliya,Positif
rumah sakit hermina terima kasih layan nyamaju terus,Netral
layan laboratnya bagus banget mudah paham rumah sakit ter nyaman bersih dan ramah,Positif
untuk layan rawat inap di ruang padma layan kebersihanmakanan pasien bagus,Positif
layan cepat dan ramah bakal rekomendasi ke temanteman terima kasih,Positif
di rawat kamar 502 kelas 3 layan awat baik dan bagus,Positif
awat di lantai 4 padma suster baik ramah,Positif
layan bagus sekali,Positif
layan awat di lt 4 padma bagus awat ramah bersih ruang bagus,Positif
sangat ramah sekali tugas radiologi,Positif
alhamdulillah saya di rawat kamar 502 layan awat nya baik cepat terima kasih suster,Positif
layan sudah bagus sangat baik terus tingkat,Positif
pelayanny bagus sangat ramah semua paling bagi obat lama sekali,Positif
the bagus,Positif
terima kasih untuk layan rumah sakit hermina purwokerto dokter kandung dan dokter anak baik ramah awat bayi sr amel ramah dan jelas saat jelas,Positif
layan bagus fasilitas lengkap nyaman juga lama rawat inap sini suster dan dokter juga gercep lama butuh gedung baru nya mantapp,Positif
layan sangat baik awat juga fast respon dan telatensangat rekomendasi untuk yang mau lahir,Positif
layan baik di kamar 407 awat ramah ramah terima kasih suster devina makin tingkat layan sudah bagus,Positif
sangat puas dengan layan di rumah sakit umum pku muhammadiyyah amanah sumpiuh dokter sangat komunikatif jelas diagnosa dengan bahasa yang mudah erti dan tidak terburuburu awat juga sangat ramah dan sigap saat saya butuh bantu di ruang rawat inap terima beri atas layan nya,Positif
ramah baik,Positif
rumah sakit baik di pku muhammadiyah sumpiuh layan yang cepet respon suster cekatankebersihanya baik sangat baik jiwa,Positif
rumah sakit umum dadi keluarga,Netral
rumah sakit yang sangat nyaman dgn fasilitas yang sangat lengkap untuk penuh butuh layan sehat masyarakat sumpiuh dan sekitar,Positif
dua kali waktu buang dan di kecewa pertama sudah dapat rujuk untuk ke amanah dan ndaftar di jkn mobile hingga tiba hari h sampai rumah sakit di informasi dokter kata cuti tanpa pemberitahuan akhir kami pulang lagi minggu kemudian datang lagi saat puasa antre capek tunggu dokter lama dan akhir mau di cek mesin usg nya kata rusak serius begini layan nya,Negatif
dari adityono baik dan ramah dalam layan pasien,Positif
layan bagus tanpa ad yang triak2 dalam layan tahan dan tingkat,Positif
untuk layan tppri sangat lambat kasi pasien yang sudah tunggu sakit tapi bikin leled tunggu sampai jam jam 26 jam an harus yang kerja tambah personil bukan orang itu itu saja,Negatif
rumah sakit ini rupa rumah sakit yang milik fasilitas lengkap dengan layan yang ramah terima kasih rsms purwokerto,Positif
baik,Positif
type a layan lama tolong sistem antri pasien di jelas lagi utama di klinik bedah onkologi yang tangan 300 pasien lebih saya baik bintang kalo sudah jelas,Negatif
saya harus kontrol ulang pada tgl 8 juli 2022 hubung ada penting ke bandung pada tgl 7 juli 2022 rabu 6 juli 2022 saya ambil no antri dgn no 032 pada jam 065227 tapi tolak tetap harus kontrol tgl 8 juli 2022 apakah saya bisa kontrol ulang pada tgl 11 juli 2022 telah pulang dari bandung,Netral
walaupun antre lama tapi layan baikramah,Positif
tiap bulan rutin kontrol di rumah sakit ini alhamdulillah selalu puas dengan layan salut untuk tugas relatif ramah tugas informasi mas hanggar sangat ramah sabar layan dokter hernawan juga baik moga karyawan margono selalu beri sehat dan makin jaya rumah sakit nya,Positif
terimaksih kepada rsud prof margono atas layan nya yang baik utama di klinik endokrin nya di temu dengan dokter pugud yang jelas dengan nada halus dan masuk serta seluruh staf yang sudah sangat ramah dlaam layan saya dan suami khusus yang baru datang ke sini mau jawab dan jelas dengan sabar dengan rinci tiap tanya saya terimaksih,Positif
halo saya anak budi prakoso terima kasih ya dari kami untuk margono karena bolak balik rumah sakit ini dari desember sampai februari akhir ayah saya pulang pada 10 feb 2026 di margono ayah saya idap b20 terima kasih banyak untuk dokter hepi dan awat cowok serta suster2 yang sudah dukung rawat ayah saya masa hidup,Positif
lama praktek ners di rumah sakit margono sangatt beerkesan banyak kasus baru yang dapat di ajar karena rumah sakit rujuk besar,Positif
tempat nyaman nakes ramah layan muas,Positif
layan baikcukup puas terima kasih,Positif
awat ramah dan ruang di cempaka bersih,Positif
layan di rsms sangat baik dan tidak mengecwakan,Positif
tugas informasi baik bantu dan ramah,Positif
rsms margono rumah sakit bintang 5 layan super cepat tangan dengan baik dan maksimal dokter sangat bagus baik di poliklinik klinik maupum di rawat inap nya terima beri untuk semua tim dokter dan awat rsms margono yang sudah bantu anak saya sehat kembali moga allah swt balas semua baik dengan lipat ganda aamiin,Positif
sangatbaik,Positif
alhamdulilah layan baik,Positif
garda depan dan percaya keluarga kami dalam obat selalu sukses wh,Positif
pelaynannya cepat ramah dan tempat nyaman sejuk,Positif
layan satset cepat ruang pun nhaman dan bersih,Positif
layan dari 2017 dahulu sangat baik,Positif
layan meng jos sangat baik baik ramah dalam tangan pasien seperti saya terima kasih banyak,Positif
staf ramah bantu sekali,Positif
jadi layan percaya bagi keluarga besar kami,Positif
sangat rekomend untuk obat,Positif
layan selalu cepat dan percaya,Positif
staff ramah dan layan nyaman,Positif
jadi percaya dar dlu keluarga kami,Positif
obat sini layan bagus,Positif
pela6ann cepat percaya,Positif
awat dan layan baik,Positif
layan cepat dan muas,Positif
ramah dan baik,Positif
pelayann selallu percaya dan alu unggul,Positif
sangat nyaman,Positif
memang jadi baik dalam laksana layan sehat,Positif
jadi percaya kami dar dlu,Positif
layan jnggul percaya,Positif
sangat baik peayann percaya,Positif
tidak segera tangan pasien celaka padahal ada kartu bpjs sehat,Negatif
layan di rumah sakit bagus awat sangat ramah r25,Positif
layan terlalu slow respon dan kurang teliti,Negatif
pertama kali rskm pwt karena mata kanan buramberbayang alhamdulillah belum perlu pakai kacamata telah periksa hasil mata tidak ada minussilinder hanya mata kering dan beri obat tetes mata dan vitamin antri lumayan lama dari daftar jam 0930 dan selesai ambil surat terang medis 1320,Positif
layan rumah sakit santha elisabeth yang sat set bagus pokok pasien begitu dtng lgs tertanganin lgs di beri kamar tanpa tunggu lama its very good terima kasih elisabeth mdh2an bapak mertua cepat sembuh kembali sehat seperti mula dan mudah2an rumah sakit elisabeth makin sukses,Positif
layan baik banget suster ramah terima kasih sudah rawat istri saya sampai sembuh rumah sakit baik di pwt tidak beda pasien bpjs sehat atau umum,Positif
first time dalam hidup di opname padahal takut sekali kena jarum suntik tapi di rumah sakit elisabeth ini patah ketakuatanku dari mulai awal masuk di instalasi gawat darurat suster dan awat yang cowo nya cekat ramah baik dokter di instalasi gawat darurat juga baik banget kemudian tunggu dari instalasi gawat darurat untuk ke ruang rawat juga cepet tidak pakai lama telah di ruang rawat juga nyaman sekali kamar mandi bersih makan enak suster di lt 3 ruang fransiskus juga baik2 sekali apalagi suster har sumpah lembut sekali kebtulan juga saya rawat dokter spog drsyamsul anam baik sekali ramah beliau alus sekali tutur bicara moga sukses selalu rumah sakit st elizabeth terima kasih sudah beri layan terbaikk terima kasih juga sudah rawat saya sampai sembuh,Positif
instalasi gawat darurat bagus pelayanannyatrims,Positif
trmksih atas layan baik rselisabeth,Positif
terlalu lama cara kerja mu elisabeth yang hormat ketika pake umum layan guna beri tuhan yesus kristus ketika bpjs sehat semua ubah layan mu ubah amit amit tidak akan kesini lagi moga bisa ada ubah bpjs sehat atau umum itu sama sama sama manusiatapi seperti tidak akan ubah memang suka nilang orang sakitproses cek darah sampai 6 jam di instalasi gawat darurat mikir tidak lah orang lagi sakit habis operasi operasi nya itu di tempat anda elisabeth tunggu konfirmasi dari dari bedah ya kalo masih bangun dokter kalo sudah ngorok suruh tunggu lagi memang konfirmasi tidak bisa pasien di dalam kamar dulu yah ini pasien habis operasi lho operasi nya di elisabeth umumbukan bpjs sehat akhir kontrol dan tidak akan ke rumah sakit ini lagi rumah sakit terburuuk di purwokerto,Negatif
layan harus di baik lagi lah proses pasien ke ruang rawat inap dari instalasi gawat darurat sungguh benar lama sekali dari jam 1730 an sampai jam 2200 masih tunggu di instalasi gawat darurat tanya suster kata lagi di proses tidak tau lah ap yang proses sampai lama itu,Negatif
tolong layan di bagi farmasi harus sat set cepat banyak yang komplen soal antri obat yang sangat lama saya rasa tiap bulan kadang lama apalgi kalau saat rame sampai jam jam,Positif
layan sangat buruk antri sangat lama dokter juga tidak sopanjudes dan tidak ramah antre 3 jam periksa hanya 5 menit tanpa mau dengar keluh langsung vonis gejala sangat tidak rekomendasi sakit bukan sembuh malah makin parah,Negatif
hari ini saya unjung rumah sakit untuk jenguk kerabat yang sedang rawat suasana rumah sakit cukup tenang dan bersih tenaga medis juga lihat sigap dan ramah moga yang sedang rawat segera beri sembuh dan bisa kembali aktivitas seperti biasa,Positif
kakak saya kmren lahir pada hari rabu 25maret 2026pelayanan bidan sangat buruk ketuban sudah pecah sejak jam 3 pagi tetapi respon bidan biasa saja lalu ketuban pecah lagi jam 9 pagi dan itu keruh tanda itu sudah tidak baik dan lagi respon bidan biasa saja sampai sore padahal pihak keluarga sudah tanya tetapi sepele dan sombong minim attitude sekalisampai akhir jam 6 sore kakak saya pacu dan sampai akhir kondisi anak kurang oksigen dan harus rujuk kersud banyumasdan parah lagi pihak medika putar balik kondisisampai saat ini keponakan saya mas rawat ruang nicu dirsud banyumassaya hanya tekan saja jika jadi sesuatu pada bayi saya tidak segan2 lapor pihak medika polis dan ranah hkum karena teledor bidandan saya masih ingat bidan mana saja yang manangani kakak saya,Negatif
medika lestari sangat2 buruk sodara saya lahir tapi di sepele oleh bidan ketuban sudah pecah sejak lama dann sudah keruh tapi anggap aman oleh mereka tolong bidan medika lestari jika mas ingin bermain2 jangan sanggup untuk jadi bidan sodara saya yang sudah jadi korban sampai anak haruss rujuk ke rsud banyumas karena mas lalai pihak medika lestari,Negatif
himbauan untuk medika lestari tolak saja ibu yang mau melahirkanbidan tidak ada yang becus dalam kerja attitude nol judessongong akan nyawa pegang diasodara saya lahir sudah ada tanda tanda yang tidak baik pada ibu dan anak tapi sepele oleh bidanlain kali recruitmen bidan seleksi yang benar2 sudah didik bukan hanya cari uang saja,Negatif
cukup sekali saja rumah sakit tidak punya dokter operasi tunggu dokter padahal korban celaka dari jam 7 pagi hingga jam 5 sore baru di tangan dokter,Negatif
bagi bumil kalo bisa jangan lahir disinipenanganan lambatt sodara saya ketuban pecah biar cukup lama padahal buka sudah 9 dan kondisi ketuban sudah keruhbayi mau lahir pun harus pacu dlu itu karena pihak keluarga yang menekanbidan semua noll seperti tidak didik,Negatif
parawatnya batusongong bet,Negatif
layan tolong baik pasien kontrol suruh datang 830 tetapi dokter datang pukul 12 siang lebih harus ada jadwal yang jelas dan ada konfirmasi lebih dahulu,Negatif
layan baik pegawai ramah ramah sangat baik,Positif
anak saya di rawat d ruang akasia operasi dengan lancar alhamdulillah awat baik baik dan ramah terima kasih rumah sakit dadi keluarga,Positif
layan bagus awat baik dan ramah,Positif
semua bagus layan bagus,Positif
layan baik ramah cepat tanggap dan bersih nyaman,Positif
layan sangat baik bagus tugas ramah ramah terima kasih sangat muas dari pasien rawat di ketapang 2,Positif
saya klrga rawat di ruang akasia 1 terima kasih untuk layan bagus,Positif
ruang awat nyaman tugas ramahramah fasilitas lengkap,Positif
dokter dan awat di ruang angsana sangat baik terima kasih,Positif
bagus pelayananya bida baik baik dan cekat ruanganya bagus,Positif
pelayananya bagus ruanganya muas,Positif
bagus perawtanya cekat dokter baik dan komunikatif ruanganya bagus,Positif
layan cepat baik juga terus cepet juga kalo butuh bantu,Positif
rumah sakit dengan layan yang dapag andal awat dan tugas ramah dan gercep dokter nya jhga informatif dan ramah ruang rawat inapnha bersih dan dingin ini sudah rawat inap saya yang ke 8 di rumah sakit ini,Positif
layan ramah muas dokter komunikatif,Positif
awat ramah rumah sakit bersih,Positif
bisa bisa nya dokter telat 15 jam habis gitu saat dateng masih jalan enak enak canda seperti tidak ada masalah apa apa tidak tau diri sekali kalau telat segitu nya layan sangat buruk sekali,Negatif
alhamdulillah ruang mahoni nyaman awat sangat ramah layan bagus,Positif
layan yang cepat akurat inovativ dan lengkap sangat rekomendasi sekali,Positif
bagusanyaman awat asik,Positif
layan bagus rumah sakit bersih perwatnya baik,Positif
maaf waktu anak saya periksa mata tangan oleh dokter spesialis mata dari wahid heru widodo layan sungguh tidak ramah sampai anak saya trauma mental bolakbalik sewot sprt laku kasar saat periksa mata shg anak saya malah smkn tidak mau kooperatif dengan si dokter sampai harus manggil mas entah itu nursekaryawan di situ untuk priksa mata anak saya untung si mas malah lebih sabar dan ramah sekali dalam periksa mata anak saya anak saya kooperatif sekali tanpa bujuk apa harus si dokter bisa contoh sikap si mas itu agar lbh sabar dalam tangan pasien utama anak kecil sangat sayang sekali saya harap bisa ajar lbh sabar lagi ya dok,Negatif
alhamdulillah puas sekali si dengan layan di rumah sakit dk ini awat nya pun baik dan ramah rumah sakit nya pun bersih moga rumah sakit dk makin maju dan tetep tahan kualitas layan rumah sakit,Positif
baik nyaman,Positif
tolong sistem nya baik apa beda daftar online di mobile jkn sama enggak kalau samasama harus antre di daftar harus pasien tinggal cek in dan ke nurse station ini malah harus ambil nomer antri lagi tunggu di panggil di daftar lagi apalagi pasien bayi yang tidak perlu fingerprint atau faceprint untuk perlu adm bpjs sehat,Negatif
layan sangat muas tugas ramah ramah,Positif
semuanyaa bagus pelayananya baik tapi kamar mandi poliklinik basahl dan seperti lurang bersih kotor,Negatif
datang jam 0600 pagi dan dapat jadwal kontrol anak di jam 0630 pagi tapi sampai jam 0800 dokter belum datang dan tidak ada konfirmasi apakah sop nya seperti ini kecewa sekali si,Negatif
bersih wangi baik,Positif
layan sangat ramah dari mulai daftar sampai ambil obat banyak pilih dokter specialis banyak juga sedia layan sehat seperti treatmilmcu dan vaksin,Positif
layan bagus dan cepat tugas ramahramah moga selalu jadi rumah sakit swasta baik di wilayah kabupaten banyumas,Positif
rumah sakit ananda baik respon cepat semua karyawan ramah dan sopan,Positif
palayanan di instalasi gawat darurat sangat baik cepat dan ramah ramah,Positif
pernah lahir di rumah sakit ananda pelayananya sangat muas,Positif
malam tgl 15 maret 2026 sedikit kecewa dengan layan awat di ruang melati mana kondisi bapak saya kritis panggil 3 kali tidak ada respon sampeakhirnya bapak saya tinggal dunia di ruang melati tadi mlam pukul 2100 awat yang jaga tidak respon atas nama mba li ruang melati tolong tindak lanjut dan di evaluasi,Negatif
admin online nya informatif dan cepet balesnya sangat bantu,Positif
alat untuk tindak bedah mulut rusak saya sudah 23 kali kunjung ke poliklinik gigi untuk cabut akar gigi akhir di cancel jauhjauh dari jeruklegi cilacap malah zonk tolong kita pasien bpjs sehat agak di perhati lagi kalo misal tidak bisa baik ganti alat baru mbok ya tidak di infoin lewat wa kan bisa jadi kita yang dari jauh tidak mubah waktu mohon maaf untuk saat ini hanya bintang 1,Negatif
gedung bagus layan sangat memumaskan,Positif
layan sangat muas seluruh tenaga sehat sangat ramah,Positif
layan ramahpetugasnya baik baik,Positif
gedung nya luas layan nya juga bagus,Positif
nyaman luaspelayanan baik,Positif
layan baik cepat dan tugas ramah sopan terima kasih,Positif
di ruang camar layan okay sat set,Positif
ruang camar sangat baik pelayanananya ramah dan bersih,Positif
rsud ajibarang sudah maju administrasi dari semua instalasi sudah koneksi dengan baik tempat tunggu daftar nyaman dan luas kalau nyaman kamar sesuai kelas ya bpk ibu moga makin maju,Positif
alhamdulillah layan di camar bagus cepat tangan tiap keuluhanruangan bersih maturnuwun,Positif
rumah sakit bagus layan bagus cepat tanggap juga,Positif
palkiran mobil yang letak di belakang sangat panas tida ada lindung sama sekali,Negatif
tolong untuk tiket parkir segera di normal soal ketika drop off ke belakang bagi ruang visio terapi langsung keluar lagi lalu bilang ke tugas parkir jika hanya drop off tetapi kaya tidak percaya tugas,Negatif
awat di ruang camar awat baik ramah tempat nyaman pokok jos jis lah,Positif
maaf mau tanya info untuk pricelist usg nya pakbu apakah sudah masuk konsul dan vitamin atau hanya usg saja terima kasih,Positif
sudah baik layan tingkat terus terima beri,Positif
layan baik dan cepat,Positif
pengalanan di rawat di ruang canar bawah pertama masih belum ada perbaika telah hari ke2 hari jumat ada awat beri tau makanya harus belah kiri sehingga yang harus saran di pasang selang jadi tidak perlu dan sampai sekarang alhamdulilah makan minum lancar pulang sudah banyak progres tinggal pulih rumah,Positif
alam saya lama di rawat di ruang camar bagus sekali awat ramah ramah dokter baik,Positif
alam saya srlama rawat ruang camar bawah cukup muas layan ramah cukup baik terima beri banyak banyak,Positif
layan baikbp rawat ramah,Positif
daftar dapat laku cara online lalu wa ini sangat mudah sekali ketika dokter tentu sudah full kuota bisa ganti ke dokter lain yang masih ada kuota bayar bisa cara tunai dan juga non tunai,Positif
kresna layan sangat bagus dan ramah,Positif
perawatanhya sangat bagus untuk ruang kresna ramah dan sigap,Positif
terima kasih atas kerjasamanya untuk ruang kresna good,Netral
dokter gimana ya kurang pantes sebut dokter walaupun sudah pake umum,Negatif
layan kurang gercep,Negatif
pegawai di mcu tidak ramah pada ngetawain atau keselnyolotsinis ke pasien misal mereka tidak paham apa yang maksud sama pasien padahal saya bayar pribadi tidak pake bpjs sehat tapi pegawai tidak profesional sama sekali,Negatif
satu bulan lalu saya alami celaka tangan saat itu bisa bilang cepat dan tanggap saya yang tidak erti dunia medis anggap bahwa jahit luka saya itu baik saja tetapi telah saya tau saya sangat kecewa luka saya dalam yang harus di jahit luar dalamtp ini hanya jahit luar nya saja yang sebab masih jadi darah jahit yang kurang bagus dan paramedis yang kasar sangat amat di sayang saya harap jadi sprti saya tidak di alami oleh pasien lain and always take care of your health,Negatif
baik layan ramah sekali the bagus,Positif
2jam tunggu obat,Negatif
layan baik dan cepat tugas di ruang lavender juga ramah dan sigap,Positif
layan di cs baik bagus bahkan di japri mau balas tksh siamed untuk layan,Positif
rumah sakit umum siaga medika banyumas jadi salah satu fasilitas sehat yang cukup kenal di wilayah banyumas dan sekitar dengan lokasi yang relatif mudah jangkau dari bagai arah rumah sakit ini layan butuh medis umum dengan dukung layan seperti instalasi gawat darurat 24 jam rawat jalan rawat inap serta beberapa poliklinik spesialis yang bantu tangan pasien dengan butuh yang agam fasilitas tunjang seperti laboratorium dan radiologi juga sedia untuk dukung proses diagnosis dari sisi suasana area rumah sakit asa cukup tata dengan alur layan yang jelas meski pada waktu tentu seperti hari kerja atau jam kunjung aktivitas bisa cukup ramai cara umum rumah sakit ini peran bagai salah satu pilih layan sehat di banyumas yang cukup pada untuk butuh dasar hingga tangan lanjut,Positif
layan cepat tugas ramah sopan tanggung jawab semua karyawan laksana sholat apabila waktu sholat sudah tiba,Positif
tangan sangat baik,Positif
layan rekam medis satset,Positif
lahir anak pertama saya di jih dengan layan tempat yang nyaman para nakes ramah dan perhati makan yang enak kontrol hamil juga selalu di jih dengan dari herman spog yang sangat detail tenang dan alam terima kasih jih purwokerto,Positif
terima beri untuk layan lama rawat sangat bagus kecewa saya dpjp yang tangan saya dan anak saya tidak jelas ke kami kait lain yang di alami oleh ank saya informasi tsb baru kami dptkan 4 hari telah kami bawa ke instalasi gawat darurat dokter di instalasi gawat darurat reng riwayat rekam medis anak kami yang harus sudah info sejak awal rawat beberapa keluh anak kami sampai saat visit tetapi dpjp sampai semua normal apa info tsb tidak boleh kami tahu atau info tsb lewat karena kondisi anak saat di rumah sakit baik tidak info ke kami agar kami lebih waspada jika dapat ciri2 hal tsb jadi,Negatif
selalu puas sama layan jih totalitas sekali super worth it dari segi harga layan dan lain - lain terima beri jih,Positif
jos jos pokoke,Positif
sc sini nyaman sekali pulih cepet sekali sangat baik,Positif
alhamdulillah lahir anak pertama sini dan semua lancar layan super baik dari awal layan antar jemput sampai tangan dede bayi lahir semua bidan dan dokter bantu dengan maksimal sabar dan selalu beri semangat terima kasih jih pwt sukses selalu,Positif
layan bagus sangat ramah awat salin pertama muas,Positif
lahir di rumah sakit jih dengan dokter ardi spog jelas detail pol dokter baik jauh ini resepsionis dan awat juga ramah dan sangat bantu 1000100 untuk rumah sakit jih semogaa sukses teruss,Positif
alhamdulillah allah beri sembuh lalu tindak operasi amandel dan adenoid oleh dokter anton budi spesialis tht sehat selalu pak dokter moga allah balas baik bapak terima beri atas jasa dan layan baik rumah sakit jih excellent,Positif
layan bagus cepat dan sigap semua pegawai nya alam,Positif
daftar lama baanget malah dtinggal pergi nggada yang loket satu jam tunggu,Negatif
tidak sekali jaga loket nya masa goblog2 in unjung hanya masalah mau naroh karcis dimotordikira saya tidak denger kali org saya saja belakang nya sodaraku yang naroh karcis,Negatif
layan cepat dan baik,Positif
terima kasih rumah sakit islam purwokerto sudah tangan saya lahir dengan metode sc segala layan dari saya masuk instalasi gawat darurat ruang al barokah dan juga tindak sc sangat muas dokter dan awat yang tangan saya waktu ruang sc pun sangat ramah humble jadi saya rasa nyaman dan tidak takut ada ruang operasi untuk dokterbidanperawat dan yang jaga di ruang albarokah saya ucap banyak terima kasih saya sangat nyaman ruang albarokah karena tempat bersih layan sangat cepat sigap dan yang jaga baik2 semua,Positif
terima beri untuk rumah sakit islam purwokerto saya hari sabtu daftar ke dokter spb untuk cek hemoroid dan senin operasi layan sangat ramah dokter ners laki lakiperempuan nya sangat bantu rawat saya lama rawat pasca operasi apoteker yang bantu jelas juga ramah terima beri banyak,Positif
bagus ramah sekali,Positif
r inap dsini tugas dan awat nya 10 tiap hari cleaning nya selalu bersih ruang sampah dan sikat kamar mandi awat nya ramah dan tanggap saat minta tolong tahan selalu service excellent nya rumah sakit islam,Positif
semangat trus untuk dokterperawatbidandan smua karyawan rumah sakit umum ananda,Positif
terus proses jadi rumah sakit yang baik di purwokerto,Positif
layan yang sangat ramah dan percaya sukses selalu bunda arifpositi pelayananya ramah sekali semu nakes nya juga baik baik,Positif
5 juni 2016 sangat kecewa dengan layan salah satu awat lakilaki kacamata saat mama saya sedang sakit karena kateter dan saya sudah minta agar kateter periksa atau baik bukan dapat tangan yang saya harap saya justru ditodori surat tolak pasang kateter yang buat saya makin kecewa telah itu awat sebut malah ketawa ketawa bagai keluarga pasien tentu sangat sakit hati lihat orang tua sedang sakit tetapi keluh asa tidak tanggap dengan serius saya tidak masalah prosedur rumah sakit jika memang ada alas medis yang jelas namun tolong tetap tunjuk empati kepada pasien dan keluarga kami datang karena butuh tolong bukan untuk rasa abai ketika pasien sedang sakit yang bilang itu hal normal tidak 2 minggu mama saya di rawat rumah sakit tidak pernah rasa sakit sama sekali 6 juni 2026 mama saya nyata tinggal tinggal memang takdir hanya awat itu yang untuk keluarga kecewa,Negatif
layan nya baik ramah dan sangat cepat oenangana pasien pasien guna bpjs sehat,Positif
awat azzaetun ramah kerja cekat,Positif
dulu pernah priksa usg sini tapi sama dokter di takutin2 kata 1 minggu lagi bayi harus lahir padahl bb bayi baru 19kgdan itu kata sudah mau usia 39minggu tapi saya tidak nurutin alhasil priksa ke rumah sakit lain nyata bb bayi nya sudah 26kg dan alhamdulillah lahir sesuai hpl dan berat bada 3kg lahir normal,Negatif
dokter awat fasilitas lengkap layan mantep satu kata untuk rumah sakit jih bagus apalagi bisa request women only sekonduripun jih,Positif
saya pernah ikut nungguin kaka mau salin anak ke 2 di rumah sakit jih sangat luar biasa fasilitas seperti di hotel bintang ruang luas fasilitas lengkap sekali pokok jos jis lahh,Positif
dapat rujuk ke rsud banyumasanak harus priksa ahli sarafsama dokter suruh ct scantp alat nya rusak sudah 1 bulan belum jadi kata nyaakhir nya kontrol ke 1 alat sudah jddan di suruh nebus obat ke apotik kirain obat untuk di bawa pulang dan nyata mlh infusmasa kita yang sakit suruh ambil infus di apotekdan alhasil ct scan di suruh besok nya lgdan hasil ct scan di suruh ambil 1 bulan sklian kontrol ke 2ini orang sakit ekspresi tekan kenapa harus tunggu 1 bulanmemang kita pakai bpjs sehat tetapi jngn di lamaindan kata nya klu mau cepet kluar hsl ct scan nya kita harus bayar 300 rbknp gk di percapat tangan nyakita jauh dapat rujuk ke situjarak rumah ke rumah sakit 2 jam ekspresi tekan,Negatif
baik masya allah utama untuk awat bayi dari basalamah dan tim medis terima kasih banyak,Positif
dokter anak kaku tidak ramah hari anak saya di rujuk oleh dokter puskesmas karena ada benjol di ketiak kanan sudah minggu belum kempes telah di rsud banyumas di periksa oleh dari laki laki di poliklinik anak kata ini tidak perlu di obat di situ saya sangat bingung dokter tidak jelas benjol apa itu dan keluar tanpa kasih resep obat padahal anak saya masih rasa nyeri dan sakit apa ini bagi dari layan,Negatif
terima beri atas layan baik dari awat dokter serta team rsud banyumas,Positif
layan benar baik dan ramah di rsop baik,Positif
baru kali ini nemuin rumah sakit rasa hotel bintang 5 layan nya benar2 muas bangat tidak beda pasien yang bayar umum dan bpjs sehat tahan terus service yang seperti itu,Positif
rekomendasi sekali untuk tangan tulang dengan layan yang super ramah dan cepat bagus service bagus facilities alhamdulillah obat anak saya nama bima athaya sp kesini habis jatuh saat main bolapenanganan cepat dari instalasi gawat darurat kami langsung rontgen untuk pasti dan langsung tindak di sore hari telah puasa 6 jam untuk pasang pen dan alhamdulillah satu hari saja dokter sudah boleh untuk pulang dan rawat jalan kami keluarga sangat sangat berterimakasih kepada rumah sakit orthopaedi purwokerto utama pak dokter imam dan ibu putri serta segenap team medic atas layan baik yang telah beri selamat ulang tahun ke20 rsop dua dekade beri layan baik bagus service bagus hospitality sukses dan jaya selalu untuk seluruh tim besar rsop,Positif
alhamdulillah layan sangat baikdokter dan awat sangat ramahinformasinya sangat akurat dan cepatterimakasih rumah sakit orthpaedi purwokerto,Positif
kenang sama ibu bidan yang baik dalam penangananya ramah terima beri,Positif
baru pertama kali di rumah sakit siaga medika layan nya kurang ambil obat di apotek antre 1jam 30 menit saya tanya malah di suruh sabar ya kali antre obat sampai lama itu normal ya 30 menit lah ini 1 jam lebih kurang rekomd si kurang sat set dalam layan untuk antri obat juga di campur2 tidak jelass,Negatif
obat yang bulan lalu belum adakemaren kontrol obat ursonya yang penting juga tidak ada tolong lah tingkat lagi obat,Negatif
layan dan tangan sangat cepat dan muas,Positif
alhamdulillah semua muas dari segi fasilitas dan layan bagus semua,Positif
saya pasien dari ruang dahlia 4 layan sangat baik ruang bagusada ahli gizi juga layan obat inci layan endoskopi nya juga bagus,Positif
bagus layan sangat baik rekomendasi,Positif
layan guna bpjs sehat sini sangat mudah dan tidak rumit,Positif
layan cepat tepat dan percaya,Positif
untuk radiologi layan nyaman untuk pasien,Positif
layan dari dokter dan suster ramahramah ruang rawat inap bersih dan nyaman anak saya dapat layan yang bagus dari saat lahir sampai pulang terima kasih rumah sakit hermina purwokerto suster rosa,Positif
layan farmasi bagus cepat ramah sopan,Positif
pelyanane memang jos sangat baik baik dlaam tangan keluarga saya,Positif
rumah sakit busuk utama awat poliklinik anak sudah suruh tunggu di depan poliklinik dokter malah suruh balik lagi ke ruang awat akhir kami tunggu makin lama tidak jelas harus recheck ulang belum nyuruh pasien tunggu di poliklinik anak saat kami complain semua angkat bicara bukan dengar keluh malah cari benar gitu mau kerja di layan bintang 1 sudah pantes,Negatif
layan bagus tanggap dan cepat juga ramah,Positif
layan instalasi gawat darurat sudah baik,Positif
ibu saya di rawat di 501 awat ramah rapi wangi layan bagus ruang bersih,Positif
rawat di kamar 516 layan sudah baik awat ramah ruang bersih terima kasih sr karmila sr sumaizi,Positif
pasien dari wahyu riso terima kasih atas perawatanya,Netral
untuk radiologi sangat muas,Positif
untuk fasilitas dan layan cukup baik dan awat ramah,Positif
kerja dengan hati tulus ikhlas,Positif
layan tidak baik prosedur juga belit belit jadi kalo mau datang ke rumah sakit ini pikir dulu,Negatif
itu antre obat di farmasi lt 1 bisa lama banget kenapa yaa harus nya yang beri obat ke pasien 3orang minim biar cepetjgn hanya 1 orang overall baguscuma lama,Negatif
layan info jam praktek tidak baik tolong tingkat lagi mutu kerja,Negatif
menjafi percaya kami dalam obat selallu baik dan percaya eiradadi husada ku,Positif
sangat ramah tugas,Positif
terima kasih rumah sakit hermina pwt sudsh mrawat ibu saya dengan baik dengan dari alvin ibu saya sehat lagi suster nya baik baik semua suster arifah bidan tria dan yang lain beri jelas yang sangat jelas informasi yang baik layan bagus sekali kamar wani bersih kamar 409 ruang eksekutif lantai 4 sukses selalu,Positif
garda terpecaya obat sehat keluarga saya,Positif
tangan sangat cepat baik,Positif
saya pasien dari arinton dan drsutrisno ruang jasmin ruanganya seperti hotel bersih nyaman layan nya bagus awat ramah penangangan bagus makan nya juga lumayan enak untuk derita diabetes seperti saya sudah 6 x saya rawat di re bubda nyaman saja pelayananya ttp bagus moga sehat untuk saya dan pasien yang lain nya,Positif
surinah pasien dokter mas layan bagus baik awat juga bagus untuk ruang acnya mati mohon baik lagi,Positif
obat percaya dar dlu alhamdulillah selalu di beri mudah di sini,Positif
bersih jaga sangat baik layan ramah sekali,Positif
salah satu rumah sakit dengan layan baik dia kali lahir di sini layan selalu cepat tenaga medis ramah ruang nyaman,Positif
telah ikut latih dialisis di rsud margono soekarjo saya pribadi rasa senang dengan awat yang pinter2 dan sangat ramah moga dialisis margono makin maju dan makin update kembang ilmu dialisis sukses n sehat selalu untuk awat dialisis rsud margono soekarjo purwokerto,Positif
layan di rumah sakit untuk pertama kali kesan baik dan moga tetap jaga layan dan dokter juga bagusbagus tempat nyaman layan cepat,Positif
layan ramah murah senyum sapa drnya pun sangat edukatif,Positif
pasien dari heppy ruang tulip 3 layan seluruh mulai dari kamar makan dokter tugas bersih sangat bagus,Positif
layan sangatt bagus,Positif
layan dari sutrisno sangat baik ruang juga baik dan layan dari bidan juga baik ramah,Positif
dokter arinton sangat sopan,Positif
saya pernah lahir di rsud ajibarang sedia layan gymball belum salin guna gymball bantu kurang nyeri kontraksi dan buat tubuh lebih rileks bidan juga sabar dan telaten sehingga saya rasa lebih tenang dan aman,Positif
layan nya sudah baikterimakasih,Positif
alhamdulillah layan disni sangat muas dan selallu baik dalam tangan pasien bpjs sehat,Positif
layan baik ramahh rekomend lah,Positif
tugas radiologi ramah,Positif
rumah sakit nya bagus dan bersih dan layan nya sungguh muas hati pokok nya the bagus lah,Positif
layan maksimal baik dari mulai daftar tangan sampai di kasir tapi pengambialn obat antre jadi lamaa banget terima beri,Positif
bagus layan ya profesional,Positif
layan rekam medis sangat muas,Positif
sudah muas layan tahan dan tingkat terus terima kasih,Positif
selallu percaya dalam obat saya,Positif
rumah sakit tebaik fasilitas lengkap ruang bersih dan nyaman tugas sangat ramah dari layan awal sampai akhir,Positif
pelayananna sangat cepat tugas dan dokter juga ramah,Positif
layan laboratorium nya sangat muas ruang bersih dan nyaman,Positif
layan hd rumah sakit hermina purwokerto bagus awat nya ramah,Positif
layan bagus ramah dokter juga baik2,Positif
masuk instalasi gawat darurat langsung tangan dokter dan staf ramah ruang nyaman bersih dan sejuk,Positif
layan di instalasi gawat darurat sangat muas terima beri mas vio dan mb purwati lope kebon sama layan rumah sakit ini,Positif
layan bagus dengan dari edy yang ramah dan tangan cepat ada suster rosa juga yang ramah dan detail dalam jelas cara rawat bayi rumah,Positif
awat poliklinik padma sangat baik ramah sangat bantu,Positif
pasien kamar dahlia 4 rawat awat baik baik ramah pasien,Positif
alhamdulillah lama periksa di rumah sakit hermina purwokerto layan nya bagus awat nya ramah dokter nya juga jelasinnya detail moga sehat selalu,Positif
layan cepat percaya dalam tangan sehat guna bpjs sehat,Positif
layan rekam medis rumah sakit hermina sangat muas,Positif
layan poliklinik sore ini ramai awat semangat dan layan sesuai prosedur,Positif
jujur agak kesel saat kesini 2x gatau tugas daftar pada kmn yang akhir ngebuat tunggu agak lama dan itu waste time banget padahal biasa tidak kaya gin z,Negatif
anak saya rawat dinicu perinapelayanannya baik en ramah,Positif
tugas aman bantu bawa pasien ke instalasi gawat darurat dan tangan dokter serta awat jalan cepat,Positif
dokter sutrisno di rumah sakit umum bunda memang sangat baik,Positif
pelayann muas dokter ramah tugas murah senyum dan sangat batu pelaynan pngibatan saa,Positif
tunggu dari periksa sampai ambil obat terlalu lama sistem tolong di baik lagi 1 orang busa 1jam lebih,Negatif
layan di hd rumah sakit hermina bagus awat sangat ramah dan ruang bersih dan nyaman,Positif
layan ruang ina lt 2 bagus ramah dan informatif,Positif
layan nya bagus apalagi d laboratorium tugas ramah,Positif
layan baik tempat nyaman,Positif
terima kasih untuk awat hd rumah sakit elisabeth atas semua layan nasehat dan dedikasi nya sehingga istri saya bisa lulus dengan kondisi yang baik bagai pasien hd rumah sakit elisabeth bagus,Positif
hampir semua jenis obat dan vitamin harga jauh atas het,Negatif
alhamdulillah pulih cepat tepat fan akurat,Positif
saya pasien dokter sutrisno sangat puas dengan layan rumah sakit bunda dan dokter,Positif
tunggu pasien atas nama mba putri layan rumah sakit bunda sangat ramah gercep,Positif
saya pasien dari dokter anton layan bagus dan muas rekomendasi untuk ibu hamil yang mau usg,Positif
layan baik kami puas terima kasih semua tim kresna rst wijayakusuma,Positif
lama ibu saya di rawat di ruang camar layan lumayan bagus baiktempatnya juga nyaman awat juga ramah,Positif
terima kasih tim icu dan tim instalasi gawat darurat dan tim rpu sudah sama sembuh mas ipar saya tn munajat sehingga bisa sembuh dan aktivitas kembali,Positif
syukur sekali temu dengan rumah sakit jih purwokerto dari mulai hamil kontrol rutin sampai proses lahir semua saya jalan di sini dan alam benarbenar bikin nyaman dokter dan nakesnya super ramah komunikatif dan selalu beri jelas yang jelas jadi bagai ibu baru saya rasa lebih tenang dan tidak ovt momen lahir tangan dengan sangat baik tim sigap profesional tapi tetap hangat dan suportif di saat yang penuh emosi mereka bikin saya rasa aman sekali sekarang anak juga rutin vaksinasi di sini gaperlu ragu lagi layan konsisten super baik dari awal sampai sekarang terima beri jih sudah jadi bagi dari jalan jadi ibu,Positif
2019 lahir sini dengan dari budi 2020 kuret sini dengan dari budi 2026 operasi bedah dengan dari leo semua ramah layan dari staff awat dokter sangat muas,Positif
pasien dari arinton sp pada ruang tulip 7 layan dokter dan layan bagus dokter kalo fisit ke ruang terlalu cepat,Positif
layan cepat sigap sangat ramah muas benarbenar penuh senyum menguatkanmenenangkan mental pasien,Positif
awat ramah bersih nya bagus semua fasilitas baik,Positif
terima kasih rumah sakit hermina alhamdulillah salin sini sangat muas dan layan baik dari dokter bidan suster semua baik dan ramah terima kasih juga suster rosa untuk edukasi bayi nya sukses selalu rumah sakit hermina,Positif
sangat puas dengan layan rumah sakit ini dokter dan awat sangat profesional ramah dan komunikatif dalam jelas kondisi pasien rumah sakit ini juga sangat bersih dan nyaman kamar rawat inap modern dengan fasilitas yang lengkap sangat rekomendasi,Positif
bagi radiologi mas dan mba tugas sangat cekat dan ramah sangat bantu terima beri,Positif
layan bagus kamar bersih tugas ramah,Positif
alam kurang kena saat dulu rawat saat kuret awat kurang profesional berisik malam2 juga ngobrol terus tapi beda saat rawat sakit dan transfusi darah awat semua lebih ramah dan bagus layan nya,Positif
suster anggi awat ramah jelas nya lengkap jelas,Positif
tolong untuk jangan jadi orang untuk praktek an operasi rumah sakit ini memang bagus untuk layan tapi untuk orang yang pengin sembuh kalo sakit saya saranin jangan cepet2 kesini mending ke rumah sakit lain margono,Negatif
layan di kamar operasi sangat bagus,Positif
rumah sakit nya bersih nyaman semua karyawannya baik utama securitynya ramahramah amanah sopan sekali layan cepat juga,Positif
pertama kali ke rsud bms pegawai awat serta dokter yang layan dengan ramah juga cepat tanggap dan saat tunggu waktu pemeriksan tidak terlalu lama di bagi poliklinik laboratorium maupun ronsen namun saat mengabtri obat butuh waktu yang cukup lama karena loket yang buka hanya 2 moga depan lbh cepat proses terima kasih sukses selalu rsud bms,Positif
suster anggi layan rumah sakit hermina bagus dan cepat bidan kerja cara profesional moga rumah sakit hermina makin maju dan sukses,Positif
layan ruang anggrek bagus pasien puas tugas ramah dan cekat,Positif
layan di ruang ina sangat muas,Positif
proses administrasi khusus farmasi dan kasir sangat lama moga depan nya di baik lagi,Negatif
saya bagai keluarga rasa sangat puas hadap layan ruang hd awat nya baik2 ruang bersih terima beri untuk layan dan awat,Positif
dokter lamaakibatnya antri tumpuk pdhl ada 3 dkter tetapi ntah bgmn pembagianya tggu sampai siang 2 dokter sudah slsai sudah pada plg tetapi 1 dkter ini lama skali dari pagi smpai hmpir jam 3 sore msh belum kelar juga,Negatif
radiologi hermina pelayananya sangat bagus dan sat set,Positif
awat poliklinik padma suster sangat baik dan ramah sangat bantu terima kasih suster ari ambar yola the bagus,Positif
terima kasih rumah sakit hermina terima kasih tim kamar bedab layan sangat bagus dan memuastkan terima kasih suster dian dan suster ervi,Positif
pasien rawat inap dokter arinton ruang aglonema 3 saya rasa layan dari instalasi gawat darurat hingga masuk ruang sangat baik dan ramah awat dan dokter layan dengan sepenuh hati jelas yang beri cukup lengkap dan arah terima kasih rumah sakit umum bunda telah rawat saya dengan baik,Positif
rumah sakit ter the bagus di purwokerto service excellent rata sop layan bagus dari ob sampai staf dan dokter2 dan awat luar bisa semua ter standar sama cocok untuk rumah sakit contoh good job untuk management rumah sakit jih purwokerto jaya selalu,Positif
layan ruang hd bagus sekali suster triana dan awat dinar bagus,Positif
selalu ramah dan murah senyum di tiap edujasinya,Positif
opname di ananda layan rendah masa opname layan selalu telat tidak pernah tepat waktu masa orang sakit tiap hari obat nya hanya paracetamol tidak masuk akal,Negatif
layan luar biasa dari dan suster sangat ramah,Positif
layan cepat percaya,Positif
layan di rsud prof dari margono soekarjo baik dengan tenaga medis yang ramah dan profesional fasilitas lengkap karena rupa rumah sakit rujuk,Positif
pasen dokter wahyuruang tulif 2pelayanan bagusramahmakanan bagus,Positif
lama istri saya rawat di ruang icu hermina purwokerto layan cukup muas awat dan dokter icu baikbaik terima kasih,Positif
layan poliklinik bpjs sehat lantai 2 bagus,Positif
layan di ruang lantai 4 reguler kamar 420 bidan ramahramah layan muas bersih jaga sangat baik,Positif
bidan baik2 dan ramah layan dengan sangat baik,Positif
layan bagus cepat dalam tangan,Positif
jadi percaya keluarga kami dalam berpbat,Positif
layan pokok juara,Positif
layan lab bagus tugas ramah ambil darah juga tidak sakit terima kasih rumah sakit hermina purwokerto,Positif
ramah baik dan sopan pasien dokter sutrisno,Positif
anak saya di rawat di 502 awat ramah cepat gesit kamar selalu bersih wangi,Positif
layan bagus dan awat juga baik,Positif
rumah sakit dengan layan ramah di pwt,Positif
layan bagus tugas ramah dan informatif terumakasih,Positif
layan ramah awat luar biasa cekat dan profesional,Positif
layan nya mulai dari dokter awat dan tenaga sehat lain sampai tugas bersih nya ramah ramah tindak layan medis nya cepat tempat layan mulai dari instalasi gawat darurat sampai ruang awat bersih dan nyaman alhamdulillah dengan izin dan kuasa nya saya di rawat di rumah sakit islam purwokerto lekas sembuh terima kasih kepada semua,Positif
kalo memang parkir motor dalem rumah sakit engga ada haruse belum portal parkir yang masuk ke arah instalasi gawat darurat sudah ada tunjuk atau arah dari tukang parkir biar engga mutermuter gajelas gin tadi mau besuk pasien sudah ujan lempar ke gedung parkir yang lokasi jauh sekali,Negatif
layan farmasi bagus dan ramah,Positif
sangat bantu sekli dan ramah layan,Positif
alhamdulillah sangat baik layan untuk suster melyana dkk matur nuwun ya moga makin kaya dan sukses rekomendasi untuk warga,Positif
awat perempuan hebatwlebih hebat dari dokter bsa mendiagnosa dan bsa suruh pulang belum putus dokterterutama awat ruang lempuyangkapok saya,Negatif
rumah sakit perintah se urity tidak ramah kira kita obat tidak bayar apa,Negatif
alhamdulillah layan sangat baik bersih juga jaga,Positif
selallu jadi andal keluarga kami dalam betobaat memang rumah sakit baik,Positif
saya pasien poliklinik gastro drarinton layan sangat baik dan ramah,Positif
awat ramah awat cekat dan sangat bantu hanya saja ruang banyak nyamuk bersih kurang kamar mandi kurang bersih ac kurang dingin masuk untuk ahli gizi agar menu di sesuai dengan alergi pasien masa pasien alergi gluten di beri mie roti bakar ikan di tepungin padahal di etiket juga sudah ada tulis alergi apa saja diet lambung di beri makan santan alergi susu di beri roti tolong perhati lagi ya,Negatif
kamar operasi dingin tangan dan layan ramah tiba2 operasi sudah slse hermina baik,Positif
pasien dokter wahyu ruang dahlia 4 layan sudah sangat baik awat ramah dokter sudah baik untuk mnjelasknnya tambah untuk sarana prasarana fasilitas ac kurang dingin,Positif
layan laboratorium bagus tempat bersih dan tugas ramah sehat dan sukses selalu,Positif
awat bagus dan gercep,Positif
pasien dari arinton ruang tulip 11 layan bagusdari awal dtg cepat tanggapkebersihan bagusmenu makan juga cocok,Positif
saya pasien dari sutrisno beliau humble sekali semua staff dan awat memang jempol sekali terima kasih atas semua layan dan perhati,Positif
alhamdulillah layan bagus dan sangat muas moga semua kluarga besar rumah sakit margono khusus di bidang layan selalu di beri sehat keamanankelancaran dan kebarokahan dan juga untuk semua layan rsud prof dari margono soekarjo provinsi jawa tengah,Positif
layan baik dokter juga ramah sekali,Positif
admin kadang tidak jelaskadang admin satu sama yang lain omongane berbedajuga saat mau daftar kenapa kasi jadwal sore kamis katane dokter tidak adahari jumat katane adane dokter hanya sore tok tapi saat ketemu sama dokter saya tanya dokter tiap hari ada jadwal pagi ada dokter sore ada dokter juga sedang anak lagi kondisi sakit,Negatif
terima beri atas layan suster yang ramah dan lihat tulus layan pasien dengan baikserta fasilitas yang baik,Positif
rumah sakit jatiwinangun purwokertomelayani dgn mudah dan cepatbuat pasien seperti sayayg pakai kisbpjssaya agus irawansyah,Positif
layan muas rawat inap nyaman dan tugas ramah dan percaya tangan saya sangat baik,Positif
layan mr baik,Positif
rumah sakit dengan fasilitas lengkap bersih dan nyaman dokter awat dan tugas lain dalam layan pasien ramah dan komunikatif,Positif
layan memuaskandokternya juga ramah,Positif
layan di icu,Positif
jadi layan sehat percaya,Positif
dari kontrol tindak oprasi dan rawat inap layan sangat baik cepat tanggap awat melyana rahamawati terima kasih banyak sudah bantu ngurus administrasi pulang,Positif
layan muas sudah sangat baik pada pelayanann awat kami,Positif
layan radiologi cepat dan senang,Positif
layan sehat mudah sekali,Positif
pasien dokter heppy kamar dahlia 5dokter heppy sangat baik mudah untuk konsultasiuntuk layan sangat baik dan ramah ruang sangat nyamanbersihsaya selaku keluarga bpk dedy terima beri atas layan dan bantu nya,Positif
terima kasih rumah sakit hermina purwokerto terima beri untuk sust ardilla untuk layan lama rawat inap the bagus pokok,Positif
layan instalasi gawat darurat sudah sangat muas,Positif
layan sini percaya sangat muas dan sejuk suasana,Positif
layan poliklinik cepat dan tugas ramah ramah,Positif
pasien dokter sutrisno sangat ramah sigap dan jelas detail terima kasih banyak,Positif
layan baik dan sangat ramah pasti,Positif
mending pake bpjs sehat kalau kesini dripada pake umum soal beneran layan bagi periksa mata bukan dokter rada ogah2an,Negatif
ruang camar layan baik awat ramah ramah,Positif
alhamdulillah layan di rsdk bagus awat kalo ganti sift langsung ngenalin sama awat yang mau ngesift murah senyum ramah walau sedang sibuk2nya terima kasih,Positif
responsif efisien,Positif
rumah sakit yang administrasi rumit luar biasa dua kali ke rumah sakit mau rujuk ke poliklinik gigi zonk keluarga besar bakal saya black list ini rumah sakit,Negatif
alam saya lahir di rumah sakit dadi keluarga dari awat instalasi gawat darurat sampai ke ruang salin sangat bagus hingga awat dede bayi hingga orang tua bayi semua muas trimakasi rumah sakit dadi keluarga telah marawat saya dan anak saya lama salin hingga pulang rawat dengan baik saya ucap terima kasih,Positif
baikrumah sakit sangat bagus,Positif
rumah sakit nya bagus sangat baik,Positif
fasilitas baik,Positif
bagus sii ini rumah sakit dengan layan bagus mantapplah pokok,Positif
rumah sakit baik,Netral
rumah sakit nya bagus,Positif
rumah sakit nya bagus dan layan nya sangat ramah,Positif
layan sangat muas bidan nya ramah dan sabar semuaterimakasih dokter dan para bidan yang sudah bantu rawat anak saya,Positif
rumah sakit nya komplit lengkap layan bagus service exelent,Positif
pernah rawat ruang mawar sangat nyaman dan bersih awat juga ramah sekali,Positif
layan sangat ramah dan istimewa,Positif
alhamdulillah semua bagus sangat muas,Positif
layan sangat bagus dan ramah tempat bersih mawar 09 josjis,Positif
terima kasih rumah sakit umum siaga medika banyumas atas layan nya yang sangat baik dokter dan awat yang baik saya rawat di ruang mawar ruang bersih dan nyaman,Positif
alhamdulilah saya lahir di rumah sakit siaga medika bayumas saya ucap terima kasih atas layan yang beri tempat bersih dapat ruang mawarperawat dan dokter ramah saat jelas juga detail,Positif
layan baik ruang nyaman awat dan dokter ramah fasilitas bagus,Positif
rawat di ruang mawar no 04 layan nya sangat baik antara dokter awat staf lain juga sangat perhati dari terbiyah dan layan juga beri motivasi untuk anak saya agar bisa lebih baik,Positif
semua bagus terimaksih atas pelayananya,Positif
kecewa sekali tadi pagi rabu 26 agustus 2026 anak saya masuk instalasi gawat darurat karena panas dan muntahmuntah sejak hari selasa 25 agustus 2026 padahal kondisi badan juga lemas memang sengaja saya bawa ke siaga medika banyumas karena rekomendasi dari teman yang kata layan bagus tapi nyata tidak anak saya beri 3 sunti salah satu paracetamol trs yang 2suntikan yang lain tidak tahu apa isi periksa darah dan telah hasil keluar suruh pulang sampai rumah panas tidak kunjung turun beri obat yang bawa dari instalasi gawat darurat sama banyumas malah muntah2 saya pasien bpjs sehat rasa kalau hanya cari uang saja padahal kita obat itu kan agar ada tangan dan anak juga kondisi kunjung baik bukan malah tolak ean suruh rawat jalan saya kira rumah sakit yang syar tapi turut saya malah dzolim saya beri surat rawat jalan dan kalau sakit tidak kunjung sembuh malah suruh ke puskesmas benarbenar layan kurang sekali saya kecewa sekali,Negatif
saya rawat inap di ruang mawar c15 layan ramah baik serta ruang yang nyaman moga lebih baik lagi untuk depan,Positif
jazakumullah khoiron tim instalasi gawat darurat dan tim mawar tim gizi serta seluruh jajar rumah sakit umum siaga medika banyumas yang always gercep beri layan baik nyars yang selalu fasilitas sholat jamaah untuk keluarga pasien dan karyawannyasemoga rumah sakit umum siaga medika banyumas makin majuamanahjazakallah khoiron drmzuhdan fanani sppd atas ijin allah lewat terapi beliau saya mudah kembali sehat,Positif
sangat bantu dan informatif adminnya,Positif
ruang anggrek ruang bagus awat baik dan ramah,Positif
layan sangat ramahh aman nyaman,Positif
rumah sakit dengan layan sangat baik,Positif
sangat puas dengan layan di rawat di ruang mawar,Positif
di rawat di ruang tulip awat ramah sopan dan tanggap layan cepat dan profesional,Positif
ruang anggrek siaga medika layan sangat bagus ramah dan bantu,Positif
layan baik betul rawat inap di r mawar awat sangat ramah,Positif
layan sangat baik dan awat juga sangat baik serta awat ramah,Positif
ruang melati,Netral
alam saya tunggu orangtua di rumah sakit siaga medika ruang anggrek awat sangat sigap dan cekat ramah dokter juga ramah,Positif
layan prima dan ramah ruang bersih dan rapi masjid mudah jangkau alat lengkap dan modern,Positif
alhmdulillah layan sangat bagus,Positif
rawat ruang anggrek awat cekat ramah ruang bagus,Positif
alam rawat inap layan ramah bagus kamar nyaman bersih rapi terima kasih ruang mawar,Positif
layan ramah fast respon tempat nyaman dan bersih,Positif
terima kasih banyak layan rumah sakit siaga medika banyumas named nakesnya gercep sopan dan informatif ruang juga bersih dan nyaman sukses dan maju terus rumah sakit siaga medika untuk layan baik,Positif
tindak cepat layan ramah bisa ajak canda sama orang ngapak,Positif
layan ramah dokter spesialis cukup lengkap cepat profesional jangkau walaupun istri ada trauma lahir op pertama kali di sini tapi itu hanya karena oknum2 tentu saja saya juga pernah op di sini alhamdulillah sangat muas terus rumah sakit umum siaga medika makin jaya layan dan jaga visi dan misi dengan segenap hati jazaakumullohu khoiron,Positif
tidak profesional dokter pulang belum waktu,Negatif
dari rehab medik sekarang kok buruk sekali lah gk enak di ajak sharing disksusi gk bs selesai masalah gk beri solusi sok tau ini dokter baru jm terbang dh jauh apa si seperti gk alam apa gmn nanganin pasien jauh sekali sama dari elien wihestin nama terapi itu gk ada yang nama henti ada maju nggk nya ttep jalan sambil pantau pasien kalo nggk mampu gk osahlah nanganin pasien gelar dokter mu bukan karena ilmu tetapi karena duit rumah sakit ananda makin buruk rekrut dokter macem gitu next pindah rumah sakit,Negatif
layan yang sangat luar biasa awat sangat ramah terima kasih juga untuk dokter tht nya,Positif
layan ramah bersih dan nyaman,Positif
tempat bersihpetugas ramah2terus ditingkatkanselalu jadi pilih warga banyumas untuk obat,Positif
layan sangat ramah baik,Positif
lokasi bersih layan ramah,Positif
saya dan keluarga sudah percaya layan di rumah sakit ananda sejak tahun 2017 istri saya bahkan telah jalan operasi sesar sc di rumah sakit ini banyak dua kali yaitu pada tahun 2017 dan 2024 lama ini kami milik kesan yang baik hadap layan yang beri sehingga selalu pilih rumah sakit ananda untuk butuh sehat keluarga namun pada kunjung tanggal 6 agustus 2026 sekitar pukul 1730 wib pol anak kami alami alam yang kurang senang di nurse station tugas yang saat itu tugas yang saya kenal dari ciri pakai behel layan dengan sikap yang turut kami kurang ramah saat kami tanya respons yang beri kes jutek kurang komunikatif dan kurang tunjuk empati sehingga buat kami rasa tidak nyaman kami paham bahwa tenaga sehat milik beban kerja yang tinggi namun ramah sopan dan komunikasi yang baik rupa bagi penting dari layan sehat bagai keluarga yang telah percaya layan rumah sakit ananda lama bertahuntahun kami harap masuk ini dapat jadi bahan evaluasi agar layan di nurse station makin profesional ramah dan utama nyaman pasien serta keluarga masuk ini kami sampai dengan niat baik karena kami harap kualitas layan rumah sakit ananda dapat terus tahan dan tingkat,Negatif
dokter nya baik baik sekali awat juga ramah dan sangat gercep namun bagi farmasi dan administrasi bisa tingkat kembali kualitas layan kerenn rumah sakit ananda sukses selalu,Positif
rumah sakit dengan dokter yang ramahh dan jelas baik,Positif
rumah sakit baik,Positif
trmkasih krywan rumah sakit ananda ramah ramah banget trutama dari sp kulit dari ermadi satryo haru banget lama 5thn acne fighterpejuang jerawat nyata sembuh walaupun harus bolak balik majenang purwokerto lama 3bulandan q rasa menang lawan jerawat 5thn itu terima kasih,Positif
layan sangat baik dokter ramah pokok muas bintang 5,Positif
pernah periksa anak ke ananda layan ramah tangan cepat dan kunjung ke pasien rawat inap juga baik,Positif
layan cepat awat dan dokter juga ramah untuk ruang kelas berapa juga sama bersih dan nyaman,Positif
layan di farmasi buruk lama sekali tunggu berjamjam untuk salep saja lama,Negatif
saat akan bayar pasien umum lama poll padahal g ada pasien lain alas tunggu acc dari farmasi pdhl lho umum bayar sendiri saja lama poll g pakai asuransi g harus tunggu konfirm dari asuransi payah banget,Negatif
layan prima dengan ramah tim medis yang sangat kesan tidak beda pasien bpjs sehat maupun nonbpjs semua layan dengan sangat baik jelas dokter awat serta ahli gizi juga sangat edukasi kami matur nuwun dan sukses selalu untuk rumah sakit ananda purwokerto,Positif
layan sangat ramah dan cepat terima kasih rumah sakit ananda sukses slalu dan manfaat untuk banyak orang,Positif
bagus joos,Positif
pegawai rumah sakit ananda ramah ramah seklai full senyum pokok,Positif
rumah sakit yang betul cukup nyaman dan strategis karena di pusat kota akses mudah dan tidak terlalu luas sehingga untuk yang baru pertama datang dalam kondisi sakit juga tidak terlalu lelah atau jauh ke ruang awat bangun sudah banyak benah sehingga lebih nyaman untuk daftar baik ecek dahulu jadwal dokter via online kemudian bisa laku daftar situ untuk pasien bpjs sehat bisa via jkn mobile saran saya kalau sudah daftar online tetap hadir untuk daftar ulang 1 jam belum estimasi di layan ya jangan datang terlalu mepet karena nomer antri juga bisa di lewat beberapa nomer saya guna asuransi umum di arah dan antar ke ruang tunggu khusus di jelas nanti ada jalur antri khusus dari kasir maupun farmasi nanti akan antar pasien hanya cukup duduk dan tunggu saja di ruang sebut sampai di ruang ada jalur khusus kece tensibbtb dari awat juga ruang masih golong sederhana tapi oke ada tingkat dari segi layan meski ada fasilitas minum dan sofa yang nyaman sayang banyak sampah di meja yang tumpuk seperti beberapa pasien tinggal di meja tempat sampah juga sudah penuh dan hanya satu beberapa awat dan tugas mondar mandir layan tapi belum lihat aware di sih namun telah selesai periksa nyata alur yang di sampai tugas di awal belum bisa saya rasa tetap di arah ke kasir sendiri kemudian tunggu di ruang tunggu biasa telah itu ke farmasi dan kembali tunggu di panggil seperti layan yang belum tapi saya cukup maklum mungkin masih tahap sesuai saya harap depan kordinasi dan sosialisasi antar bagi dalam layan bisa terus di baik agar bijak baru bisa jalan optimal,Positif
antri poliklinik anak gk jelas fungsi antre online kan biar cepet ini malah yang dateng duluan yang di panggil si gimana sudah banyak yang beri ulas tetapi gk baik,Negatif
saya suka obat di rumah sakit ananda karena jarak yang dekat dari rumahsehingga ketika butuh urgensi bisa mudah dan cepat jangkau,Positif
layan sangat bagus dari frontliner pegawai sampai dokter baik dan ramah semua layan obat juga jelas dengan baik,Positif
layan sangat muas suster dokter sopan sambut dengan senyum,Positif
layan farmasi buruk parah banget,Negatif
ayah saya kena sakit aslam dan serang jantung dadak pada saat jam 2 dini hari di instalasi gawat darurat sini waktu datang memang langsung di tangan serta di beri obat 7 macam waktu itu ibu saya langsung beri obat sebut kpd ayah saya dan ibu saya memohonmohon kepada awat untuk minta gelas air karena memang situasi sudah sangat gawat darurat aneh awat dan dokter tidak beri air peser akhir saya dan kakak saya langsung gegas lari ke apotek 24 jam dekat untuk beli minum tetapi naas karena jalan tuju apotek butuh waktu dan ayah saya sudah dalam ada sangat gawat darurat ayah saya tidak bisa tolong,Negatif
plis tunggu obat lama sekali sampai 2 jam,Negatif
awat gigi sini sama drg artha sangat muas harga jangkau dan hasil bagus dokter ramah dan telaten sekali awat juga ramah,Positif
layan di rumah sakit umum ananda purwokerto sangat muas semua tenaga medis dan juga staff yang kerja di rumah sakit umum ananda sangat cekat kompeten dan juga ramah buat saya dan keluarga bagai unjung dapat rasa nyaman dan puas karena kami dapat layan dengan sepenuh hati,Positif
dalam beberapa minggu ini beberapa kali ke rumah sakit ananda ibu juga sempat rawat sana masya allah bagus banget layan 2 jempol lah mulai dari dokter spesialis dokter instalasi gawat darurat awat smp petugas2nya semua ramah senyum bantu sekali benar2 kes lah sama rumah sakit ananda meski pasien bpjs sehat sekalipun terus maju sukses makin besar depan,Positif
layan di rumah sakit umum ananda sangat baik dan tenaga sehat ramah ramah,Positif
layan rumah sakit umum ananda ini sangat muas dokter awat dan tugas administrasi semua ramah sigap dan profesional fasilitas bersih dengan utama nyaman pasien,Positif
layan baik ramah rumah sakit bersih dan nyaman,Positif
management awat sangat baik,Positif
sangat kesan layan dari rumah sakit umum ananda awat nya baik baik,Positif
layan nya lengkap dan sudah milik fasilitas yang baik tenaga sehat ramah dan baik,Positif
rumah sakit umum ananda lingkung bersih nyaman dan luas,Positif
rumah sakit ananda sedia layan yang bagus tugas nya ramah layan nya cepat,Positif
rumah sakit bersih dokter awat dan staffnya informatif hanya sayang ruang awat kls 3 panas sekali acnya tidak dingin dan angin saja kaya sayang saja gt buang2 listrik tapi tidak ada fungsi sedang kamar kondisi rapat tidak ada lubang udaraperputaran udara masa lebih adem di karidornya tolong perhati yaa untuk awat ac biarpun untuk kamar kls 3 juga kasihan kan pasienya panas dan gerah,Netral
terima kasih banyak untuk dari ermadi satriyo masya allah treatment jerawat bantu beliau alhamdulillah sekarang jerawat saya sudah sangat sangat jauh baik dan nyata sembuh layan yang beri sangat baik beliau juga sangat informatif biaya jangkau dan nang efisien sekali lagi terima kasih banyak dokter,Positif
kronologi nya bulan april 2026 tepat saya ke rumah sakit ananda jam 12 malam bawa anak bayi 13 bulan kondisi muntah dari pagi tidak masuk asupan apa baik susu maupun makan dan diare dari tengah 12 malam dan badan kondisi sumeng atau tidak begitu panas bisa2nya dokter jaga instalasi gawat darurat nya nyuruh pulang dengn alas tanda vital masih baik begitu pulang dari rumah sakit ananda anak saya masih muntah dan diare kaya gitu kok masih bilang tanda vital masih baik baik darimananya ya sudah kapok saya ke rumah sakit ananda tidak akan ke rumah sakit ananda lagi,Negatif
saya lahir anak pertama di bunda arif th 2025 tetapi alam yang saya dapat bikin saya sakit hati dan trauma mengapa demikian karena bidan yang tangan saya etika kurang baik bidan tidak sabar saat saya kontraksi padahal udh buka 4 kira masih buka 1 remeh juga saya saat lagi nahan sakit kontraksi kata baru buka 1 tetapi lebay eh nyata saat periksa udh buka 4 hmhm saya hanya keluh etika bidan untuk layan lain bagus tolong diupgrade kualitas etika bidan saat tangan pasien yang sedang manah sakit kontraksi,Negatif
rumah sakit tidak terlalu besar lumayan jauh parkir pisah jalan raya dengan rumah sakit ini dan tampak memang benarbenar tidak terlalu ramai kah,Positif
layan dari dokter sampai awat super ramahsabar mau bantu dengan sepenuh hati walaupun saya guna bpjs sehat kelas 3kamar ac dingin kamar mandi bersih,Positif
alhamdulilah 3 anak saya lahir di rsia bunda arif terima kasih,Positif
rsia bunda arif beri layan sehat yang baik profesional dan orientasi pada selamat serta nyaman pasien,Positif
ganti perban habis caesar malah pencet yaa keluar lagi darah ini lah alas mbok ada nanah sungguh tidak dapat terima instalasi gawat darurat parah prosedurnyaa,Negatif
layan sangat muas daftar bisa lewat wa jadi sangat mudah pasien tempat nyaman dokter juga lengkap terima beri yaa,Positif
layan muas dokter lengkap terima beri banyakk,Positif
layan ramah cepat dan muas,Positif
konsultasi anak puas sekali dokter informatif untuk vaksin harga masih affordable saya pindah dari rumah sakit lain di bunda arif saya baru rasa puas,Positif
layan baik awat dan domter ramah fasilitas baik,Positif
saya pindah dari luar kota rencana mau vaksin influenza sudah hubung beberapa rumah sakit tapi slow response bangett jadi saya putus search rumah sakit di purwokerto yang khusus untuk ibu dan anak dan pertama yang saya coba hubung yaitu rumah sakit bunda arif saya langsung chating dengan cs yang nyata hubung dengan bagi daftar sekaligus saya tanya merk sedia vaksin balas nya super cepat dan sangat bantu karena anak saya butuh vaksin cepat langsung di arah dengan jadwal dokter dan tidak rumit meski masih manual by wa tapi bagus dan bisa fast respon jadwal pagi dokter nya pun datang tepat sesuai jadwal jadi super puas sekali akhir anak saya bisa vaksin telah kondisi dari luar kota dan tidak perlu worry lagi karena telah vaksin di kasih lembar vaksin sekaligus di jadwal vaksin lanjut harga vaksin juga masih wort it padan juga dengan layan yang super excellent service telah bagi cerita dengan teman saya mereka bilang rumah sakit bunda arif memang rsia yang pantas di nilai a dan betul juga teman saya juga pernah program hamil sana dan alhamdulillahberhasils sampai bisa lahir di rumah sakit bunda arif juga tahan selalu yaakarena kita selalu butuh layan bagus seperti ini,Positif
tempat bersih nyaman tugas ramahramah dari daftar awat dan dokter,Positif
bisa2nya ada orang di kamar mandi lampu mati saat tanya malah tanya balik gimana buka minta maaf difikir saya tidak tau saya tau dan profesional ya kak lagi kerja jangan pada cekikik jadi kaya sekolah bukan rumah sakit,Negatif
tempat bersih dan nyaman suasana juga enak layan bagus staffnya ramahramah dan responsif overall puas sekali dengan layan di sini,Positif
layan yang sangat ramah dan percaya sukses selalu bunda arif,Positif
pelayananya ramah sekali semu nakes nya juga baik baik,Positif
rumah sakit ibu dan anak yang sangat nyaman bersih dan prioritas puas pasien alur administrasi rapi dokter ramah dan suasana sangat kondusif pilih utama untuk layan sehat ibu dan anak di wilayah banyumaspurwokerto tahan terus performa baik,Positif
rumah sakit ter buruk se purwokerto yang dokter nyatelat g harga waktu pasien nya yang staf2 nya pada gaje dalam sampai informasi bad attitude juga sopan santun nya kurang banget pokok mah  tekan  cukup sekali saja sini g rekomend,Negatif
ini gimana ya maksud rawat inap sudah 6bulan lebih dan kmrn di tgl 18 saya balik lagi untuk periksain anak yang sama baru ada tagih belum bayar materai kenapa kemarin waktu daftar rawat inap tidak tagih sekali malu2in atas nama anak yang tagih tolong baik lagi jangan sampai jadi begini lagi bukan saya tidak mau bayar materi besar 10ribu itu tetapi ini lalai dari tugas di tegur olah olah saya yang tidak mau bayar ini rsia bagus ya tetapi kalo ada tugas yang begini kan jadi kurang pdhl dari anak pertama saya sudah cocok banget sama rsia ini anak rawat inap sudah 3x layan juga baik semua awat bidan dokter sampai di farmasi semua ramah tetapi krna ini saya kecewa,Negatif
terima kasih rsia bunda arif atas layan bagus,Positif
kerja ramahramah,Positif
2024 lahir di rsia bunda arif sangat nyaman layan awat sangat baik semua pegawai ramah dan cepat tanggap,Positif
sungguh benar tidak ekspek sama layan sana dari mulai security admin2 nya utama bidan2 nya yang super duper baik,Positif
masya allah terima kasih rumah sakit bunda arief udh bantu istri saya lahir,Positif
memuaskann,Positif
pelayananya ramah dan cepat,Positif
layan bagus dan ramah muas,Positif
bagus ramah dari juga ramah,Positif
rumah sakit bersih tugas ramah dan cekat,Positif
jujur kecewa banget sama awat icu sungguh benar kecewa tidak ada jelas sama sekali untuk keluraga pasien tolong di perbaikiii layan awat icu,Negatif
jadi rumah sakit percaya dalam obat kamj sejak dlu apalagi kalo make kis dan bpjs sehat,Positif
layan sehat sini sigap tidak rumit ngutamain sekali pasien pasien guna bpjs sehat utama jkn,Positif
dokter tenaga medis dan semua staff sangat ramah dan baik layan baik gercepruangan bersih nyaman makananya juga enak terima kasih rumah sakit umum wiradadi husada banyumas sudah rawat saya dengan sangat baik sampai saya sehat kembali,Positif
percaya sekali dalam kam pasien asien guna bpjs sehat,Positif
pelayaan bpjs sehat pada rhmaha sakit ini sanvat sangat percaya dan sangat sangat muas,Positif
layan cepat gesit dan percaya,Positif
layan cepat satset dan tidak rumit dalam tangan pasien pasien guna bpjs sehat,Positif
memang jos gabdos layan di sini tidak rumit cepat dan taktis apalagi kalo pake bpjs sehat sehat sangat sangat di utama sangat baik selallu wira dadi,Positif
layan cepat dan tidak rumit dalam tangan pasien pasien utama guna bpjs sehat,Positif
percaya tidak percaya layan sini super super muas apalgi kalo kita make bpjs sehat sini antri di cepat tidak rumit obat pun mujarab terima kasih sekali pokok,Positif
selalu tenang ketika obat sini tidak rumit apa lagi kalo make jkn,Positif
pernah kecewa sini trus curhat di sini posisi msh di ruang inap langsung direktur rumah sakit datang ke kamar akhir cerita hapus ulas,Positif
tidak pernah ngecewain memanag rumah sakit islam ini sangat utama pasien pasien guna bpjs sehat mantaap,Positif
layan muas percaya sangat ramah dan cepat dalam layan guna bpjs sehat apalagi antre pake jkn cepat dan tidak rumit,Positif
layan luarbiasa bangeet dan snagat satset tidak rumit unghil pokok apalagi di mudah kalo pakai bpjs sehat sehat,Positif
memang jos gandos layan jkn sini selalu depan percaya sangat baik memang layan disni guna jkn bpjs sehat antri sangat mudah dan selalu di utama di cepat,Positif
layan percaya dalam obat kami guna bpjs sehat,Positif
layan cepat sigap tanggap dalam layan obat saya dan keluarga guna bpjs sehat,Positif
pelayann selalu sigap cepat percaya bagi seluruh anggota ke luarga kami guna bpjs sehat,Positif
pulih cepet dokter percaya selalu ramah dan unggul dalam layan pasien pasien guna bpjs sehat,Positif
layan cepat dan akurat,Positif
layan cepat tidak rumit apalagi kalau pake aplikasi jkn antri tidak perlu lama lama bagi guna bpjs sehat,Positif
alhamdulillah layan memake bpjs sehat sini lancar sekali tidak republik indonesia bet selallu di utama bagi kami pasien pasien memang topcer obat pojok terima kasih banyak yah,Positif
dengan layan guna jkn dan bpjs sehat anak saya obat dengan baik terima kasih banyak wiradadi,Positif
layan bpjs sehat baik untuk keluarga saya kontrol mantaap memang layan disni unggul satset tidak rumit,Positif
memang tidak pernah salah beri percaya penuh obat guna bpjs sehat di rumah sakit ini memang sangat baik markotop baik dan sangat maju alat alat,Positif
dokter lama banget di jadwal 1700 ini udh mau jam 1800 belum dateng capek nunggunya,Negatif
hay drpurwa spog terima kasih banyak sudah tani jalan segala keluh kesah perempuan khusus saya beliau sangat empat dan sangat tenang dalam beri edukasi tuturkatanya buat pasien lebih semangat dan harga kondisi hidup hati tenang jalan kontrol pun senang sehatsehat dokter panjang umur dan moga alloh meridhoi saya temu dari purwa yang jadi plenayaranya aamiin,Positif
tempat dan lokasi bagus tapi layan nya kurang muas,Netral
saya sangat puas dengan layan di rumah sakit umum an nimah wangon mulai dari bagi daftar awat hingga dokter semua ramah dan profesional fasilitas rumah sakit bersih dan nyaman tangan pasien cepat dan informatif lokasi juga mudah jangkau sangat rekomendasi bagi siapa pun yang butuh layan sehat di daerah wangon,Positif
layan di rumah sakit umum annimah wangon cukup baik staf ramah dan responsif fasilitas juga cukup lengkap dan lingkung rumah sakit bersih serta nyaman,Positif
hari ini bawa orang tua periksa ke instalasi gawat darurat an nikmah rumah sakit nya sudah bagus dan baru instalasi gawat darurat nya luas tangan cepat tidak rumit moga sukses selalu rumah sakit an nikmah untuk depan,Positif
saya masuk instalasi gawat darurat dengan kondisi tekan darah tinggi 183128 dan posisi asma mengik itu sudah masuk kriteria gawat darurat an harus bisa di cover bpjs sehat tetapi malah di arah bagai pasien umum,Negatif
layan ramah dan cepat tempat bersih poko sangat rekomendasi,Positif
alam lahir sini inap ruang sangat nyaman fasilitas baik awat dokter dan pegawai ramah biaya juga murah terima kasih atas layan,Positif
turut alam saya pribadi untuk di ugd proses cepat langsung dapat tangan untuk ruang nyaman bersih toilet wangi dan untuk suster jaga selalu kontrol beri obat dan ganti infus trmksh untuk rumah sakit anima,Positif
di rumah sakit umum an nimah layan sangat muas dokter awat dan seluruh staf ramah sigap serta beri jelas dengan baik sehingga pasien rasa lebih tenang proses daftar cukup mudah lingkung rumah sakit bersih rapi dan nyaman fasilitas juga pada dengan layan yang cepat moga kualitas layan yang sudah baik ini terus tahan dan makin tingkat sangat rekomendasi bagi yang butuh layan sehat di wilayah banyumas dan sekitar terima kasih rumah sakit umum an nimah,Positif
rumah sakit umum swasta baik layan sangat baik dokter awat juga pada baikbaik rumah sakit modern bersih dan rapi,Positif
rumah sakit yang layan sehat sangat memuaskanyg utama masyarakat dengan layan primaprofesional dan islami,Positif
saya milik kesan yang baik hadap rumah sakit umum annimah lingkung rumah sakit lihat bersih tata rapi dan beri suasana yang nyaman layan dari staf juga ramah dan komunikatif sehingga buat unjung rasa bantu saya juga lihat ada manfaat teknologi dalam dukung layan bagai orang yang milik minat di bidang teknologi informasi dan pemrograman saya apresiasi upaya rumah sakit dalam tingkat kualitas layan lalu sistem yang baik moga rumah sakit umum annimah terus kembang dan beri layan sehat baik bagi masyarakat,Positif
rumah sakit umum an nimah sekarang jauh sangat lebih baik dari bagai hal gedung bagus layan baik tindak cepat dan tepat milik poliklinik yang lebih lengkap,Positif
bagus,Positif
rumah sakit umum annimah sangat nyaman dan rekomenpelayanan cepat nyaman,Positif
sangat baik moga sukses,Positif
layan ramah sangat bagus nyaman tempatnyaa,Positif
layan sangat baik tugas ramahramah,Positif
layan baik fasilitas baik,Positif
layan baik staf ramah,Positif
lokasi strategis dan mudah temu karena ada di pinggir jalan moga layan rumah sakit umum an nimah selalu makin baik,Positif
rumah sakit nyaman dan bersih dengan fasilitas yang bagus dan layan nya juga ramah saya pernah lahir sini kasih bingkis mantapp,Positif
layan super duper bagus sangat jaga bersih dan ramah,Positif
fasilitas lengkap layan baik tugas juga sangat ramah,Positif
layan baik sekali bersihh dan nyamann,Positif
layan ramah proses cukup cepat dan rumah sakit bersih terima kasih,Positif
sangat baik,Positif
disclaimer saya belum pernah rawat atau laku periksa medis di sini jadi ulas ini saya tulis dasar alam saya bagai pengunjungpenjenguk pasien di rumah sakit umum annimah dan bagai warga wangon yang tiap hari lewat depan rumah sakit umum annimah lama beberapa kali jenguk kerabat impresi saya sangat positif ruang awat yang saya temu asa proper nyaman dan ramah anak staf dan jaga di sini juga jauh ini sangat baik dan tidak ada kendala kait etika layan jika banding dengan rumah sakit lain di area wangon turut saya rumah sakit umum annimah adalah yang paling progresif fasilitas lihat sangat lengkap dan ubah asa cepat saat ini pun lihat sedang ada bangun masif untuk gedung baru dan tingkat layan instalasi gawat darurat yang turut saya langkah luar biasa untuk tingkat kualitas layan bagi warga selain fasilitas di dalam lingkung sekitar rumah sakit sangat dukung parkir luas di seberang jalan ada toko buah sangat mudah jika ingin bawa buah tangan untuk pasien serta banyak toko kelontong dan dagang kaki lima di sekitar lokasi jadi tunggu pasien tidak akan sulit cari butuh seharihari cara seluruh impresi saya hadap rumah sakit umum annimah sangat baik rumah sakit ini tampak selalu kembang ke arah yang positif,Positif
layan yang beri sangat baik ramah dan profesional fasilitas bersih dan lingkung rumah sakit nyaman,Positif
bersih nyaman strategis layan baik,Positif
layan di rumah sakit sangat baik dokter dan awat ramah sigap serta beri jelas dengan jelas proses administrasi cukup cepat dan fasilitas bersih serta nyaman terima beri atas layan,Positif
rumah sakit dengan lokasi yang strategis layan makin tambah desain kini dan modern,Positif
layan bagus responsif dan muas pokok,Positif
awat sini cukup bagus dan cepat tangan,Positif
rumah sakit dengan layan yang baik dan staff nya juga profesional,Positif
layan profesional fasilitas nyaman dan proses administrasi cukup cepat sangat rekomendasi,Positif
layan di rumah sakit umum an nimah sangat muas tenaga sehat responsif ramah dan beri jelas yang mudah paham lingkung rumah sakit juga bersih dan tata dengan baik terima beri atas layan yang beri,Positif
recomended layan baik dan ramah lokasi strategis mudah jangkau sukses selalu,Positif
rumah sakit yang sangat deket dengan rumah dari bangun masih awal hingga sangat megah lantai lantai saat ini tunjuk komitmen yang sangat serius dalam hal layan sehat untuk masyrakat dan dukung dengan teknologi sehat yang canggih serta naga sehat yang sangat kompetensi di bidang maju terus rumah sakit an nimah,Positif
moga rumah sakit an nimah ini terus beri layan yang baik untuk pasien dan moga selalu jadi rumah sakit yang beri layan sehat yang profesional dan manfaat bagi masyarakat sukses selalu rumah sakit an nimah,Positif
layan di rumah sakit umum an nimah sangat baik dokter dan awat ramah komunikatif serta beri jelas dengan jelas proses daftar cukup cepat dan fasilitas rumah sakit bersih serta nyaman moga kualitas layan yang sudah baik ini terus tahan dan makin tingkat terima beri kepada seluruh tenaga medis atas dedikasi,Positif
service profesiional staf ramah rumah sakit nya modernn,Positif
layan di rumah sakit umum an nimah sangat baik staf medis dan karyawan ramah beri jelas yang jelas dan rawat pasien dengan sabar fasilitas rumah sakit juga bersih dan nyaman,Positif
fasilitas ruang bersih dan awat dengan baik suasana di rumah sakit juga nyaman serta tenang sangat bantu proses pulih pasien,Positif
awat nya luar biasadokter nya baik bangget,Positif
memang the bagus layan di rumah sakit umum elisabeth dari awat sampai dokter ramah tamah hamil anak pertama dari kontrol sd lahir selalu sama bulan kemarin anak opname juga nang bintang lima pokok ruang juga bersih rapi pokok nyaman sukses selalu rumah sakit umum elisabeth,Positif
layan bagusperawatbidandokter ramah2pelayanannya cepatrecomend banget,Positif
sangat memuaska skill tenaga kerja baik karena banyak dari mereka adalah senior,Positif
rumah sakit elisabeth memang the bagus,Positif
tempat bersihpelayanan bagus,Positif
alam saya pada saat rawat bagai pasien dan jadi tunggu pasien pada saat mamah dan kakak saya di rawat di rumah sakit umum st elisabeth purwokerto para awat di instalasi gawat darurat sangat ramah dan cekat dalam laku layan dokter juga terang pun dengan sangat jelas dan rinci awat di rawat inap juga selalu ecek tiap waktu selalu pantau kembang dengan sangat teliti telaten cekat lingkung nya nyaman dan bersih para tugas baik awat cs gizi dan semua sangat ramah selain itu juga selalu ada kunjung dari para suster op dan pastoral care rumah sakit untuk turut doa sembuh pasien juga terima kasih rumah sakit umum st elisabeth tuhan yesus kati,Positif
ruang fransiskus layan sangatt ramah suster baik2 semua cepat tanggap ruang bersih,Positif
rumah sakit elisabeth tempat obat yang senang dan layan dengan ramah,Positif
alam rumah sakit elisabeth purwokerto layan nya baik orang ramah dan layan dengan sabar,Positif
di rumah sakit elisabeth purwokerto tempat nyaman dan orang nya ramah,Positif
alam kontrol hamil dan lahir di rumah sakit elisabeth yang sangat baik dokter dan bidan bidan yang sangat sigap dan telaten,Positif
tempat nya nyaman parkir luas dan awat ramah,Positif
tempat strategis,Positif
mau periksa poliklinik eksekutif rumah sakit elisabeth sore hari tgl 120826 tugas daftar tidak tempat harus tunggu untuk panggil lebih dahulu sudah seperti itu tugas daftar judes sekali mohon baik layan,Negatif
layan gercep terima kasih rumah sakit elisabeth,Positif
dekat dengan rumah orang tua,Positif
satpam sopan dikit napa kalo tanya minta tunjuk,Negatif
satpam layan buruk tidak sopan kalau tanya benar benar,Negatif
terima kasih rumah sakit elisabeth purwokerto sudah rawat anak saya dengan sangat baik testimoni opname 1 minggu di sini overal layan sangat muas dan pantau kembang sangat intens dari dokter awat bersih makan smua baik terima kasih rumah sakit elisabeth sukses sll depan,Positif
antri 10 cepat sekali,Positif
mohon baik dengan urut periksa pol ya min,Negatif
alam saya rawat inap di rumah sakit umum santa elisabeth mulai dari layan di instalasi gawat darurat sangat cepat dokter dan awat ramah sat set layan di kamar rawat inap juga baik awat di ruang juga helpfull ruang bersih saran untuk baik kamar mandi periksa supaya selalu wangi terima kasih,Positif
cukup bagus layan,Positif
kemaren sore saya ke rumah sakit elisabeth untuk besuk teman saya betul situasi rumah sakit sedang ramai saya bingung mau tanya ke siapa pak satpam sibuk antar pasien dan foto pasien daftar juga sibuk daftar saya tidak mungkin sela telah situasi reda saya layan bagi daftar ibu dan mba yang daftar layan dengan baik ramah saya mau beri masuk ke manajemen rumah sakit masa rumah sakit dengan gedung megah itu tidak punya unit informasi tempat tanya bagai hal tau saya di rumah sakit mana ada unit informasi sendiri harus elisabeth juga punya unit informasi sendiri mohon perhati terima kasih,Positif
rumah sakit basic agama katolik yang kata ajar penuh beri layan dokter tidak ramah pasang wajah jutek beri jelas irit sekali beda sekali dgn rumah sakit siloam di yogya dokter ramah ramah dan rumah sakit juga bagus jujur kecewa sekali minimal tatar lah kalo dokter harus layan dgn beri tidak usah panjang lebar jelas minimal ada senyum dibibirwalaupun pake bpjs sehat saya juga byr iur tiap bln lho,Negatif
layan sangat muas fasilitas lengkap dan rumahsakitnya nyaman,Positif
fasilitas dan layan baik,Positif
layan ramah gercep ruang bersih,Positif
kemarin hari jumat pagi saya tani sodara saya obat ke dokter kulit di rumah sakit elisabeth pwtterimakasih layan bagus mulai dari pndaftarankasirapotik dan sangat ramah semua pgawainyasukses sellu rumah sakit elisabeth pwt,Positif
tolong layan ramah di tingkat apalagi di bagi daftar itu tempat pertama kali semua orang untuk tanya ibu ibu nya judes sekali pdahal sini tanya dengan nada sopan dan etika mending tanya bidan yang di poliklinik obgyn ibu ibu ramah dan tidak judes kaya di daftar,Negatif
layan bagi daftar dan saat di tensi sangat cuek sekali tolong baik untuk depan,Negatif
rumah sakit yang the bagus si layan bagus bersih dokter dan perwatnya sangat ramah banget big terima kasih ya rumah sakit eslisabeth ak hrus sehat,Positif
alam buruk ini moga tidak jadi ke pasien bpjs sehat lain yang kondisi darurat bisa tetap pakai bpjs sehat nya di ke instalasi gawat darurat bukan pertama kali saya ke instalasi gawat darurat dengan keluh gerdnyeri lambung sampai asa tidak bisa nafas yang turut tubuh saya itu perlu tolong 2 th lalu saya ke rumah sakit carolus jakarta pusat dan itu juga rawat jalan dan dicover bpjs sehat beri obat semua tanpa bayar apa malam ini dengan kondisi yang saya hanya dua dgn anak saya yang umur 10th jam 11 malam tgl 30 juni 2026 saya ke instalasi gawat darurat dgn tengah sadar tegas ke awat yang minta ktp saya saya pakai bpjs sehat jadi saya tekan kalau tidak cover jangan tindak saya karena sayaa guna bpjs sehat yang bayar iur tanpa telat hari tiap bulan dan bertahuntahun untuk dapat fasilitas saat saya urgensi seperti saat ini dan nyata saya tidak dicover dengan alas tidak ancam nyawa kecuali saya mau di rawat kenapa layan bpjs sehat antara di carolus jkt pusat dengan elisabeth purwokerto bisa beda awat jawab bpjs sehat tiap daerah itu beda tapi karena saya sikeras dgn sisa tenaga saat sakit ini saya minta pulang dan mereka bicara dlu dgn management dan akhir dicover layan bpjs sehat pos bpjs sehat tidak sedia 24jam padahal kota besar saya minta untuk rekam medis saya bisa lihat riwayat dan itu tidak bisa alam yang sangat buruk saya minta untuk management yang kait kalau bisa kerja sama dengan pihak bpjs sehat untuk lihat riwayat saya konfirmasi ke saya kalau rasa ini hanya keliru dan saya bisa mempertanggungjawabkan tulis saya ini,Negatif
periksa ke drg spesialis bedah mulut dokter tidak on time dateng nya telat banget layan sangat tidak ramah,Negatif
1010 nyaman,Positif
untuk awat laki di bagi instalasi gawat darurat sangat kecewa,Negatif
saya beri apresiasi besar untuk rumah sakit elisabeth awat super sabar tanggap jika panggil dan dokter juga super baik ruang rawat bersih ac dingin makan juga enak benerbener rasa urus dengan hati layan bikin pasien cepet sembuh karena dari hati ke hati rekomendasi sekali sukses selalu untuk rumah sakit elisabeth,Positif
dari istri anak orang tua saya semua obat poliklinik sampai opname sini layan ramah dari instalasi gawat darurat sampai akhir farmasi atau kasir beberapa kali keluarga atau sodara pernah opname sini kamar selalu bersih tidak bau obat atau bau tidak enak seperti rumah sakit lain jadi kalau jenguk atau nungguin pasien opname nyaman2 saja layan ramah masuk untuk satpam bisa lebih sikap tegas atau sikap siap duduk seperti itu kdg liat satpan yang duduk kurang siap tengah duduk gitu masuk saja yaa semuanyaa baik ramah dan cepat tanggap sukses trus rumah sakit elisabeth,Positif
rumah sakit baik di purwokerto layan cepat dokter baik makan untuk pasien juga enak,Positif
obat pertama kali ke poliklinik bedah alhmdllh dokter enak untuk konsultasi awat sangat ramah sekal ibu saya tuntun baik sekali empati luar biasa walopun layan sedang sibuk terima kasih,Positif
layan di rumah sakit baik dari anak baik dan ramah saat periksa moga rumah sakit makin maju,Positif
alhmdllh anak saya sembuh terima kasih rumah sakit umum medika lestari layan pol sangat bagus dokter ramah awat sumeh dan baik,Positif
layan sangat bagus dan muas fasilitas lengkap,Positif
layan poliklinik anak bagus awat dan dokter komunikatif sangat puas terimkasih,Positif
sangat muas semua awat sangat ramah periksa cepat terimksh,Positif
pelayanana baik sangat muas,Positif
untuk layan rawat jalan dan bagi daftar baik dokter suster satpam dan bagi kasir maupun apoteker ramah ramah sangat baik,Positif
malam datang ke instalasi gawat darurat karena anak demam tinggi sudah minggu maaf sekali tapi yang jaga bikin kapok apalagi yang perempuan astaga ngomongnya judes mulu amit amit saya kira awal mau rumah sakit ini karena rumah sakit nya kan sepi mulu a pernah lihat rame jadi seperti enak nyaman gitu untuk rawat anak astaga nyata tolak apakah rumah sakit sepi pasien rawat inap karena memang selalu di tolak ya pertama dan akhir lah bye,Negatif
layan nya bagus bangett pokok,Positif
layan cepat dan ramah sukses terus untuk rumah sakit sinar beri,Positif
layan instalasi gawat darurat cepat awat nya ramah rawat inap nya ruang toga bangun baru bersih dan nyaman kamar mandi lebih luas jadi lebih leluasa awat ramah cepat tanggap dan cantik,Positif
saya rutin kontrol di dokter spd guna asuransi mandiri in health semua layan dengan baik memang kami layan sama dengan pasien lain namun rasa baik saja barangkali asuransi yang belum komunikasi dengan pihak rumah sakit moga makin maju pasien makin sehat sembuh sakit,Positif
untuk layan tolong lah di baik,Negatif
rumah sakit umum sinar beri purwokerto layan ramah tempat bersih,Positif
layan nya bagus sat set cepet full wifi pula tapi tidak tau paswordnya,Positif
awat bagi instalasi gawat darurat tidak informatif juga terlalu judge ke pasien tidak peka kita orangagi sakit mau naik kursi roda bukan bantu malah diliatin doang untuk mba awat yang pake behel shame on you,Negatif
susah sekali cari informasi tentang dokter praktek wa lama sekali balas telp yang cantum baik informasi maupun emergency tidak aktif tolong baik untuk bisa lebih baik lah dalam layan,Negatif
baik si beli laptop sini dapat bonus kaos,Positif
dari sekian banyak rumah sakit di banyumas rayapurwokerto ini yang saya dapat di rst wijayakusuma ini sangat bagus dari segi layan yang sangat ramah dari perawatdokter ruang yang bersih suasana nyaman pokok sukses selalu ramahh pol petugas2 nya,Positif
awat pada judes sinis mentang mentang masih di wilayah rumah sakit tanya baik baik malah jwbnya sinis,Negatif
bagus hanya awat nya pada jutek tidak ramah,Negatif
untuk layan rawat jalan dan rawat inap sangat muas hanya saja untuk ambil obat saat rawat jalan sangat lama sekali lebih dari 2 jam saya paham pasti butuh teliti dalam beri obat baik racik maupun non raciktetapi waktu tunggu lebih dari 2 jam itu sangat lama turut saya mohon untuk lebih sat set terima kasih,Positif
tolong lah ada wifi gratis,Positif
rumah sakit bersih tata parkir luas dokter dan awat siaga tugas daftar bu yuni sangat informatif mudah pasien dalam urus administrasi sehingga pasien tidak bingung beliau ramah dan kerja dengan cekat moga depan rumah sakit wijayakusuma makin kembang,Positif
nuhun pis teh yunita p tugas daftar parantos ngajelaskeun ngeunaan proses administrasi daftar kanggo ibu abdi margi abdi nembe pertama kali sumping mariksa sareng rawat inap di dieu sala datang sareng teh yunita oge teah tur someah tiasa nenangkeun ka abdi ngadoakeun abdi tiasa cumlaude hatur nuhun pis nya teh sukses oge kanggo tetehna hatur nuhun oge ka tugas awat instalasi gawat darurat teh eva anu parantos nanganan pun biang kalayan sae nembe kahiji kalina sumping ka ieu rumah sakit peralatanna lengkep sareng nyugemakeun pis abdi resep sala datang,Positif
layan nya lama padahal ini kasus celaka,Netral
rumah sakit yang under rated padahal layan baik mulai dari instalasi gawat darurat rawat jalan rawat inap farmasi layan dokter semua bagus terima kasih banyak kepada mba yunita sangat informatif dan sabar layan pasien yang cerewet ini,Positif
dokter dan awat sangat ramah pernah sya tinggal mobil dan kunci kontak masih gantung di pintu mobil akibat lupa utung tukang palkirnya amanah dan di simpan oleh si jaga palkir terima kasih,Positif
pernah kesini saat dulu b4kain c0v1d 19,Positif
layan baik kami puas terima kasih semua tim kresna rst wijayakusuma purwokerto,Positif
saya puas dengan layan di ruang parikesit,Positif
utama di apotik tidak profesional pis,Negatif
alhamdulilah beri awat yang baik dan bagus di rumah sakit wijayakusuma ruang kresna baik dari dokter awat serta tugas lain nya ramah semua,Positif
alas knp saya suka rumkit tentara purwokerto tangan cpt karena jadwal kontrol minggu sekali paling lama 2 minggu gk seperti rumah sakit lain bulan sekali dengan alas bpjs sehat ato apa hanya di rumah sakit tentara tiap obat cpt sembuh sehat selalu untuk kt semua amin,Positif
rumah sakit the bagus,Positif
tidak sedia wifi nanya ke staff atau pegawai rumah sakit tidak kasih tau padahal kita bayar lho tidak seperti rumah sakit lain wifi tidak pakai kata sandi,Negatif
baik di tingkat lagi,Positif
puas dengan layan ruang parikesit,Positif
awat sangat ramah dan baik,Positif
mohon baik di bagi farmasi rawat jalan antre situ selalu lama sekali minimal 2 jam baru dapat obat ini alam saya pernah sampai 4 jam baru dapat obat tetapi ketika sampai ke tugas farmasi malah ditanyainnya yang ambil dl satu poliklinik atau tidak kaya tidak mau dapat kritik atau masuk kan saya juga tidak apal donk masuk tolong kasih nomer antri saja ketika kita numpuk resep kemudian obat harus ambil hari itu juga atau lalu jasa antar yang sudah ada kalau yang numpuk resep ambil esok hari itu yang ganggu sekali yang antre hari itu jadi lebih lama moga masuk ini bs timbang terima kasih,Netral
nyawa manusia jangan buat canda ya,Negatif
akhir tani rawat inap anak sekira 4 tahun lalu kondisi masih kurang nyaman namun bulan lalu saat kembali tani rawat inap di sini kondisi sudah jauh lebih baik fasilitas jauh lebih nyaman layan ramah dan senang,Positif
terima kasih atas layan yang baik,Positif
layan nyaman,Positif
beri saran yang baik niscaya akan kembali baik ke kita terima kasih atas sabar anda dalam hadap kami2 moga rumah sakit nya mjd lebih bagus lagi,Positif
layan bagus,Positif
obat di poliklinik anak dokter edukatif awat ramah layan muas rekomen untuk obat di purwokerto,Positif
puas bnget obat ramah dan rumah sakit bersih,Positif
terimaksih atas layan saudara saya yang di rawat di rumah sakit wijayakusuma layan cepat dan tepat dokter dan awat ramah tempat nyaman dan bersih pokok rswk sangat baik,Positif
awat ruang nya ramah ramah baik,Positif
rumah sakit di purwokerto dengan layan yang cepat awat nya juga ramah,Positif
awat ramah ramah dan baik,Positif
baik sekali layan nya,Positif
tidak sekali layan lelet,Negatif
lokasi mudah ditemukanrs yang ada instalasi gawat darurat 24jam,Positif
diare n aslam udh lemes banget n tremor tidak bole rawat inapdan kalo rawat inap harus pake umumap guna bayar bpjs sehat tiap bulan dokter ngeyel harus ke faskes 1dlhalooklinik tutup jam 9sedangkan q masuk instalasi gawat darurat jam 2pagi kalo tidak urgent tidak mungkin ke instalasi gawat darurat dokter sombong banget yang rambut keriting panjang moga keluarga baik2 saja ya udh nyepelein org sakit apa guna jadi dokter kalau kygni cara parah si turut layan sekarang pdhl dl q n anak2 rawat situ sll treat nya baik2 dokter n awat sekarang ubah drastis payah,Negatif
first time nyobain fasilitas kampus nyata semua layan enak sekali dari awal sampai akhir daftar cepet proses dokter juga cepet betul laku scaling baik sekali nyaman,Positif
halhal sederhana seperti tepat waktu mungkin lihat sepele tetapi justru jadi bagi penting dalam bangun kualitas layan dan profesionalisme jika disiplin waktu antara serta dan sedia layan dapat jalan dengan baik saya yakin kualitas layan dan citra unsoed juga akan makin baik dan kembang,Negatif
layan bagus sekali dokter dan karyawannya ramah ramah sekali,Positif
rsgmp unsoed lokasi strategiss akses mudah layan baik mudah dan lengkap dokter koas dan pegawai ramah,Positif
salah satu faskes gigi baik di purwokerto layan cepat fasilitas lengkap dokter dan koasnya sangat kompeten serta komunikatif tempat bersih dan nyaman sangat rekomendasi,Positif
layan di rsgm sangat baik dokter dan staff ramah dalam beri layan proses periksa juga cukup nyaman dan jelas fasilitas lengkap dan tempat bersih,Positif
ruang nyaman dan layan cepat,Positif
bagus tempat nyaman dan layan profesional serta informatif,Positif
pernah tambal gigi di sini dokter dan awat ramah dan dijelasin sekali terima beri rsgm unsoed,Positif
muas layan sangat baik,Positif
aman nyaman,Positif
layan sangat ramah dan muas tempat nyaman dan dokter sangat informatif,Positif
layan ramah dan dokter serta staf juga sangat bantu tempat bersih dan nyaman proses periksa juga cukup cepat,Positif
luar biasa layan ramah dokter ramah ramah,Positif
awat nya bagus alat canggih,Positif
layan di rsgmp unsoed sangat muas dokter dan awat layan dengan ramah sabar serta beri jelas yang mudah paham kena kondisi gigi dan rencana awat proses daftar hingga periksa langsung tertib dengan fasilitas yang bersih nyaman dan lengkap tangan laku cara profesional sehingga pasien rasa tenang lama awat moga kualitas layan ini terus tahan dan makin tingkat agar makin banyak masyarakat yang rasa manfaat,Positif
layan nyaman dan jelas dengan baik,Positif
layan tugas ramah fasilitas lengkap ruang tunggu nyaman moga makin maju rsgmp,Positif
sarprasclengap dan tugas ramah,Positif
layan dan fasilitas baik,Positif
layan muas dan tepat waktu,Positif
periksa gigi scaling guna program strata tiga untuk dosen unsoed alhamdulillah gratis terima beri layan baik,Positif
layan radiologi alat lengkap rujuk kesini unt rontsen gigi satu tugas ramah tidak antri,Positif
ikut program senyum soedirman dan pertama kali ikut scalling gigi proses sat set dokter dan staffnya ramah sukses selalu rsgmp,Positif
layan cara profesional cepat dan responsiv,Positif
layan di rsgmp sangat bagus dan muas,Positif
layan sangat responsif dan profesional alur layan cepat dan suasana di rumah sakit juga kondusif bersih dan nyaman,Positif
alhamdulillah barusan ikut program senyum sehat soedirman meski gratis tapi layan tidak beda dengan yang bayar mantapp dan sangat nyaman terima kasih dan maju terus rsgmp unsoed,Positif
layan bagus dari security hingga ke proses tindak personilnya ramah ramah,Positif
baik sekali,Positif
layan cukup profesional daftar untuk layan bersih karang gigi scaling dari program senyum sehat soedirman strata tiga untuk sivitas akademika unsoed dan betul semua gratis overall layan sangat muas,Positif
ramah cepet nyaman dokter baik2 dan ramah,Positif
rsgm unsoed percaya untuk penanganam gigi,Positif
dokter gigi ramah konsultasi nyaman dan kerja rapi,Positif
gigi saya abrasi biasa cukup tambal dengan biaya hampir 1jt dalam hitung hari tambal lepas dokter yang tangan saya beri garansi jk ada keluh bs kembali baiklahsy kembali lagi untuk baik tambal yang lepas namun kurleb 2 pekan telah baik tambal mulai lepas lagi gigi asa ngilu dengan dokter gigi langgan saya tambal gigi saya bs tahan smp 4th itu lepas karena saya pake dental floss lah ini tahan kurang dari 1bl tinggal tambah biaya dikit saya udh dapat kualitas baik dari drg langgan saya yang saat itu sedang cuti ke luar negeri,Negatif
layan lama sekali nunggunya untuk rontgen,Negatif
mahal lur mending ke tempat lain bagi yang duit paspasan seperti saya kalau mau coba tidak papa,Negatif
layan nya baik dengan fasilitas yang cukup lengkap,Positif
untuk mas yang jaga parkir hari ini terima kasih banyak atas bantu,Positif
lagi trip ke pwt anak sakit bawa ke instalasi gawat darurat langsung tangan sangat baik,Positif
jauh ini rupa rumah sakit dengan layan baik di wilayah purwokerto dan sekitar layan ambulance cepat tanggap mobil ambulance nyaman dan tim rujuk lengkap dokter awat lama rawat inap layan awat sangat baik dan ramah banyak bantu pasien overall hampir semua staff di rumah sakit jih purwokerto sangat ramah kepada unjung peka sangat bantu moga baik yang beri kepada kami buah baik juga untuk semua staff di jih beberapa catat mungkin bisa jadi tingkat layan seperti 1 visitasi apoteker di layan rawat inap akan sangat bantu karena dapat beberapa keluh kait obat namun tidak bisa sampai 2 dari bagi gizi mungkin bisa beri evaluasi tiap berapa hari sekali kait menu yang beri apakah ada minta ganti menu 3 saat di instalasi gawat darurat tunggu cukup lama untuk konfirmasi asuransi pasti tindak yang akhir tindak tunda besok sementara pasien tunggu cukup lama di ruang instalasi gawat darurat dengan kondisi yang sudah sangat nyeri,Positif
tolong evaluasi sistem antri pasien di rumah sakit jih purwokerto hari ini saya antar 2 anak saya periksa ke dokter gigi di rumah sakit jih dengan nomor antre 14 dan 16 estimasi yang beri rumah sakit jam 15451615 kami datang tepat waktu saat kami datang antri pasien sudah di nomor 12 namun telah kembali ke 7 8 dan 9 kemudian baru lanjut ke antri 13 lama 3 jam kami tunggu antri pasien lain yang lewat bawa anak untuk ke dokter gigi tentu ada mood yang harus jaga dengan pasien anak2 dan tunggu lama 3 jam buat anak jadi tantrum saat gilir tiba untuk periksa jadi siasia kami tunggu lama itu tolong lah di evaluasi agar pasien yang sudah tepat waktu beri apresiasi untuk dapat utama periksa lebih dahulu dan tidak dahulu pasien yang sudah lewat saya akan rubah bintang ini ketika antri pasien sudah benarbenar baik terima beri,Negatif
i was asked to come at 345 pesan pribadi but by 5 pesan pribadi i still hadnt been called in and the doctor hadnt even arrived yet i was told the doctors schedule was from 48 pesan pribadi so this was quite disappointing also sorry to say but i wasnt really impressed with the doctors way of educating patients even though she has an mkes degree i felt that her communication and patient education skills didnt really reflect the level of expertise i expected and why she didnt read the medical record first so patient didnt need to explain all over again from the very beginning,Negatif
saya suka dengan layan rekam medis nya yang mudah pasien terima akses resume pasien,Positif
rasa kecewadatang dari jam 1700 wib sampai pukul 2046 wib di poliklinik anak tgl 15 agustus 2026 belum juga dapat pelayanandikarenakan ada pasien yang kuranglebih makan waktu 50mnt moga ada batas waktu untuk tangan tiap pasiensesi konsultasi di adakan sesi tersendiritidak di gabung dengan sesi periksa sakitterimakasih,Negatif
terima kasih to rumah sakit jih purwokerto for the care and treatment provided to my wife over the past week the service provided has been very satisfactory,Positif
layan sangat ramah tempat nyaman layan rekam medis sangat cepat,Positif
sangat bantu dan informatif,Positif
nyaman sekali,Positif
rumahsakitnya bagus dan ramah lingkung dan besar saya nyaman mesana,Positif
sangat nyaman dan bersih,Positif
sangat muas layan di sini makin sukses dan maju,Positif
nyaman ter the bagus,Positif
layan nya baik sekali ramah sekali sopan baik semua karyawan nya pokok rumah sakit ini bintang 5,Positif
sangat muas layan di rumah sakit jih purwokerto,Positif
layan cepat dan tepat,Positif
pasien dokter arintonruang dahlia 5 ting luhat dari arinton di youtubejuga dapat teman tentangrs bunda dari arinyon jadi k bundapelayanan dokter danperawat baikmakanan drvrs cocokkonsultasi dokter jelasmks,Positif
layan sehat paling percaya untuk pulih dan obat keluarga kami,Positif
layan bagus dan ramah tempat pun nyaman terima kasih,Positif
kata saya jangan dulu ada cabang kalo bom solve waiting time sampai 6 jam,Negatif
sudah berkali2 ke sini tapi awat tidak pernah sesuai jadwal harus tunggu sampai 3 jam lebih sudah kaya di rumah sakit akreditasi dasar,Negatif
suka sekali sama layan dari dokter suster dan semua staff di rumah sakit jih dari layan yang cepat orang2nya yang ramah obat juga sangat baik habis operasi minim sakit alhamdulillah moga rumah sakit jih tetap konsisten dalam layan makin maju dan sukses,Positif
rekamn medis yang sangat helpfull sekali semangat terus yaa terima banyak,Positif
layan good sekali semua semua dokter jih favorit semua poko,Positif
layan rekam medis sangat helpfull dan ramah dalam bantu pasien dan keluh kesah,Positif
selalu pilih jih untuk tempat obat dan konsultasi sehat selain memang belerja sama dgk asuransi sehat kantor dari segi layan dokter awat juga sgt baik serta sering di bantu front adm mas gunanto terima kasih,Positif
rumah sakit pilih bawa cucu kalau sakit karena layan tenaga sehat yang baik serta bantu tenaga adm a n gun yang baik dan ramah,Positif
i had an excellent experience at this hospital the doctors were highly professional the nurses were incredibly kind and the entire staff made me feel comfortable throughout my treatment thank you for the outstanding care,Positif
bisa mcu mbca,Positif
beberapa hari yang lalu saya pergi ke jih untuk yang pertama kali dan tidak milik pandang yang baik saya fikir rumah sakit bagus layan nya juga bagus memang datang di sambut sama mas yang diri pakai baju merah sopan dan sangat lembut sekali dan saya di arah untuk registrasi di bagi administrasi saya bingung karena memang pertama kali datang ke sini di bagi administrasi ada 4 orang yang duduk saya diri bingung untuk alur bagaimana tidak ada yang tanya atau bantu saya sama sekali hanya di liatin saja gitu di biarin bingung tidak di sapa atau senyum sama sekalipun tidak atau karena sudah malam jadi capek gitu kali ya padahal nama tugas kerja harus ttp profesional,Negatif
layan nya sangat bagusmantab,Positif
selamat ulang tahun rumah sakit jih purwakarta,Positif
layan sangat baguscepat dan tanggapterimakasih jih,Positif
jih istimewa,Positif
rumah sakit nyaman suka sekali dengan rumah sakit jih golong masih baru ya di purwokerto,Positif
layan satset jih istimewa,Positif
layan bagus ruang nyaman,Positif
tmptnya nyaman layan ramah sukses selalu,Positif
layan sehat yang sangat maksimal serta manusiawi untuk semua pasien bagus,Positif
rumah sakit yang sangat nyaman dan lengkap fasilitasnyasukses terus jih,Positif
nyaman bersih dan ramah,Positif
kecewa sama layan dijadwalin operasi jam 1 siang suruh dateng dari jam tengah 1 buat tunggu sampai jam tengah 3 sore alesan 1 dokter baru mau otw jam 2an alesan 2 dokter lagi rapat di lantai 2 alesan 3 dokter lagi operasi alesan 4 rapat di minta untuk di stop dulu untuk operasi saya telah saya marahmarah di lobby jadi alesan yang benar yang mana tolong baik layan,Negatif
saya milik alam yang baik saat jalan operasi di rumah sakit jatiwinangun purwokerto sejak proses daftar hingga awat telah operasi layan yang beri asa ramah dan profesional dokter awat dan tenaga medis beri jelas dengan baik serta buat saya rasa lebih tenang lama jalan tindak ruang awat juga bersih dan nyaman terima beri kepada seluruh tim medis yang telah beri layan baik moga kualitas layan selalu jaga dan makin baik ke depan,Positif
alkhamdulillahpetugas nya ramah ramah layan optimalsemoga bisa tahan,Positif
kecewa sekali dengan layan bagi farmasipengambilan obat hr ini kamis 27 agustus 2026dr jam 11 siang antre ambil obat mp sore hampir jam 1600 belum juga kelar2tolong pihak managemen rsud segera benah dari jam 0930 proses daftar smp sore belum kelar2bener2 ngabisin waktu hari,Negatif
layan obat di poliklinik jiwa sangat tidak muas lama sekali nunggunya sampai 3 jaman jeda racik obat antar pasien juga lama,Negatif
layan mri sangat bagus dan cepat dan bagus pegawai ramah,Positif
periksa cepatmri periksa cepat dan mudah,Positif
kata tempat daftar online mencet dewek ora antre tetapi ya tetep saja antrimana petugase daftar ngepas sekali masuk jam 715 sampai situ jam 713 belum siap2 nya dan nyalain alatnyatolong tugas yang ky gt beri latih layan primakasihan yang sudah jauh2 dan gasik datang msh harus tunggu tugas,Negatif
lahir di sini sangat nyaman bisa eracs layan di bangsal wijayakusuma ina sangat baik untuk lahir,Positif
rumah sakit yang lengkap lengkip dan layan yang ramah maju terus rsud banyumas,Positif
nyaman awat sangat ramah,Positif
meski dampak tutup jembatan rayu alhamdulillah teliti di instalasi rekam medik rsud banyumas jalan lancar layan rekan2 di irm luar biasa sangat bantu di awal pasti data yang harus ambil sedia kendala saat proses ambil data juga atas dengan gercepsehat selalu rekan2 irm,Positif
layan bagus awat juga ramahtempatnya bersih nyaman,Positif
periksa cepat dan tangan tepat,Positif
layan moga makin manfaat untuk masyarakat banyumas,Netral
layan saat di instalasi gawat darurat dan ruang cepat dan baik,Positif
selalu penting selamat pasien tanpa pamrih moga selalu beri sehat dan lancar bagi semua tenaga sehat di rsud banyumas aamiin,Positif
pernah beberapa kali cek mata di sini pake bjps layan okee banget cepet dokter ramah dan alhamdulillah obat cocok,Positif
terima kasih rsud banyumasberkat layan mu yang sangat baik ibu saya dapat layan dengan cepat terima kasih untuk suster dan omsuterya i love you,Positif
kebersihanya luar biasa,Positif
layan sehat baik di camat banyumas,Positif
utama puas langgan,Positif
tempat nyaman tenang jauh dari hirukpikuk awat ramah ramah untuk taman mohon baik dan di tata ulang banyak lagi tanam hias dan tanam buah terima beri atas layan,Positif
lama nganter ibu orang tua pasang obat sudah tahun tahun di rumah sakit ud banyumas ini tidak ada yang kurang layan dari pihak para medis juga loket2 daftar sudah makin baik maju terus rsud bms makin thn makin komplit sarana obat,Positif
kemarin teliti di instalasi rekam medis untuk tugas akhir alur susun sekali mudah ikut jugaa ngurus izin ke rumah sakit juga mudah tugas ramah ramah sekali welcome dan sangat bantu,Positif
layan muas pegawai ramah ramah tempat tunggu nyaman,Positif
layan ramah tempat nyaman moga makin jaya,Positif
tempat layan sehat dengan fasilitas yang cukup lengkap tempat latih bidang sehat,Positif
masya allah layan luar biasa ramah ruanganya luas nyaman sekali,Positif
alhamdulillahpelayanan ramah dokter juga beri sempat apa yang mau tanya lgdan beri jawab dgn baiksehat semua dan berkah untuk rsop purwokerto terima kasih,Positif
terima kasih rsop langgan service di wa sangat fast respon terintegerasi dengan baik untuk booking dan cek jadwal layan,Positif
istri saya 2x rawat sini dan bagi istri yang orang nakes dia kagum juga dengan nakes tetap senyum hadap pasien yang banyak smp mlm hari dia temu di rsop ini selamat ulang tahun ke 20th mudah2an makin okey dalam layan pasien konsep tanpa lift nya bagus untuk tunggu dan jenguk pasien untuk rajin jalan untuk nakesnya juga jalan ya,Positif
bersih,Positif
layan bagus bantu sekali dalam urus guna asuransi terima mba admin yang sabar layan the bagus,Positif
layan luar biasa cepat,Positif
untuk playann smua baiktempt snngt bersih dan nyaman,Positif
alhamdulillah layan sangat baik muas good job,Positif
rsop yang baik trmsuk smua layan bagus dan makin maju rsop dekat,Positif
operasi patah tulang sekarang tidak harus dengan pen plat yang kes keri,Netral
staf ramah dokter sangat informatif ruang juga bersih,Positif
layan nya sangat bagus,Positif
ntah lagi apes atau gmn smua serba lama dan treatment g muas,Negatif
pelayananya sangat ramah,Positif
layan ramah dari awat maupun dokter operasi dan kontrol patah tulang sini juga jadi salah satu yang baik layan rawat inap juga bilang bagus biaya bisa pake bpjs sehat maupun bayar mandiri,Positif
dokter dan awat nya baik ramah tempat nya bersih toilet bersih dan tidak beda beda antara umum dan bpjs sehat,Positif
terima kasih banyak atas layan yang sangat muas lama rawat di rsop orthopaedi purwokerto,Positif
layan sangat baik pada bagi nformasi daftar oleh tugas serta periksa dan tindak medis oleh awat dan dokter sangat muas dan ramah tamah full senyum layan dengan sepenuh hati jelas informasi sampai paham moga layan tetap jaga dengan baik prima dan depan profesionalisme terima kasih,Positif
tangan pasien cukup cepat walaupun masih harus tunggu,Positif
layan nya bagus sekali gercep sekali untuk tindakanya dokter awat dan semua baik sekali ramah ramah tempat juga nyamann baik pokok untuk rsop purwokerto,Positif
layan di rumah sakit orthopaedi purwokerto sangat profesional dan ramah dokter serta awat sangat cekat dan informatif dalam jelas tindak fasilitas bersih dan nyaman sangat rekomendasi untuk tangan masalah tulang dan sendi terima kasih juga untuk dari adi surya rata atas semua,Positif
terima beri team instalasi gawat darurat rsop purwokerto pagi luar biasa dengan layan yang cepat dan luar ekspektasi saya datang langsung tangan gawat tanpa tanya saya pake umum ato asuransi sehat telah tindak baru saya arah daftar ke bagi daftar sangat baik dan luar biasa,Positif
hari ini saya ke rsop purwokerto karena kondisi gawat ke igdnya dan alhamdulillah langsung tangan gawat tanpa harus muter2 ndaftar dulu ke informasi ditanyain pake umum ato apa instalasi gawat darurat rsop the bagus,Positif
ini alam ke dua inap di rsop pertama tahun 2014 tani ananda fisik bangun masih baru kamar bersih hanya bed ada bercak2 darah kering fasilitas pada layan ramah dan cepat dua baru baru ini tani suami alam pertama untuk saya nungguin pasien dapat kompensasi makan karena suami puasa pra oprasi turut saya layan rsop baik fasilitas cukup pada kondisi bangun karena sudah hampir 20 tahun tentu ada yang kusam apalagi bagi toilet di kamar singgah costae 3 cara umum layan rsop baik dan ramah,Positif
gili besar 207 sangat muas terima kasih awat gili besar,Positif
rumah sakit bersih rapi dan dokterpetugas ramah,Positif
layan sangat baikjaga terus yaa,Positif
pegawai nya ramah ramah sekali layan cepat dan tempat bersih sudah rapi,Positif
saya puas dengan layan di rsop awat dan dokter ramah humble enak ajak konsultasi kamar bersih lingkung sekitar juga bersih dan nyaman walopun ibu saya pakai bpjs sehat kelas 3 tapi tidak beda layan terima kasih para awat dan dokter yang sudah rawat ibu saya dengan baik moga awat dan dokter sehat selalu,Positif
rsop pwt layan super duper muantap,Positif
alam pertama saya periksa di rumah sakit orthopedi pwt layan sangat muas staf sangat ramah apalagi dokter dralam dari cara jelas sangat detail mau dengar cerita pasien beri saran yang tenang tidak bikin pasien khawatir dan panikpokoknya puas sekali dengan pelayanannyaterimakasih rumah sakit otropedi pwtsemakin sukses amin,Positif
rumah sakit yang nyaman bersih layan yang sangat ramah,Positif
sangat puas layan ramah dokter jelas dengan sangat jelas dan mudah di erti sukses sll untuk rsop,Positif
layan cepat dan muas,Positif
terima kasih untuk rumah sakit ortopedipelayanan bagus ramahcepat sat set,Positif
jujur saya puas sekali dengan layan di rsop dari masuk instalasi gawat darurat sampai pulang,Positif
layan cepat ramah dan fast respon mantab sehat slalu,Positif
tangan cepat dan layan nya ramah terima kasih,Positif
trima beri rsop atas layan gercep nya,Positif
layan muas sekali moga selalu bagus ya,Positif
keluarga selalu gembira kalau ajak ke rsoportu periksa kedokteranak anak bisa main tam belakangliat ikankuda nil dikolamjajan makan ayam kremes dalam negeri mie spesial uenak lah,Positif
layan cepatdokter dan awat ramah,Positif
puas dengan layan klinik laktasi konsultasi nyaman ramah sekali benar2 clear jelas dan solutif dari dari risky sehat selalu dok dan perawat2 rumah sakit umum hidayah,Positif
saya dulu patah tulang dan takut bagai warga minoritas di operasi di rumah sakit alhidayah karena khawatir layan dan tadi karena sedang jalan pagi tanpa bawa identitas diri tapi tetap layan di instalasi gawat darurat dan nyata saya salah tidak perlu khawatir karena layan super baik khusus untyk dari lily yang sedang istirahat para awat terima beri banyak atas tolong lembut penuh beri rawat saya moga rumah sakit alhidayah makin sukses dan dekat hati super bagus,Positif
baru nyobain scaling gigi di rumah sakit umum hidayah purwokerto tidak nyesel pokok pelayanane ramahdokternya sabarsopan awat juga sat set sangat baik pokok,Positif
awat ramah tempat bersih dan nyaman tangan baik,Positif
alhamdulillah bagus awat cepat,Positif
dokter payah datang malam terus rumah sakit tidak mau cari dokter yang bisa datang normal,Negatif
saya bingung sekali jadi saya punya tante di rujuk ke rumah sakit ini dengan guna bpjs sehat sudah masuk instalasi gawat darurat dirogsen usg tidak ada hasil rekam medis tante saya diagnosis ginjal nya ada cair nanah dan di paru paru juga banyak cair tapi tidak langsung di proses dengan cepat malah pulang tidak hanya itu tanggal 19 sep kemaren tante saya kontrol undur terus dari jam 5sore ke jam 9 malam terus mundur lagi ke jam 11malem di kira orang yang sakit itu tidak capek apa bulak balik rumah sakit otak mana coba ya jangan mentang mentang kami pake bpjs sehat bisa enak seperti itu ini sangkut nyawa manusia masa pihak rumah sakit tidak ada tanggung jawab sama sekali keluarga saya minta hasil rongsen atau usg tidak di beri kalo memang dari awal alat medis rumah sakit tidak lengkap kenapa tidak langsung di pindah cepat ke rumah sakit yang bisa cepat tangan apa harus tunggu orang nyawa hilang dulu ya baru tindak gitu,Negatif
awat bagusdokter sama awat ramah2saya selaku anak sari pasien sangat terima beri,Positif
layan sangat sangat baik terima kasih untuk dari dan awat yang sudah layan dengan baik,Positif
sangat puas dengan layan nya semua awat dan dari nya baik baik,Positif
lama hamil sllu rutin usg daftar online via whatsapp awal2 fast respontp saat cs daftar nomor wa nya ganti ya ampun pelayananya slowrespon sekali balas chatnya plenger banget udh jelas2 mau daftar online mnyrtakan niknama pasienpoli tujuanhari tanggalmalah suruh lgsg datang ke rumah sakit minta nomor antri online tidak kasih grgr cs plenger saya jadi antre dari jam 2 smpe jam 5 sore kecewa sekali,Netral
ramah nyaman priksa gigi nyaman sekali dsni,Positif
awat dan layan bagus ramah dan cepat,Positif
rumah sakit baik,Positif
untuk layan di rumah sakit amanah sumpiuh ini pokok jos jis rekomendasi untuk kalian yang ingin obat sini,Positif
awat nya ramah,Positif
alam lahir di rumah sakit amanah amat sangat baik dan mudah layan baik gercep awat juga ramah waktu saya lahir itu saat jam sahur di bulan ramadhan tapi awat semua gercep untuk nanganin saya anak juga sudah di buat acta lahir juga,Positif
layan cepat dan bagus ruang bersih dan nyaman,Positif
lantai bersih adem ruanganya lega,Positif
pernah priksa dan konsultasi ke poliklinik anak beliau ramah sekali dan beri banyak jelas yang mudah di paham terima kasih ibu dokter sehat selalu,Positif
aneh banget kontrol telah opname jam 11 malam bukan sembuh pasien mati jalan celaka karena jam istirahat plis ini sistem nya gmana si rumah sakit kalau visit dokter jam 1 malam sampai 4 pagi saya masih maklumin ini kontrol lho tidak liat waktu istirahat kah,Negatif
awat yang muas dengan perawat2 yang ramah lingkung rumah sakit yang bersih,Positif
pegawai sangat ramah dan cekat,Positif
alhamdulillah saya puas dengan layan rumah sakit pku muhammadiyah amanah sumpiuh atas layan nya,Positif
layan ramah dan cepat,Positif
terima kasih sudah beri layan yang baik,Positif
sangat muas pelaynnya terima kasih pku manah sumpiuh,Positif
layan yang baik dan luar biasa,Positif
layan amanah baiksemoga ke depan nya lebih baik lagi lebih amanahsemoga makin sukses maju untuk sehat umatsemangat,Positif
layan lebih baik lagi,Positif
terima kasih rumah sakit umum amanah sumpiuhpelayanan serta alhamdulillah baik dan memuaskansemoga tambah amanah dan istiqomah dalam layan pasien2nya,Positif
layan nya sangat kurang awat kurang cekat sampai saya hilang ayah saya gara2 nang yang aangat lambat mohon untuk di baik,Negatif
untuk rawat inap baik tetapi untuk bagi hd kecewa karena saat hd suntik manual itu jadi benjol keras selangkang sampai sakit biru ungu jalan susah,Positif
sangat bantu dalam proses salin,Positif
pegawanya ramah ramah,Positif
terima kasih rumah sakit amanah atas layan moga makin maju depan aamiin,Positif
puas ruang nyaman layan bagus tugas ramah,Positif
nyaman dalam terima layan bersih dan jadi pusat icon kota sumpiuh terus tingkat kualitas layan,Positif
dokter di instalasi gawat darurat tidak mau timbang riwayat sakit dan obat pasien dokter beri tindak yang luar urgensi sehingga hal yang harus bisa hindar dapat jadi anak usia 3 tahun dengan keluh demam tinggi 39c serta batuk dari awal sudah beri jelas kepada dokter dan awat bahwa jika demam tidak segera tangan cara hystorical anak ini akan kejang di suhu 40c akan tetapi tidak hirau tindak yang beri adalah beri uap nebulizer lama 1jam hingga jam ke dua anak ini kejang lama lebih dari 10 menit tolong jangan egois dalam menganalisa dan beri tindak dengar dan timbang juga informasi yang beri oleh keluarga pasien,Negatif
luar biasapelayanan baik utama yang cantik cantik,Positif
layan ramah layan cepat,Positif
pernah rawat inap di rumah sakit umum pku muhammadiyah sumpiuh dengan layan kamar yang bersih nyaman periksa dokter muas,Positif
terima beri rumah sakit umum amanah atas sedia nya bekerjasama dengan kami plkb pada program perintah layan kb dan cepat turun dan cegah stunting khusus di kec sumpiuh moga rumah sakit umum amanah selalu beri layan baik untuk masyarakat,Netral
layan cepat bersih awat dan dokter sangat ramah dan cekat,Positif
rumah sakit nya bersih layan baik tugas sangat ramah hanya sini yang kamar rawat inap kelas 1 nya kamar untuk 1 pasien dan luas moga rumah sakit pku muhammadiyah amanah sumpiuh makin kembang dan jaya selalu,Positif
untuk para pegawai dan dokter di rumah sakit sebut sangat ramahbaik hati dan kerja cara profesional,Positif
layan hd baik,Positif
rumah sakti rumah sakit umum amanah sumpiuh layan bagus gedung yang baru juga bagus pokok bagus,Positif
langgan bunda sudah lamapasien dokter arinton ruang melatipelayanan dokter dan awat baikanak cucu sudah langgan rumah sakit umum bunda lamaamks rumah sakit bunda,Positif
sya pasien dari sugrisno ibu isa dikmar t5 sya sngg puas dengan pelayannha bida cantik cntik dan ramah bidan memnah jos jis,Positif
rawat di rumah sakit hermina purwokerto untuk seluruh baik apalagi awat nya ramah dan cantik anak saya di rawat di lantai 4 kamar 406,Positif
awat muka judestidak ramah,Negatif
saya rawat kamar 511 lantai 5 awat ramahh sabar dan baik sekali trimaksih hermina purwokerto,Positif
ruang bersih di vip padma tugas juga cekat dan profesional administrasi baik dan tertib,Positif
untuk radiologinpelayanan baik sekali,Positif
layan judes sekali utama di poliklinik paru,Negatif
saya kira telah di renov akan makin baik namun alam ketika bapak saya di rawat di ruang paviliun kresna fasilitas nya kurang baik sedia fasilitas tv namun ketika tanya pihak awat dari mereka tidak ada satu yang bisa aktifin tv sebut saya utak atik sendiri pun tidak bisa lalu untuk fasilitas ac remot nya kadang bisa guna kadang tidak,Negatif
saya keluarga pasien bu wasem di rawat di kenari bawah layan nya sudah baik terimkasih,Positif
layan di rumah sakit dadi keluarga tuju awat dan dokter baik dan ramah,Positif
nang bpjs sehat bagus,Positif
layan prima dengan penuh hangat dan profesional,Positif
rumah sakit bagus tapi parkir mobil nya sangat sangat sempit,Negatif
rumah sakit swasta baik,Positif
rumah sakit yang rekomendasi untuk obat,Positif
layan simpel dan ramahrekomended untuk obat,Positif
fast respon sekali,Positif
layan memang jos sangat baik dan baik tuma dalam urus pasien pasien bpjs sehat,Positif
layan sigal ceoat ganggal respon sif hntuk padien pasien lengguna bpjs sehat,Positif
jadi andal obat guna bpjs sehat pokoke sangat baik markotop,Positif
layan sigap cekat dalam tangan pasien pasien guna bpjs sehat,Positif
layan nang anang patients bpjs sehat sangat baik,Positif
jazakhumullah khoiran katsirannatas layan yang baik tiap kali minta rujuk,Positif
kamar tidak brisik jadi nyaman,Positif
kalau hasil lab belum keluar jangan lgsg lapor desa kena sakit pdhl hasile lab negatif sudah periksa sampai dua kali ttp negatif keburu lapor desa kan jadi gosip bijak sedikit lah jangan apa burutanggung jwbnya mana untuk bersihin nama baik pasien asal diagnosa saat periksa lab negatif sudah buru lapor desa rumah sakit bagaimana siy ini,Negatif
waktu itu bapak saya masuk instalasi gawat darurat alhamdulillah langsung tang dengan cepat oleh dokter jaga nya tapi ruang tppri nya jauh tolong lah buat lebih dekat biar mudah keluarga pasien,Netral
layan bintang 5 10 jempol sangat baik asli bukan kata kata tapi alam pribadi saat salin istri semua tenaga medis dan staf gercep rama komunikatif dan sangat bantu kami padahal kami pake bpjs sehat dan perlu untuk urus bpjs sehat anak kami pun bantu dengan gercep tanpa tele tele bravo rsud bms terimaksih sekali dan selalu tingkat layan terimaksih,Positif
tb kelenjar masih ada benjol sudah obat 3 tahun tahun ke tiga ganti dokter karena sudah lama kata di suruh henti padahal masih ada benjol,Netral
apik layan di ruang elang,Positif
radiografer nya baik semua,Positif
layan di rsud banyumas tolong yang pake merah2 hari jumat yang jaga pagi super strict bapak rawat 5 hari inpus macet minta 3x dibenerin malah saling lempar lempar kata nanti ada tugasnyatp sudah 3x coba kalian kalo anggota keluarga nya ada yang sakit digituin gimana khusus kamar melati pernah sambil melotot itu tugas nya kami bpjs sehat tetapi juga byar lho dokter malah ramah ramah,Negatif
belum cara langsung periksa di rumah sakit ini namun saya hubung contact di sosial media luar biasa responsif dan beri informasi dengan sabar rinci dan beri solusinsemoga layan di rumah sakit nya juga demikian,Positif
layan klinik laktasi kerenn bgtt min rekomendasi untuk ibu baru,Positif
alhamdulillah bisa periksa dan salin disininbagus semua dari dokterbidanahligisidan yang lain lainnyasampai security dan kang parkir,Positif
layan cukup baik kami dari pasien,Positif
layan sudah bagusmemuaskanterimakasih sudah bantu ndaftarin mjkn,Positif
rumah sakit andal dan percaya dalam tangan pasien pasien guna bpjs sehat,Positif
rumah sakit nya bagus tidak ky di rumah sakit pada umum dokter assisten nya profesional,Positif
pertama kali anak ku rujuk dan ke jih rumah sakit sangat baik layan kepada lagi yang pasein bpjsdari lobby administrasisuster2 full senyum ramanmaju terus jih,Positif
layan baik sudah di bantu dan di edukasi layan rawat jalan terima beri infomrasi,Positif
kontrol 2 minggu unggah op olecranon siku dengan dari alam sp ot cfhulms beliau memang ahli tangan dan lengan tidak perlu ragu lagi alhamdulillah pulih cepat tidak ada kendala apa terima kasih dari alam atas bantu,Positif
rumah sakit dengan tenaga kerja profesional,Positif
verry good hospital service excellent,Positif
alhamdulilah di rawat di siaga medika malang baikramahmakasihsudah di bantu swgala nya,Positif
rumah sakit yang rekomendasi untuk obat tht dan yang lain,Positif
layan di ruang hd hermina baik awat dan dokter,Positif
awat di lantai 4 padma layan baik semua suster bantu betul saya op tulang selangka karena tabrak alhamdullilah op nya sudah selesai sama dokter hidayat dan sudah boleh pulang terima beri untuk rumah sakit hermina purwokerto dan staf yang tugas,Positif
terima kasih rsgmp unsoed yang sudah ngadain awat gigi dan mulut,Netral
ada no lain yang bs kami hubung dari kemarin saya hub no yang tera di bio kata nomor tidak register,Netral
layan memuaskanperawat sopandokter sopan,Positif
maaf permisi saya yuanita pasien yang habis operasi tanggal 30 desember 2025 mare saya mau tanya hasil biopsi soal udh 3 minggu blum ada hasil gmna ya saya jga mau tanya soal kembali dana untuk ambil darah di pmi itu masa saya bayar sendiri pdahal harus claim bpjs sehat kan,Netral
untuk pasien umum tidak dapat laku bayar non tunai,Netral
sedia tempat tidur untuk yang kontrol,Netral
layan nya sudah bagus tolong tingkat lagi y,Positif
saya kontrol hari ini,Netral
layan rawat jalan gajelas banget judes gada yang beri tau untuk ambil nomor antri sendiri,Negatif
ada nomer telepon yang bisa komunikasi lewat watsap tidak,Netral
lumayan nunggunya,Positif
ka bpk saya di diagnosa ulkus kornea kata dari solusi tambal karena lapis sudah tipis nah di rskm bisa tidak ka selain di rumah sakit jogja bandung dan jkt mohon info ka,Netral
saya si yess,Netral
lbh baik lagi kalau ada atap antara 2 gedung igddpn dgn rawat inapr jalan,Netral
layan poliklinik gigi seninsabtu pukul 13001600,Netral
ini saya juga lagi cari alam,Netral
observasi dan pasang pasak gigi di sini baru tau nyata dokter gigi banyak spesialisasi dan baru sadar awat gigi itu mahal karena biasa cukup ke dokter gigi umum,Netral
beri nomor antri ambil obat di farmasi jiwabiar ada pasti sudah sampai nomor berapa,Netral
maaf kalo salin pake bpjs sehat apakah kassa tisu kapas bawa sendiri atau dapat dari rumah sakit,Netral
jauh2 dari pwt mau jenguk sodara eh baru smpi parkir tugas aman sudah bikin gk nyaman,Negatif
dokter tidak diajarin etika bicara kaya sombong,Negatif
rumah sakit swasta ajibarang,Netral
layan sangat bagus tidak ada kurang,Positif
perfect,Positif
bagus tempat,Positif
layan di instalasi gawat darurat sudah baik,Positif
radiologi baik,Positif
sya pasien de sutrisno ibu raniyah sya puasa dengan pelyannya,Positif
tempat bagus layan engga sayang banget baik management benah dan fokus bidang sdm nya,Netral
terima kasih sejak oktober 2016,Netral
mantapp pelayananya,Positif
sudah cukup,Netral
tingkat lagi layan yang sudah prima,Netral
layan sangat muas,Positif
andal keluarga kami dalam obat dan kontrol sehat keluarga kami,Netral
moga makin amanah,Netral
layan dengan sepenuh hati,Positif
bismillah kemarin saya ada benjol di pada kiri sejak 2020 awal covidsempat periksa ke beberapa dokter tapi ragu untuk operasi awal tahun ini makin besar niat kembali untuk periksa ke dokter qadarullah temu dengan drdavin yang ramah jelas untuk semua bagus baik dokter sama suster serta layan saat kontrol tapi sangat di sayang untuk layan ambil obat entah kenapa kok sangat tidak ramah dan tidak bisa jelas kendala sangat di sayang sekali,Netral
tunggu obat lama sekali padahal pakai umum semua jadi satu jadi akhir yang terima obat bayar pakai qris juga tambah biaya besar,Negatif
rumah sakit swasta lengkap di banyumas dan sekitar,Positif
untuk pasien umum tidak dapat laku bayar non tunai,Netral
rumah sakit ini terima bpjs sehat,Netral
lama periksa hermina layan ramah sapam daftar dokter jelas sopan selalu senyum,Positif
pasien dokter arinton ruang tulip 12 layan dokter dan awat sangat baik rekomendasi,Positif
lingkung bersih,Positif
masuk gang dikit dari luar si lihat bersih awat,Netral
untuk semua bagus baik dokter sama suster serta layan saat kontrol tapi sangat di sayang untuk layan ambil obat entah kenapa kok sangat tidak ramah dan tidak bisa jelas kendala sangat di sayang sekali,Negatif
observasi dan pasang pasak gigi di sini baru tau nyata dokter gigi banyak spesialisasi dan baru sadar awat gigi itu mahal karena biasa cukup ke dokter gigi umum,Netral
sudah cukup baik mohon tahan,Positif
luas rumah sakitmya,Netral
lbh baik lagi kalau ada atap antara 2 gedung igddpn dgn rawat inapr jalan,Netral
mau ke poliklinik kandung di bantu dari daftar sampai download aplikasi mba tugas administrasi ramah,Positif
ruang rawat inap arimbi full nyamuk mungkin dari got depan rawat inap ya kalo bisa lah got nya di beri kapur ajaib supaya jentik2 pada mati,Negatif
layan sehat paling percaya untuk pulih dan obat keluarga kami,Positif
jadi percaya dalam obat,Positif
mba mas dokter ramah playanan jga okesayangnya kalau k kantin saat ujan susah,Netral
bismillah kemarin saya ada benjol di pada kiri sejak 2020 awal covidsempat periksa ke beberapa dokter tapi ragu untuk operasi awal tahun ini makin besar niat kembali untuk periksa ke dokter qadarullah temu dengan drdavin yang ramah jelas sampai betul2 paham dari yang tadi takut mau operasi jadi yakin alhamdulilah hasil jinak sembuh cepat bekas luka tidak lihat telah operasi masih bekal pesan untuk jaga pola makan dan olahraga alhamdulilah bisa tangan oleh drdavin moga allah yang balas baik dokter mudah2an bisa olahraga rutin seperti drdavin dan istri,Positif
terima beri untuk rumah sakit ananda yang dengar keluh kesah pasien moga admin rumah sakit bisa satu arah saja depan jadi pasien bisa segera tangan tanpa harus bingung karena harus pindah chat sana sini dokter bidan suster dan team rumah sakit ananda sangat baik dan profesional,Positif
rumah sakit swasta baik,Positif
jos jis,Positif
bgus,Positif
hebat semua alhamdulillah luar biasa,Positif
layan sigap ramah dan cepat delallu muas do tiap edukasi pelayanya tidak pernah kecewa kalo make bpjs sehat disni,Positif
handal dan percaya dalam sigap pasien pasien bpjs sehat sehat,Positif
layan nang anang patients bpjs sehat sang at sang at baik,Positif
alhamdulillah bisa periksa dan salin sini bagus semua dari dokterbidanahligisidan yang lain lainnyasampai security dan kang parkir,Positif
belum cara langsung periksa di rumah sakit ini namun saya hubung contact di sosial media luar biasa responsif dan beri informasi dengan sabar rinci dan beri solusi moga layan di rumah sakit nya juga demikian,Positif
jazakhumullah khoiran katsiran atas layan yang baik tiap kali minta rujuk,Positif
kalau hasil lab belum keluar jangan lgsg lapor desa kena sakit pdhl hasile lab negatif sudah periksa sampai dua kali ttp negatif keburu lapor desa kan jadi gosip bijak sedikit lah jangan apa burutanggung jwbnya mana untuk bersihin nama baik pasien asal diagnosa saat periksa lab negatif sudah buru lapor desa rumah sakit bagaimana siy ini,Negatif
cukup nggo alam saya karo bojoku nek arep lahir saja neng rsud ajibarang pelayanane kurang apa maning suster perawatte sing tangan bojoku benar tidak ada rasa empati dan etikane hadap pasien,Negatif
medika lestari joss pelayananya,Positif
assalamualaikum wrwb saya ingin bagi bahagia yang kami kepada juang cancer di rsud banyumas dan sekitar alhamdulillah kabar baik itu akhir datang juga alhamdulillah ibu saya bisa lanjut kemo beva cara gratis di rumah sakit banyumas inisaya sangat berterimakasih kepada rsud banyumas khusus untuk drery perdana dan tim kemuning yang sudah dgn sangat baik layan proses kemoterapi ibu saya dari awal hingga akhirdan saya bagai anak jadi semangat tani proses kemoterapi ibu walaupun harus bolak balik jakarta banyumas 3 minggu sekalitak henti2nya kami ucap syukur kepada allah swt rasa terima kasih kami kepada drery perdanatim kemuningtim dahlia yang sudah sangat bantu lama proses kemoterapi harap kami depan kemo beva ini bisa terus jalan cara gratisagar para juang cancer bisa terus survivetidak patah semangat dan terus semangat untuk sehat semangat sehat,Positif
info biaya dan prosedur tes dna trmksh,Netral
layan krng tugas krng bnyk lambat smua,Negatif
kurang senang karena layan sangat lamaa,Negatif
layan kamar operasi sangat baik dan detail,Positif
sangat baik sekali layan ny,Positif
layan ny bagusramah,Positif
sakit saja ada parkir 2 rb,Netral
saya beri bintang,Netral
pernah rawat di situ layan sangat baik,Positif
bagus layan tidak di ragukann,Positif
kemarin anak sakit muntah serta diare saya niat mau rawat jalan tapi nyata sama dokter anak di suruh rawat inap karena sudah tunjuk gejala dehidrasi dan segera masuk igdpadahal ana pakai bpjstapi tangan cepat dan tidak rumit sama sekalikamar pasien juga nyaman dan bersihterimakasih rumah sakit umum medika lestari,Positif
alam saya oprasi hemoroid di rumah sakit medika lestari awal takut karena kata orang oprasi hemoroid itu sakit sekali dan lain - lain tapi nyata tidak sakit yang kata orang2 kalau kalian punya keluh hemoroid boleh itu konsul sama dokter bedah di sini nyata oprasinya tidak sakit hanya sakit sedikit saja pasca oprasinya tambah lagi semua tugas ramah dokter dokter spesialis nyata juga ramah breeperawatnya cekat juga tugas bersih juga peduli dengan lingkung pasien juru masak juga enak masakan saat dengan kondisi pasien manteplah makin bagus rumah sakit nya moga bisa tolong lebih banyak orang lagi dan rezeki limpah terus baik karyawanya ownernya atau pasienamiin,Positif
layan senang,Positif
layan satset bisa langsung oeprasi telah dapat rujuk maantapp pasien safety,Positif
sangat baik,Positif
suka sekali dengan layan dari dwi dokter ramah layan sat set dan tidak sakit sama sekali,Positif
rumah sakit umum bagus,Positif
dear elisabeth hospital im a student who is far from my mom i have to go to doctor and doing my rutine fisiotherapy twice a week thank you for a very good very friendly service its helping me a lot even i use bpjs sehat i am very grateful to all the staff who helped me and kindly asked about me,Positif
layan muas tidak ada kurang,Positif
lama rumah sakit ajibarang ruang salin untuk bu bidan ramahramah,Positif
wa slow respon sekali nyediain kontak wa biar bisa daftar online tetapi balesnya bisa 1 hari kemudian,Negatif
layan di rsud ajibarang memuaskansaya baru tunggu bapak ruang kenari bawah terima kasih atas layan awat dan dokter yang baik moga makin tingkat layan,Positif
igdnya cukup baik,Positif
giat latih cegah dan kendali ppi angk 1 di rsud prof dari margono soekarjo sungguh luar biasa tunggu rekan2 yang mau gabung,Positif
farmasi rawat jalan semangattetap sabar dan teliti meski pasien tumpuk,Positif
untuk radiologi layan baik sekali,Positif
layan poliklinik nya baik,Positif
tempat bersihpelayanan bagusrekomended,Positif
baik dengan segi layan dan tindak,Positif
excellen,Positif
layan poliklinik sarafbgs,Positif
terima kasih atas layan rawat keluarga kamibaik doctorperawatnya yang ramahsemoga rumah sakit umum medical lestari bmssemakin maju depa,Positif
layan cepatramahsemoga amanah slalu,Positif
layan cepat tidak di lambat ramah,Positif
layan administrasi tidak rumit bagi guna bpjs sehat,Positif
pelayanann kepercayan anak anak didik saya,Positif
layan sehat yang tidak pake rumit kalo pake bpjs sehat,Positif
di rumah sakit medika lestari buntu nunggunya tidak kelamaanjadi pulang tidak siang,Positif
lama hamil sllu rutin usg daftar online via whatsapp awal2 fast respontp saat cs daftar nomor wa nya ganti ya ampun pelayananya slowrespon sekali balas chatnya plenger banget udh jelas2 mau daftar online mnyrtakan niknama pasienpoli tujuanhari tanggalmalah suruh lgsg datang ke rumah sakit minta nomor antri online tidak kasih grgr cs plenger saya jadi antre dari jam 2 smpe jam 5 sore kecewa sekali,Negatif
terima kasih untuk layan hanya baik supaya lebih sigap dan cepat tanggap jangan jutek kalau panggil sama pasien,Negatif
memuaskanbagus,Positif
sangan mudah untuk layan dan kerjasamanya,Positif
layan optimal sekali rumah sakit umum ini rekomen lah,Positif
joos,Positif
nice,Positif
kamar mawar 15,Netral
cepat respon saat pasien butuh bantu atau cepat tindak saat di minta tolong oleh tunggu pasien,Positif
layan ruang perinatologi amahcepat tidak kecewa,Positif
awat nya ramah baik bangeet bersih kamar anak sudah 1kamar 1pasien tidak kecewa,Positif
pelayanananya bagusamanah,Positif
saya rawat lama 1 minggu memang sangat baik layan,Positif
saya pernah tunggu pasien lama kurang lebih 3 hariwaktu itu cucu saya rawat sakit suhu badan tinggi susah buang air kecil layan sangat baikkamar inap nyamanbersihlingkungannya juga asri banyak tamannyatempat ibadah juga bagus bangetparkiran aman luasgratis lagi,Positif
lama anak kami d rwat d ruang kepondang anak lumayananak kami rasa hibur krna bnyak main dan dengan awat ox,Netral
sangat baik layan,Positif
untuk kamar bersalinalhamdulillah layan memuaskansopan,Positif
layan kamar salin muas dari awal datang sampai mau pulang layan dengan baik terima beri untuk semua,Positif
layan di rsud ajibarang kamar salin sangat baik,Positif
overall bagussaluta layan n keramahanyauntuk awat thank sudah penuh dedikasi n sabar hadap pasienthank a lot n good jobruang camar,Positif
layan memuasksn,Positif
layan rumah sakit bangus sekali dari masuk rumah sakit sampai pulang,Positif
sangat baik,Positif
saya ingin sampai apresiasi kepada rsop purwokerto lama kurang lebih 5 bulan bolakbalik untuk jalan obat dan kontrol saya rasa layan yang beri sudah sangat baik informatif jelas dan ramah namun sangat sayang layan di bagi informasi pada hari ini kurang muas tugas yang jaga kes kurang ramah dan kurang sabar dalam hadap keluh pasien turut saya bagi informasi adalah salah satu layan yang paling sering datang pasien utama pasien lanjut usia yang masih sulit guna teknologi karena itu sikap yang lebih ramah dan sabar tentu akan sangat bantu saya tulis ulas ini bukan untuk jatuh siapa pun lain bagai bentuk masuk agar layan ke depan bisa jadi lebih baik apalagi hari ini saya dengar cukup banyak keluh dari pasien lain telah saya sendiri sampai keluh yang saya alami terima beri,Positif
istri saya 2x rawat sini dan bagi istri yang orang nakes dia kagum juga dengan nakes tetap senyum hadap pasien yang banyak smp mlm hari dia temu di rsop ini selamat ulang tahun ke 20th mudah2an makin okey dalam layan pasien konsep tanpa lift nya bagus untuk tunggu dan jenguk pasien untuk rajin jalan untuk nakesnya juga jalan ya,Positif
praktek dokter iman rekomendasi itu,Positif
dokter beneran nerangin dengan detail jawab tanya juga detail pasien jadi lebih tau kait sakit,Positif
tempat nya luas sekali bagi belakang nyaman sekali banyak spot untuk ngadem,Positif
layan bagusbersihmemuaskan,Positif
layan sudah bagusramah,Positif
tugas tidak membedabedakan pasien jkn dengan pasien umum,Positif
bukan hanya layan namun nyaman,Positif
layan sudah bagustingkatkan lagi untuk kayan,Positif
pelanyanan sudah bagys tolong tingkat lagi,Positif
layan sudah cukup baikpertahankan,Positif
layan memuaskanruangan bersihnyaman,Positif
layan sudah cukup baik tingkat lagi biar tambah joos,Positif
layan untuk specialis mata dan bedah mulut sangat lah ramah,Positif
love the vibes of this hospital,Positif
tempat nya luas ruang lengkap tempat parkir nya luas,Positif
hebat,Positif
pasien atas nama tnnyusup pasien dari arinton ruang anyelir 1 layan baik terus tingkat terima kasih,Positif
pasien dengan dokter anton untuk layan ramah dan tepat tidak kecewa dari kamar tulip 1,Positif
pasien dokter happy pasien kamar dahlia 4,Positif
alam saya pada saat mau kontrol nomor surat rujuk kunci kemudian saya di arah untuk minta nomor rujuk baru ke faskes 1dan surat rujuk sebut tidak bisa langsung di pakainunggu hari berikutnyasangat hambat bangetmohon untuk di baik lagi untuk layan khusus di bagi daftar,Negatif
pelayananya sungguh memuaskandan bikin betah,Positif
pasien dari heppy kamar dahlia 4 lama di rawat di sini awat baikbaik konsekuensi dalam bertugasramah hadap pasien,Positif
rekam medis sangat baik,Positif
kalo konsultasi ke spkj kita kira berapa yaamohon jawab,Netral
nice placenice support system,Positif
dokter enak layan ramah pokok jangan lupa datang ke rsgpm unsoed ya kalau mau periksa gigi ya,Positif
cari vaksin untuk anak kesana kemari susah responnya lamakarena saya pasti dahulu belum datang rumah sakit untuk dian hanya di bunda arif tanya admin langsung di respon cepat harga vaksin juga masih sangat affordable price tahan bunda arif untuk layan nya yang fast dan clear,Positif
benerapa hari yang lalu saya ke rumah sakit elisabethsaran saya mohon ada unit informasi sendiri jadi kalau mau tanya tidak bingung masa mau tanya harus nebeng di unit lain sedang unit unit yang lain sibuk semua tau saya di rmh sakit mana begitu masuk lobby sudah langsung ada unit informasi sendiri sayang lho rumah sakit yang begitu megah tidak punya unit informasi terima kasih,Negatif
ketemu awat yang untuk sakit hati cara ngomongnya almh ibu saya masuk kondisi sadar turun msh diblg tidak bs kooperatif gmn mau kooperatif kondisi sadar juga turun dua dy awat tetapi sudah langsung bilang ini telat sudah susah maksud kalau saya bagai anak pasien kita tau kondisi memang sdg krg baik si pasien almh ibu saya tetapi saya mohon untuk sampai keluarga sj jangan di dpn pasien tetapi si awat masih blg dokter juga akan blg gt ini juga tidak akan dgr juga saya ngmg situ saya makin naik darah dan langsung marah karena meski gmn pun saya yakin almh tetap bs dengar hny sj tidak bs merespon saat itu yang saya butuh adlh semangat baik untuk saya atau pasien bukan dgn kata2 yang turut saya tidak pantas bagai orang awat yang bs tentu juga harus dokter bukan awat,Negatif
rumah sakit swasta dengan layan ter ramahh,Positif
ke ugd mau minta surat terang sehat sayang pasien ugd sedang penuh jadi tidak bisa layan tapi tugas terima baik tawar tunggu tapi tidak tau sampai jam berapa atau cari ke rumah sakit lain dan beri pilih rumah sakit yang mungkin besar bisa syukur pindah rumah sakit mengikutibsaran beliau langsung dapat yang bisa layan terima kasih kakak,Positif
layan bagus antri atur dan tidak beda saya bagai pasien bpjs sehat,Positif
kami jenguk rekan yang sakit diklas 1 dalam negeri kagum ruang seperti vip sangat hnya kurang kulkas saja wajarlahad rak sepatu ad tmpat jemur handuk dalam negeri lmari pakai disain ruang juga bagus kombinasi kayuad sofa yang besar dalam negeri empuk bsa bt tidurdn ad ruang bt sholat dalam negeri juga bt istirahat yang lumayan cukuplahad al quran dalam negeri buku dzukir pagi dan petangma syaa alloohsehingga ketika suami sakit minta rawat situ padahal harus di rslain,Positif
cara seluruh rumah sakit islam purwokerto sangat baik dari segi layan tenaga medis dan sarana prasrananya,Positif
alhamdulillah istri lahir di rumah sakit islam layan sangat baik,Positif
sudah beberapa kali ke rumah sakit islam purwokerto dan tidak pernah kecewa sama layan mulai dari satpam bagi daftar awat sampai apotek semua informatif dan ramah fasilitas lengkap parkir luas dan nuansa islami bikin adem,Positif
layan lambatt,Negatif
layan ugd sudah,Netral
ibu saya rawat d 506 prwat ramh2 cekat,Positif
layan mus,Positif
layan radiologi sangat baik,Positif
rawat inap di kamar 508pelayanan suster gercepkomunikatif dokter informatif obat2an manjur,Positif
layan sudah baik banget tempat juga sudah nyaman hanya saya gasuka orang2 yang ruang operasi kurang ramah harus bikin suasana nyaman dengan posisi pasien yang stress karena mau operasi dan mereka berisik banget ada yang ngomongin makan lah canda kaya bukan di rumah sakit tapi overall sudah josjis banget sii utama nurse yang di lantai 4 bantu banget oiya masih heran kenapa antre obat itu lama pake banget ya dan saya terima beri banget sama mas mas cleaning service dia rajin sii karena yang lain cewek tapi yang paling bersih telaten si mas mas the only one tidak sabar pengin hamil lahir di hermina,Positif
layan naik,Positif
untuk radiologi tidak takut untuk di usg dari ya ramah banget,Positif
awat di pantai 4 padma bagusbersihrapi,Positif
layan rekam medis rshermina ramah cantik,Positif
layan hd sangat muas mas cipto suster triana suster indi suster sofi suster ain mas dinar dan mas wiwit sangat baik,Positif
ktk layan baikterimakasih hermina pwt,Positif
awat di lantai 4 padma muas,Positif
kamar no 405 awat mba rosa rumah sakit untuk lahir yang sangat nyaman,Positif
radiologi rumah sakit hermina sangat baik,Positif
dari rumah sudah panik liat ada anak bgtu smpe rumah sakit bingung n untung nya ada pak securiti langsung d arahin bgtu masuk ruang instalasi gawat darurat langsung d tanganin dokter tidak ada drama tunggu atau lambat penanganandokter n staf ramah ruang nya nyaman bersih n sejuk,Positif
rawat d kamar 512 layan cukup memuaskanperawat sopandokter sopanmemuaskan,Positif
alhamdulillah sangat ouas layan poliklinik sangat baik,Positif
radiologi sangat baik,Positif
terima kasih atas layan rawat keluarga kamibaik doctorperawatnya yang ramah moga rumah sakit umum medical lestari bmssemakin maju depa,Positif
